<?xml version="1.0" encoding="UTF-8"?>
<COLLADA xmlns="http://www.collada.org/2005/11/COLLADASchema" version="1.4.1">
    <asset>
        <contributor>
            <author>VCGLab</author>
            <authoring_tool>VCGLib | MeshLab</authoring_tool>
        </contributor>
        <created>mié. sept. 2 11:49:05 2026 GMT</created>
        <modified>mié. sept. 2 11:49:05 2026 GMT</modified>
        <up_axis>Y_UP</up_axis>
    </asset>
    <library_geometries>
        <geometry id="shape0-lib" name="shape0">
            <mesh>
                <source id="shape0-lib-positions" name="position">
                    <float_array id="shape0-lib-positions-array" count="15111">-0.0284627 -0.119147 -0.0121077 -0.0144155 -0.121649 -0.00694214 -0.0201628 -0.120829 -0.0121077 -0.0107584 -0.122054 -0.0120162 -0.0157985 -0.121477 -0.00178431 -0.0155972 -0.121503 0.00356766 -0.0284627 -0.119147 0.0121077 -0.0144155 -0.121649 0.00694214 -0.0201628 -0.120829 0.0121077 -0.122039 -0.0107949 0.0119989 -0.119147 -0.0284627 0.0121077 -0.121649 -0.0144155 0.00694214 -0.121477 -0.0157987 0.00178338 -0.121503 -0.0155986 -0.00356157 -0.119147 -0.0284627 -0.0121077 -0.121649 -0.0144155 -0.00694214 -0.104479 -0.0639556 -0.0121077 -0.104479 -0.0639556 0.0121077 -0.112182 -0.0492077 -0.0121077 -0.112182 -0.0492077 0.0121077 -0.113213 -0.0467875 -0.0121077 -0.113213 -0.0467875 0.0121077 -0.118752 -0.030072 -0.0121077 -0.118752 -0.030072 0.0121077 -0.100833 -0.0695632 -0.00175 -0.102553 -0.0670011 -0.0121077 -0.0989642 -0.0721965 -0.00175 -0.0931625 -0.0795424 -0.0121077 -0.0989642 -0.0721965 0.00175 -0.0931625 -0.0795424 0.0121077 -0.102553 -0.0670011 0.0121077 -0.100833 -0.0695632 0.00175 -0.0795424 -0.0931625 -0.0121077 -0.0795424 -0.0931625 0.0121077 -0.0901262 -0.082967 -0.0121077 -0.0901262 -0.082967 0.0121077 -0.0721965 -0.0989642 -0.00175 -0.0752411 -0.0966697 -0.0121077 -0.0695632 -0.100833 -0.00175 -0.0639556 -0.104479 -0.0121077 -0.0695632 -0.100833 0.00175 -0.0639556 -0.104479 0.0121077 -0.0752411 -0.0966697 0.0121077 -0.0721965 -0.0989642 0.00175 -0.0397757 -0.115863 -0.0121077 -0.0397757 -0.115863 0.0121077 -0.0467875 -0.113213 -0.0121077 -0.0467875 -0.113213 0.0121077 -0.0583036 -0.107736 -0.0121077 -0.0583036 -0.107736 0.0121077 -0.100833 0.0695632 0.00175 -0.100833 0.0695632 -0.00175 -0.104479 0.0639556 -0.0121077 -0.0721965 0.0989642 0.00175 -0.0721965 0.0989642 -0.00175 -0.0795424 0.0931625 -0.0121077 -0.0157999 0.121477 0.00177789 -0.0284627 0.119147 -0.0121077 -0.0107572 0.122054 0.0120164 -0.0201628 0.120829 0.0121077 -0.0144155 0.121649 0.00694214 -0.0284627 0.119147 0.0121077 -0.0155998 0.121503 -0.00355619 -0.0144155 0.121649 -0.00694214 -0.0201628 0.120829 -0.0121077 -0.121649 0.0144155 -0.00694214 -0.119147 0.0284627 -0.0121077 -0.122039 0.0107953 -0.0119988 -0.121477 0.0157999 -0.00177789 -0.119147 0.0284627 0.0121077 -0.121503 0.0155998 0.00355619 -0.121649 0.0144155 0.00694214 -0.0639556 0.104479 -0.0121077 -0.0639556 0.104479 0.0121077 -0.0583036 0.107736 -0.0121077 -0.0583036 0.107736 0.0121077 -0.0467875 0.113213 -0.0121077 -0.0467875 0.113213 0.0121077 -0.0397757 0.115863 -0.0121077 -0.0397757 0.115863 0.0121077 -0.0931625 0.0795424 -0.0121077 -0.0931625 0.0795424 0.0121077 -0.0901262 0.082967 -0.0121077 -0.0901262 0.082967 0.0121077 -0.0795424 0.0931625 0.0121077 -0.0752411 0.0966697 0.0121077 -0.0695632 0.100833 0.00175 -0.0695632 0.100833 -0.00175 -0.0752411 0.0966697 -0.0121077 -0.118752 0.030072 -0.0121077 -0.118752 0.030072 0.0121077 -0.113213 0.0467875 -0.0121077 -0.113213 0.0467875 0.0121077 -0.112182 0.0492077 -0.0121077 -0.112182 0.0492077 0.0121077 -0.104479 0.0639556 0.0121077 -0.102553 0.0670011 0.0121077 -0.0989642 0.0721965 0.00175 -0.0989642 0.0721965 -0.00175 -0.102553 0.0670011 -0.0121077 0.122039 0.0107949 0.0119989 0.119147 0.0284627 0.0121077 0.121649 0.0144155 0.00694214 0.121477 0.0157987 0.00178338 0.121503 0.0155986 -0.00356157 0.119147 0.0284627 -0.0121077 0.121649 0.0144155 -0.00694214 0.0284627 0.119147 -0.0121077 0.0144155 0.121649 -0.00694214 0.0201628 0.120829 -0.0121077 0.0107567 0.122054 -0.0120165 0.0157987 0.121477 -0.00178338 0.0155986 0.121503 0.00356157 0.0284627 0.119147 0.0121077 0.0144155 0.121649 0.00694214 0.0201628 0.120829 0.0121077 0.104479 0.0639556 -0.0121077 0.104479 0.0639556 0.0121077 0.112182 0.0492077 -0.0121077 0.112182 0.0492077 0.0121077 0.113213 0.0467875 -0.0121077 0.113213 0.0467875 0.0121077 0.118752 0.030072 -0.0121077 0.118752 0.030072 0.0121077 0.100833 0.0695632 -0.00175 0.102553 0.0670011 -0.0121077 0.0989642 0.0721965 -0.00175 0.0931625 0.0795424 -0.0121077 0.0989642 0.0721965 0.00175 0.0931625 0.0795424 0.0121077 0.102553 0.0670011 0.0121077 0.100833 0.0695632 0.00175 0.0795424 0.0931625 -0.0121077 0.0795424 0.0931625 0.0121077 0.0901262 0.082967 -0.0121077 0.0901262 0.082967 0.0121077 0.0721965 0.0989642 -0.00175 0.0752411 0.0966697 -0.0121077 0.0695632 0.100833 -0.00175 0.0639556 0.104479 -0.0121077 0.0695632 0.100833 0.00175 0.0639556 0.104479 0.0121077 0.0752411 0.0966697 0.0121077 0.0721965 0.0989642 0.00175 0.0397757 0.115863 -0.0121077 0.0397757 0.115863 0.0121077 0.0467875 0.113213 -0.0121077 0.0467875 0.113213 0.0121077 0.0583036 0.107736 -0.0121077 0.0583036 0.107736 0.0121077 0.100833 -0.0695632 0.00175 0.100833 -0.0695632 -0.00175 0.104479 -0.0639556 -0.0121077 0.0721965 -0.0989642 0.00175 0.0721965 -0.0989642 -0.00175 0.0795424 -0.0931625 -0.0121077 0.0284627 -0.119147 0.0121077 0.0144155 -0.121649 0.00694214 0.0201628 -0.120829 0.0121077 0.0107584 -0.122054 0.0120162 0.0157985 -0.121477 0.00178431 0.0155972 -0.121503 -0.00356766 0.0284627 -0.119147 -0.0121077 0.0144155 -0.121649 -0.00694214 0.0201628 -0.120829 -0.0121077 0.121649 -0.0144155 -0.00694214 0.119147 -0.0284627 -0.0121077 0.122039 -0.0107953 -0.0119988 0.121477 -0.0157999 -0.00177789 0.119147 -0.0284627 0.0121077 0.121503 -0.0155998 0.00355619 0.121649 -0.0144155 0.00694214 0.0639556 -0.104479 -0.0121077 0.0639556 -0.104479 0.0121077 0.0583036 -0.107736 -0.0121077 0.0583036 -0.107736 0.0121077 0.0467875 -0.113213 -0.0121077 0.0467875 -0.113213 0.0121077 0.0397757 -0.115863 -0.0121077 0.0397757 -0.115863 0.0121077 0.0931625 -0.0795424 -0.0121077 0.0931625 -0.0795424 0.0121077 0.0901262 -0.082967 -0.0121077 0.0901262 -0.082967 0.0121077 0.0795424 -0.0931625 0.0121077 0.0752411 -0.0966697 0.0121077 0.0695632 -0.100833 0.00175 0.0695632 -0.100833 -0.00175 0.0752411 -0.0966697 -0.0121077 0.118752 -0.030072 -0.0121077 0.118752 -0.030072 0.0121077 0.113213 -0.0467875 -0.0121077 0.113213 -0.0467875 0.0121077 0.112182 -0.0492077 -0.0121077 0.112182 -0.0492077 0.0121077 0.104479 -0.0639556 0.0121077 0.102553 -0.0670011 0.0121077 0.0989642 -0.0721965 0.00175 0.0989642 -0.0721965 -0.00175 0.102553 -0.0670011 -0.0121077 0.000786202 0.0252555 0.0265234 -0.00358448 -0.0616737 0.0265 0.00379402 -0.00819928 0.026725 -0.00314411 0.0162865 0.0265 -0.00720071 -0.00619809 0.0267203 -0.00600269 -0.00186124 0.0265 -0.00870811 -0.00665167 0.0265 -0.0078323 -0.0101562 0.0265937 -0.00507215 -0.00695048 0.0265 0.00146862 0.0174268 0.0265 -0.00251872 0.0143112 0.0265 -0.00529465 0.00716678 0.0265 -0.00116288 0.00654341 0.02665 -0.00529909 0.00189311 0.0265 -0.00475584 0.00383237 0.0266828 0.00358448 0.0616738 0.0265 0.0107309 0.048712 0.0265 0.00992134 0.0473024 0.0265 0.00629368 0.0497628 0.0265844 0.00978002 0.0479437 0.026725 0.00974845 0.013596 0.0266852 0.0102578 0.0169637 0.026725 0.00768886 0.013363 0.0265 0.0122289 0.0163518 0.0265 0.00286853 -0.00913006 0.0265 0.00445842 -0.0124075 0.0265 0.00679344 -0.00930954 0.0266875 0.000307026 -0.0151254 0.0265 0.00330414 -0.0174184 0.0265 -0.00299101 -0.033334 0.0265 -0.00528733 -0.048748 0.0265 -0.00772464 -0.0495219 0.0266336 -0.0168944 -0.0378995 0.0265 -0.0179009 -0.0433429 0.0265 -0.0185758 -0.0507648 0.0265 -0.0320793 -0.056368 0.0265 -0.033244 -0.0583853 0.0265 -0.0277326 -0.0552033 0.0265 -0.030062 -0.0638966 0.0265 -0.0298951 -0.0671456 0.026366 -0.0320793 -0.0627319 0.0265 -0.033244 -0.0607146 0.0265 -0.030062 -0.0552033 0.0265 -0.0397042 -0.061139 0.0265 -0.0121813 -0.0285252 0.0265 0.0120825 0.0195762 0.0265 0.0149471 0.0382554 0.0265 0.0174639 0.042241 0.0265 0.0195062 0.049388 0.0265 0.0439877 -0.0589587 0.0264997 0.0330959 -0.0649543 0.0265 0.0606006 -0.0401477 0.0265 0.068058 -0.026125 0.0265 0.0727237 -0.00441827 0.0265 0.0726001 0.00763058 0.0265 0.0704896 0.018393 0.0265 0.0635331 0.0357668 0.0265 0.0126867 0.0289792 0.0265 0.0174663 0.0360746 0.0265 0.014714 0.0337397 0.0265 0.0183083 0.0461032 0.0265 0.0567169 0.0470696 0.0264995 0.033244 0.0583853 0.0265 0.033244 0.0607146 0.0265 0.0277326 0.0552033 0.0265 0.0212365 0.053045 0.0265 0.0458774 0.0566539 0.0265 0.0320793 0.056368 0.0265 0.030062 0.0552033 0.0265 0.030062 0.0638966 0.0265 0.00591385 0.0703671 0.0265 0.0318584 0.0629257 0.0265 0.0330959 0.0649543 0.0265 0.00358448 0.0703671 0.0265 8.93992e-18 0.073 0.0265 0.0114041 0.0720024 0.0265 0.00156718 0.0692024 0.0265 0.000402499 0.0671851 0.0265 0.000402499 0.0648557 0.0265 0.00156718 0.0628384 0.0265 -0.0169812 0.0707148 0.0265 -0.0665487 0.0315971 0.0264999 -0.0712331 0.0189004 0.0265 -0.0148551 -0.0348987 0.0265 -0.0131649 -0.032401 0.0265 -0.0185264 -0.0459322 0.0265 -0.0167269 -0.0457704 0.0266313 -0.00156718 -0.0692024 0.0265 0 -0.073 0.0265 -0.00358448 -0.0703671 0.0265 -0.00763058 -0.0726001 0.0265 -0.00591385 -0.0703671 0.0265 -0.0188679 -0.070416 0.0265 -0.000402499 -0.0671851 0.0265 -0.000402499 -0.0648557 0.0265 0.0101432 0.0537506 0.0265 -0.00156718 -0.0628384 0.0265 -0.00330352 -0.037651 0.0265867 -0.00547535 -0.0420093 0.0265656 0.0106866 0.00641614 0.0265 0.00560051 0.00558128 0.0265 0.00735589 0.00251326 0.0265 0.011251 0.0110344 0.026575 0.00799819 0.00330631 0.0267344 0.00276481 0.0220361 0.0265 -0.000635349 0.0220586 0.0265 -0.00418781 -0.000271906 0.0265 -0.000837441 0.00576613 0.0265 -0.0488465 0.0542496 0.0265 -0.0380021 0.0620063 0.0265 0.0169812 -0.0707148 0.0265 0.0722107 -0.012082 0.0265 0.00912869 0.0440872 0.0265562 0.00500281 0.0450951 0.0265 -0.0786385 0.00751161 0.0195 -0.0838898 0.00508327 0.0195 -0.0244123 0.0751335 0.0195 0.0494324 0.0615346 0.0195 -0.070109 0.0463472 0.0195 0.055956 -0.0554843 0.0195 0.0647819 -0.0452139 0.0195 0.0770193 -0.0166614 0.0195 0.0838898 -0.00508329 0.0195 0.0599029 0.0515039 0.0195 -0.0557849 0.0557849 0.0195 -0.0643471 0.0458245 0.0195 -0.016425 0.0772737 0.0195 -0.00686323 0.0818836 0.0195 -0.00825775 0.0785672 0.0195 -0.0721701 0.0321322 0.0195 -0.0743449 0.0349981 0.0195 -0.0751335 0.0244123 0.0195 -0.0772737 0.016425 0.0195 -0.114376 0.00947746 0.0195 -0.114376 -0.00947746 0.0195 0.0960799 0.0627721 0.0195 0.085157 0.00437551 0.0195 0.0546235 0.100935 0.0195 0.0322776 0.0718856 0.0192234 0.0204187 0.0762036 0.0195 0.114376 0.00947746 0.0195 0.114376 -0.00947746 0.0195 0.0866515 -0.00106043 0.0195 0.111256 -0.0281739 0.0195 0.105101 -0.0461018 0.0195 0.111256 0.0281739 0.0195 0.105101 0.0461018 0.0195 0.0775337 0.00878504 0.0196671 0.0782045 0.0111827 0.0195 0.0758341 0.0221402 0.0195 -0.0335251 0.0755918 0.0195 -0.0704919 0.090568 0.0195 -0.0546235 -0.100935 0.0195 -0.0704919 -0.090568 0.0195 -0.0713374 -0.0465552 0.0195 -0.0844375 -0.0777302 0.0195 -0.0960799 -0.0627721 0.0195 -0.0762442 -0.0422341 0.0195 -0.105101 -0.0461018 0.0195 -0.111256 -0.0281739 0.0195 -0.0651246 -0.045782 0.0193398 -0.0557849 -0.0557849 0.0195 0.0459964 -0.0634267 0.0194833 0.0372651 0.10855 0.0195 0.0188902 0.113203 0.0195 0.000402705 0.11481 0.0194999 -0.0188902 0.113203 0.0195 -0.00398719 0.0852383 0.0195 -0.0372651 0.10855 0.0195 -0.0546235 0.100935 0.0195 -0.0844375 0.0777302 0.0195 -0.0960799 0.0627721 0.0195 -0.105101 0.0461018 0.0195 -0.111256 0.0281739 0.0195 -0.075773 0.0390826 0.0194999 -0.0752679 -0.0362899 0.0195 -0.0254744 -0.073971 0.0196522 -0.0156173 -0.0774409 0.0195 0.0757645 -0.038804 0.0195 0.0719365 -0.0326518 0.0195 0.0688441 0.0465881 0.0195 0.0704919 0.090568 0.0195 0.0844375 0.0777302 0.0195 0.0451308 0.077054 0.0195 0.0404594 0.0787184 0.0195 -0.0353473 -0.0768464 0.0195 0.0156173 -0.0774409 0.0195 0.00676546 -0.0787098 0.0195 0.0704919 -0.090568 0.0195 0.0844375 -0.0777302 0.0195 0.0960799 -0.0627721 0.0195 -0.0404594 -0.0787184 0.0195 0.0441653 -0.0776114 0.0195 -0.0792906 -0.00708609 0.0193398 -0.0762036 -0.0204187 0.0195 -0.0718587 -0.032814 0.0195 -0.0485253 -0.0709076 0.0194999 -0.0451308 -0.077054 0.0195 0.0335251 -0.0755918 0.0195 0.0394674 -0.0779331 0.0194999 -0.0372651 -0.10855 0.0195 -0.0188902 -0.113203 0.0195 -0.000402705 -0.11481 0.0194999 0.0188902 -0.113203 0.0195 0.0372651 -0.10855 0.0195 0.00566743 -0.08299 0.0195 0.0546235 -0.100935 0.0195 -0.0649519 0.0375 0.0235 -0.0420572 0.0629568 0.0215118 -0.075 1.37773e-17 0.0235 -0.0765782 0.00804869 0.0200359 -0.0751221 0.00789565 0.0215 -0.0745891 0.00783964 0.0235 -0.0745891 -0.00783964 0.0235 -0.0751221 -0.00789565 0.0215 -0.070343 -0.0313187 0.0200359 -0.0681742 -0.0349133 0.020112 -0.0690055 -0.0307232 0.0215 -0.0685159 -0.0305052 0.0235 -0.0608931 -0.0442414 0.0225 -0.0515231 -0.0572222 0.0200359 -0.0464303 -0.0643545 0.0192234 -0.0443136 -0.0628229 0.0199628 -0.0440839 0.0606763 0.024 -0.0515231 0.0572222 0.0200359 -0.0622943 0.0452595 0.0200359 -0.0643229 0.041584 0.020112 -0.0611098 0.0443989 0.0215 -0.0606763 0.0440839 0.0235 -0.0685159 0.0305052 0.0235 -0.0690055 0.0307232 0.0215 -0.070343 0.0313187 0.0200359 -0.0597582 -0.0483913 0.0200359 -0.0759478 -0.0120289 0.0200359 -0.0732314 -0.0237943 0.0200359 -0.0732314 0.0237943 0.0200359 -0.0753174 0.0160092 0.0200359 -0.0572222 0.0515231 0.0200359 -0.0561341 -0.0505434 0.0215 -0.0505434 -0.0561341 0.0215 -0.0738853 -0.0157048 0.0215 -0.0718389 -0.0233419 0.0215 -0.0718389 0.0233419 0.0215 -0.0738853 0.0157048 0.0215 -0.0505434 0.0561341 0.0215 -0.0561341 0.0505434 0.0215 -0.0557359 -0.0501848 0.0235 -0.0501848 -0.0557359 0.0235 -0.0733611 -0.0155934 0.0235 -0.0713292 -0.0231763 0.0235 -0.0713292 0.0231763 0.0235 -0.0733611 0.0155934 0.0235 -0.0501848 0.0557359 0.0235 -0.0557359 0.0501848 0.0235 -0.0777353 -0.0016 0.0305 -0.0773888 0.000207244 0.0198378 -0.0777353 0.0016 0.0305 -0.0777353 0.0016 0.0197 -0.0777346 -0.00159872 0.0197 -0.0789066 -0.00277128 0.0305 -0.0789066 -0.00277128 0.0197 -0.0805066 -0.0032 0.0305 -0.0805066 -0.0032 0.0197 -0.0821066 -0.00277128 0.0305 -0.0821066 -0.00277128 0.0197 -0.0832779 -0.0016 0.0305 -0.0832779 -0.0016 0.0197 -0.0837066 -1.09292e-15 0.0305 -0.0832779 0.0016 0.0305 -0.0832779 0.0016 0.0197 -0.0821066 0.00277128 0.0305 -0.0821066 0.00277128 0.0197 -0.0805066 0.0032 0.0305 -0.0805066 0.0032 0.0197 -0.0789066 0.00277128 0.0305 -0.0789066 0.00277128 0.0197 0.0685714 0.0311244 0.0219693 0.06425 0.0440532 0.0197424 0.0587422 0.0505059 0.0198045 0.0643034 0.0415017 0.0200542 0.0577582 0.0496599 0.0206716 0.0681704 -0.0354548 0.0197746 0.0699518 -0.0317509 0.020238 0.0501471 -0.0573357 0.0206716 0.0495762 -0.056683 0.0219693 0.0510014 -0.0583125 0.0198045 0.0634752 -0.0405175 0.0219693 0.0639438 -0.0412544 0.0207483 0.061389 -0.0470158 0.0198349 0.0577582 -0.0496599 0.0206716 0.0571007 -0.0490946 0.0219693 0.0685714 -0.0311244 0.0219693 0.0648716 -0.0390767 0.0209228 0.0766892 -0.010966 0.0198045 0.07921 -0.00594922 0.0191978 0.0754046 -0.0107823 0.0206716 0.0754046 0.0107823 0.0206716 0.0745462 0.0106596 0.0219693 0.0753692 0.000512051 0.0218106 0.0762811 -0.00368008 0.02049 0.0745462 -0.0106596 0.0219693 0.0764727 0.00457162 0.0203653 0.0711423 0.0325464 0.0196522 0.069361 0.0314827 0.0206716 0.0643872 0.0391537 0.0217363 0.0510014 0.0583125 0.0198045 0.0495762 0.056683 0.0219693 0.0743647 -0.0217112 0.0198045 0.0501471 0.0573357 0.0206716 0.0436753 0.0624675 0.0206522 0.073119 -0.0213475 0.0206716 0.0571007 0.0490946 0.0219693 0.0722867 -0.0211045 0.0219693 0.0493758 0.0564538 0.0235 0.0563028 0.0495404 0.0235 0.0640852 0.0389268 0.02375 0.0722867 0.0211045 0.0219693 0.073119 0.0213475 0.0206716 0.0743647 0.0217112 0.0198045 0.0731196 -0.0158178 0.0235 0.068405 -0.0307519 0.024 0.0632185 -0.0403536 0.0235 0.0560194 -0.0498626 0.024 0.0681207 -0.037482 0.0305 0.0669495 -0.0386533 0.0305 0.0669171 -0.0388739 0.0198378 0.0665207 -0.0402533 0.0305 0.0665208 -0.0402518 0.0197 0.0681195 -0.0374827 0.0197 0.0697207 -0.0370533 0.0197 0.0713207 -0.037482 0.0197 0.072492 -0.0386533 0.0305 0.072492 -0.0386533 0.0197 0.0729207 -0.0402533 0.0305 0.0729207 -0.0402533 0.0197 0.072492 -0.0418533 0.0305 0.072492 -0.0418533 0.0197 0.0713207 -0.0430246 0.0305 0.0713207 -0.0430246 0.0197 0.0697207 -0.0434533 0.0305 0.0697207 -0.0434533 0.0197 0.0681207 -0.0430246 0.0305 0.0681207 -0.0430246 0.0197 0.0669495 -0.0418533 0.0305 0.0669495 -0.0418533 0.0197 0.0665207 0.0402533 0.0305 0.0669495 0.0386533 0.0305 0.0671243 0.0385149 0.0198378 0.0681207 0.037482 0.0305 0.0681195 0.0374827 0.0197 0.0665207 0.0402533 0.0197 0.0669495 0.0418533 0.0305 0.0669495 0.0418533 0.0197 0.0681207 0.0430246 0.0305 0.0681207 0.0430246 0.0197 0.0697207 0.0434533 0.0305 0.0697207 0.0434533 0.0197 0.0713207 0.0430246 0.0305 0.0713207 0.0430246 0.0197 0.072492 0.0418533 0.0305 0.072492 0.0418533 0.0197 0.0729207 0.0402533 0.0305 0.0729207 0.0402533 0.0197 0.072492 0.0386533 0.0305 0.072492 0.0386533 0.0197 0.0713207 0.037482 0.0305 0.0713207 0.037482 0.0197 0.0697207 0.0370533 0.0305 0.0697207 0.0370533 0.0197 -0.0016 0.0777353 0.0305 -1.19801e-08 0.0773066 0.0305 0.000207244 0.0773888 0.0198378 0.0016 0.0777353 0.0305 0.00159872 0.0777346 0.0197 -0.0016 0.0777353 0.0197 -0.00277128 0.0789066 0.0197 -0.0032 0.0805066 0.0305 -0.0032 0.0805066 0.0197 -0.00277128 0.0821066 0.0305 -0.00277128 0.0821066 0.0197 -0.0016 0.0832779 0.0305 -0.0016 0.0832779 0.0197 -5.12592e-18 0.0837066 0.0305 0.0016 0.0832779 0.0305 0.0016 0.0832779 0.0197 0.00277128 0.0821066 0.0305 0.00277128 0.0821066 0.0197 0.0032 0.0805066 0.0305 0.0032 0.0805066 0.0197 0.00277128 0.0789066 0.0305 0.00277128 0.0789066 0.0197 0.0318293 0.0684554 0.0215368 0.0305052 0.0685159 0.024 0.0237943 0.0732314 0.0200359 0.0120289 0.0759478 0.0200359 0.00789565 0.0751221 0.0215 0.00783964 0.0745891 0.0235 -0.00786764 0.0748556 0.0225 -0.00804869 0.0765782 0.0200359 -0.0237943 0.0732314 0.0200359 -0.0325174 0.0723871 0.0192234 -0.0332746 0.0704447 0.0192674 -0.0318668 0.0685112 0.0213625 -0.0160092 0.0753174 0.0200359 -0.0157048 0.0738853 0.0215 -0.0233419 0.0718389 0.0215 0.0233419 0.0718389 0.0215 0.0157048 0.0738853 0.0215 -0.0155934 0.0733611 0.0235 -0.0231763 0.0713292 0.0235 0.0231763 0.0713292 0.0235 0.0155934 0.0733611 0.0235 -0.0681207 0.037482 0.0305 -0.0669495 0.0386533 0.0305 -0.0669171 0.0388739 0.0198378 -0.0665207 0.0402533 0.0305 -0.0665207 0.0402533 0.0197 -0.0681207 0.037482 0.0197 -0.0697207 0.0370533 0.0197 -0.0713207 0.037482 0.0305 -0.0713207 0.037482 0.0197 -0.072492 0.0386533 0.0305 -0.072492 0.0386533 0.0197 -0.0729207 0.0402533 0.0305 -0.0729207 0.0402533 0.0197 -0.072492 0.0418533 0.0305 -0.072492 0.0418533 0.0197 -0.0713207 0.0430246 0.0305 -0.0713207 0.0430246 0.0197 -0.0697207 0.0434533 0.0305 -0.0697207 0.0434533 0.0197 -0.0681207 0.0430246 0.0305 -0.0681207 0.0430246 0.0197 -0.0669495 0.0418533 0.0305 -0.0669495 0.0418533 0.0197 -0.0665207 -0.0402533 0.0305 -0.0669495 -0.0386533 0.0305 -0.0671243 -0.0385149 0.0198378 -0.0681207 -0.037482 0.0305 -0.0681207 -0.037482 0.0197 -0.0665208 -0.0402518 0.0197 -0.0669495 -0.0418533 0.0305 -0.0669495 -0.0418533 0.0197 -0.0681207 -0.0430246 0.0305 -0.0681207 -0.0430246 0.0197 -0.0697207 -0.0434533 0.0305 -0.0697207 -0.0434533 0.0197 -0.0713207 -0.0430246 0.0305 -0.0713207 -0.0430246 0.0197 -0.072492 -0.0418533 0.0305 -0.072492 -0.0418533 0.0197 -0.0729207 -0.0402533 0.0305 -0.0729207 -0.0402533 0.0197 -0.072492 -0.0386533 0.0305 -0.072492 -0.0386533 0.0197 -0.0713207 -0.037482 0.0197 -0.0697207 -0.0370533 0.0305 -0.0697207 -0.0370533 0.0197 0.0777353 0.0016 0.0305 0.0773888 -0.000207244 0.0198378 0.0777353 -0.0016 0.0305 0.0777346 -0.00159872 0.0197 0.0777353 0.0016 0.0197 0.0789066 0.00277128 0.0305 0.0789066 0.00277128 0.0197 0.0805066 0.0032 0.0305 0.0805066 0.0032 0.0197 0.0821066 0.00277128 0.0305 0.0821066 0.00277128 0.0197 0.0832779 0.0016 0.0305 0.0832779 0.0016 0.0197 0.0837066 1.04687e-15 0.0305 0.0832779 -0.0016 0.0305 0.0832779 -0.0016 0.0197 0.0821066 -0.00277128 0.0305 0.0821066 -0.00277128 0.0197 0.0805066 -0.0032 0.0305 0.0805066 -0.0032 0.0197 0.0789066 -0.00277128 0.0305 0.0789066 -0.00277128 0.0197 0.0016 -0.0777353 0.0305 1.81297e-18 -0.0773066 0.0305 -0.000207244 -0.0773888 0.0198378 -0.0016 -0.0777353 0.0305 -0.0016 -0.0777353 0.0197 0.00159872 -0.0777346 0.0197 0.00277128 -0.0789066 0.0197 0.0032 -0.0805066 0.0305 0.0032 -0.0805066 0.0197 0.00277128 -0.0821066 0.0305 0.00277128 -0.0821066 0.0197 0.0016 -0.0832779 0.0305 0.0016 -0.0832779 0.0197 0 -0.0837066 0.0305 -7.83774e-19 -0.0837066 0.0197 -0.0016 -0.0832779 0.0305 -0.0016 -0.0832779 0.0197 -0.00277128 -0.0821066 0.0305 -0.00277128 -0.0821066 0.0197 -0.0032 -0.0805066 0.0305 -0.0032 -0.0805066 0.0197 -0.00277128 -0.0789066 0.0305 -0.00277128 -0.0789066 0.0197 0.00577757 -0.077408 0.0198363 0.0153147 -0.0759404 0.0198045 -0.0248027 -0.0720204 0.0206716 -0.0241595 -0.0711607 0.0229846 -0.0153147 -0.0759404 0.0198045 -0.0150581 -0.0746683 0.0206716 -0.0051559 -0.0767387 0.0200884 -0.00648118 -0.0782051 0.019571 0.000283871 -0.0755104 0.0212895 0.00499148 -0.0751389 0.0219693 -0.00499148 -0.0751389 0.0219693 -0.00504895 -0.0760041 0.0206716 -0.00346567 -0.0765796 0.0197357 0.00504895 -0.0760041 0.0206716 0.0150581 -0.0746683 0.0206716 0.0269573 -0.0733925 0.0196522 0.0245203 -0.0712005 0.0219693 0.0248027 -0.0720204 0.0206716 0.0322607 -0.0690577 0.0206522 0.0148867 -0.0738184 0.0219693 -0.0148867 -0.0738184 0.0219693 0.0329147 -0.0676383 0.0222074 -0.00640547 -0.0747121 0.024 -0.0480568 0.0719221 -0.0345 -0.0331021 0.0799156 -0.0345 -0.0415783 0.0720157 -0.0345 -0.0402533 0.0723707 -0.0345 -0.0379579 0.0710448 -0.0345 -0.0389283 0.0720157 -0.0345 -0.0415783 0.0674258 -0.0345 -0.0402533 0.0670707 -0.0345 -0.0389282 0.0674258 -0.0345 -0.0379583 0.0683957 -0.0345 -0.0376033 0.0697207 -0.0345 -0.0719221 0.0480568 -0.0345 -0.0425483 0.0683957 -0.0345 -0.0611647 0.0611647 -0.0345 -0.0429033 0.0697207 -0.0345 -0.0425483 0.0710457 -0.0345 -0.0799156 0.0331021 -0.0345 -0.0730184 0.0192798 -0.0345 -0.0848379 0.0168753 -0.0345 0.0480568 0.0719221 -0.0345 0.0425483 0.0710457 -0.0345 0.0415783 0.0720157 -0.0345 0.0331021 0.0799156 -0.0345 0.0611647 0.0611647 -0.0345 0.0425483 0.0683957 -0.0345 0.0429033 0.0697207 -0.0345 -0.0168755 0.0848379 -0.0345 -1.54063e-07 0.0865 -0.0345 0.0848379 0.0168753 -0.0345 0.0865 -5.2966e-18 -0.0345 0.0799156 0.0331021 -0.0345 0.0719221 0.0480568 -0.0345 0.0415778 0.0674255 -0.0345 0.0402533 0.0723707 -0.0345 0.0389283 0.0720157 -0.0345 0.0168753 0.0848379 -0.0345 0.0379583 0.0710457 -0.0345 0.0376033 0.0697207 -0.0345 0.0389283 0.0674257 -0.0345 0.040253 0.0670707 -0.0345002 0.0379583 0.0683957 -0.0345 0.0402541 -0.0670708 -0.0345 0.0415783 -0.0674258 -0.0345 0.0389282 -0.0674258 -0.0345003 0.0376033 -0.0697207 -0.0345 0.0379583 -0.0710457 -0.0345 0.0719221 -0.0480568 -0.0345 0.0480568 -0.0719221 -0.0345 0.0331021 -0.0799156 -0.0345 0.0415783 -0.0720157 -0.0345 0.0402533 -0.0723707 -0.0345 0.0379584 -0.0683956 -0.0345 0.0168754 -0.0848379 -0.0345 0.0389283 -0.0720157 -0.0345 0.0425483 -0.0683957 -0.0345 0.0611647 -0.0611647 -0.0345 0.0429033 -0.0697207 -0.0345 0.0425483 -0.0710457 -0.0345 0.0799156 -0.033102 -0.0345 0.0848379 -0.0168753 -0.0345 -0.0719221 -0.0480568 -0.0345 -0.0799156 -0.0331021 -0.0345 -0.0415783 -0.0674258 -0.0345 -0.0402532 -0.0670707 -0.0345 -0.0389282 -0.0674258 -0.0345 -0.0379583 -0.0683957 -0.0345 -0.0429033 -0.0697207 -0.0345 -0.0480568 -0.0719221 -0.0345 -0.0425483 -0.0683957 -0.0345 -0.0611647 -0.0611647 -0.0345 -0.0425483 -0.0710457 -0.0345 -0.0415783 -0.0720157 -0.0345 -0.0331021 -0.0799156 -0.0345 -0.0402533 -0.0723707 -0.0345 -0.0389283 -0.0720157 -0.0345 -0.0168753 -0.0848379 -0.0345 -0.0379583 -0.0710457 -0.0345 -0.0376033 -0.0697207 -0.0345 5.1412e-08 -0.0865 -0.0345 -0.0865 -1.41735e-08 -0.0345 -0.0848379 -0.0168753 -0.0345 -0.0152428 0.0692488 -0.0345001 0.0658706 -0.0262452 -0.0345002 -0.0297729 0.0643531 -0.0345002 -0.0429108 0.0564482 -0.0345001 -0.0226406 -0.0671949 -0.0345001 -0.0708026 0.0038388 -0.0345001 -0.0683218 0.0189705 -0.0345011 0.0708026 0.00383879 -0.0345001 0.0699725 -0.0114714 -0.0345001 -0.0365561 -0.0607568 -0.0345001 -0.0487624 -0.0514779 -0.0345001 0.0226406 -0.0671948 -0.0345001 0.00766636 -0.0704909 -0.0345002 0.0365562 -0.0607568 -0.0345001 0.0297729 0.0643531 -0.0345001 0.0429108 0.0564482 -0.0345001 0.0540423 0.0459039 -0.0345001 0.0626473 0.0332124 -0.0345014 0.068322 0.0189696 -0.0345001 0.106688 0.0467975 -0.0225 0.112935 0.0285991 -0.0225 0.116102 -0.00962049 -0.0225 0.112935 -0.0285991 -0.0225 0.0887611 -0.0176557 -0.0225 -0.0378275 0.110188 -0.0225 -0.0191753 0.114911 -0.0225 -0.0176557 0.0887611 -0.0225 -0.0857118 0.0789033 -0.0225 -0.0715558 0.0919349 -0.0225 0.0900642 -0.00887055 -0.0225 0.116102 0.00962049 -0.0225 0.0902821 0.00443528 -0.0225 0.0887611 0.0176557 -0.0225 0.0715558 0.0919349 -0.0225 0.0857118 0.0789033 -0.0225 0.0639932 0.0639932 -0.0225 -0.0304518 0.0851071 -0.0225 -0.0554479 0.102459 -0.0225 -0.0426614 0.0798139 -0.0225 -0.0538458 0.0726027 -0.0225 -0.112935 0.0285991 -0.0225 -0.106688 0.0467975 -0.0225 -0.112935 -0.0285991 -0.0225 -0.116102 -0.00962049 -0.0225 -0.0887611 -0.0176557 -0.0225 -0.106688 -0.0467975 -0.0225 0.0851071 0.0304518 -0.0225 0.0798139 0.0426614 -0.0225 0.0975299 0.0637195 -0.0225 0.0726027 0.0538458 -0.0225 -0.0639932 0.0639932 -0.0225 -0.0975299 0.0637195 -0.0225 -0.0726027 0.0538458 -0.0225 -0.0798139 0.0426614 -0.0225 0.106688 -0.0467975 -0.0225 0.0851071 -0.0304518 -0.0225 0.0191753 0.114911 -0.0225 0.0378275 0.110188 -0.0225 -0.0851071 0.0304518 -0.0225 -0.0887611 0.0176557 -0.0225 -0.116102 0.00962049 -0.0225 -0.0900642 0.00887055 -0.0225 -0.0902821 -0.00443528 -0.0225 -0.0851071 -0.0304518 -0.0225 -0.0798139 -0.0426614 -0.0225 -0.0975299 -0.0637195 -0.0225 -0.0857118 -0.0789033 -0.0225 0.0857118 -0.0789033 -0.0225 0.0975299 -0.0637195 -0.0225 0.0726027 -0.0538458 -0.0225 0.0798139 -0.0426614 -0.0225 0.0176557 0.0887611 -0.0225 0.00887055 0.0900642 -0.0225 1.42671e-17 0.1165 -0.0225 -0.00443528 0.0902821 -0.0225 -0.0715558 -0.0919349 -0.0225 -0.0554479 -0.102459 -0.0225 -0.0426614 -0.0798139 -0.0225 -0.0378275 -0.110188 -0.0225 -0.0304518 -0.0851071 -0.0225 -0.0191753 -0.114911 -0.0225 0.0538458 0.0726027 -0.0225 0.0554479 0.102459 -0.0225 0.0426614 0.0798139 -0.0225 0.0304518 0.0851071 -0.0225 -0.0726027 -0.0538458 -0.0225 -0.0639932 -0.0639932 -0.0225 -0.0538458 -0.0726027 -0.0225 -0.0176557 -0.0887611 -0.0225 -0.00887055 -0.0900642 -0.0225 0 -0.1165 -0.0225 0.0191753 -0.114911 -0.0225 0.00443528 -0.0902821 -0.0225 0.0176557 -0.0887611 -0.0225 0.0378275 -0.110188 -0.0225 0.0715558 -0.0919349 -0.0225 0.0639932 -0.0639932 -0.0225 0.0304518 -0.0851071 -0.0225 0.0554479 -0.102459 -0.0225 0.0426614 -0.0798139 -0.0225 0.0538458 -0.0726027 -0.0225 0.035548 -0.0660035 0.0234306 0.0375 -0.0649519 -0.0185 0.0338309 -0.0669363 0.0211641 0.0410531 -0.0627666 0.0211641 0.042853 -0.0616127 0.0230724 0.0649519 -0.0375 0.024 0.0606763 -0.0440839 0.0245 0.0497803 -0.0560948 0.024 0.0745891 -0.00783964 0.024 0.0713292 -0.0231763 0.024 0.0713681 0.0225956 0.024625 0.073451 0.0143213 0.02475 0.0744559 0.00782563 0.02475 0.075 5.53724e-16 0.024 0.068405 0.0307519 0.024 0.0375 0.0649519 -0.0185 0.0410535 0.0627666 -0.0185271 0.0411465 0.0627164 0.0196279 0.035544 0.066005 0.0234993 0.0416963 0.0624733 0.0222843 -0.0375 0.0649519 -0.0185 -0.0410531 0.0627666 0.0211641 -0.037469 0.064894 0.023465 -0.0393867 -0.0637872 0.0234306 -0.0375 -0.0649519 -0.0185 -0.0410535 -0.0627666 -0.0185271 -0.0411465 -0.0627164 0.0196279 -0.0319317 -0.0679182 0.0230724 -0.0440839 -0.0606763 0.024 -0.0154697 -0.0732499 0.02475 0.0154697 -0.0732499 0.02475 0.00710855 -0.0745174 0.02475 5.17999e-19 -0.074866 0.02475 0.0304508 -0.0683935 0.02475 0.0237987 -0.0711209 0.024 0.0399637 -0.0767148 -0.0165 0.0399637 -0.0767148 -0.0188 0.0245819 -0.0829336 -0.0165 0.0245819 -0.0829336 -0.0188 0.00829569 -0.0861013 -0.0165 0.00829569 -0.0861013 -0.0188 -0.00829569 -0.0861013 -0.0165 -0.00829569 -0.0861013 -0.0188 -0.0245819 -0.0829336 -0.0165 -0.0245819 -0.0829336 -0.0188 -0.0399637 -0.0767148 -0.0165 -0.0399637 -0.0767148 -0.0188 0.0464551 0.0729669 -0.0165 0.0464551 0.0729669 -0.0188 0.0589275 0.063323 -0.0165 0.0589275 0.063323 -0.0188 0.0694423 0.0515754 -0.0165 0.0694423 0.0515754 -0.0188 0.0776502 0.0381144 -0.0165 0.0776502 0.0381144 -0.0188 0.0832784 0.0233872 -0.0165 0.0832784 0.0233872 -0.0188 0.0861401 0.00788301 -0.0165 0.0861401 0.00788301 -0.0188 0.0861401 -0.00788301 -0.0165 0.0861401 -0.00788301 -0.0188 0.0832784 -0.0233872 -0.0165 0.0832784 -0.0233872 -0.0188 0.0776502 -0.0381144 -0.0165 0.0776502 -0.0381144 -0.0188 0.0694423 -0.0515754 -0.0165 0.0694423 -0.0515754 -0.0188 0.0589275 -0.063323 -0.0165 0.0589275 -0.063323 -0.0188 0.0464551 -0.0729669 -0.0165 0.0464551 -0.0729669 -0.0188 -0.0399637 0.0767148 -0.0165 -0.0399637 0.0767148 -0.0188 -0.0245819 0.0829336 -0.0165 -0.0245819 0.0829336 -0.0188 -0.00829569 0.0861013 -0.0165 -0.00829569 0.0861013 -0.0188 0.00829569 0.0861013 -0.0165 0.00829569 0.0861013 -0.0188 0.0245819 0.0829336 -0.0165 0.0245819 0.0829336 -0.0188 0.0399637 0.0767148 -0.0165 0.0399637 0.0767148 -0.0188 -0.0464551 -0.0729669 -0.0165 -0.0464551 -0.0729669 -0.0188 -0.0589275 -0.063323 -0.0165 -0.0589275 -0.063323 -0.0188 -0.0694423 -0.0515754 -0.0165 -0.0694423 -0.0515754 -0.0188 -0.0776502 -0.0381144 -0.0165 -0.0776502 -0.0381144 -0.0188 -0.0832784 -0.0233872 -0.0165 -0.0832784 -0.0233872 -0.0188 -0.0861401 -0.00788301 -0.0165 -0.0861401 -0.00788301 -0.0188 -0.0861401 0.00788301 -0.0165 -0.0861401 0.00788301 -0.0188 -0.0832784 0.0233872 -0.0165 -0.0832784 0.0233872 -0.0188 -0.0776502 0.0381144 -0.0165 -0.0776502 0.0381144 -0.0188 -0.0694423 0.0515754 -0.0165 -0.0694423 0.0515754 -0.0188 -0.0589275 0.063323 -0.0165 -0.0589275 0.063323 -0.0188 -0.0464551 0.0729669 -0.0165 -0.0464551 0.0729669 -0.0188 -0.0443889 -0.0640741 0.0177424 -0.0442932 -0.0640042 -0.0188 -0.0370345 -0.0759368 -0.0188 -0.0332826 -0.0703611 -0.0188 -0.0333052 -0.0688695 -0.0188 -0.0333052 -0.0688695 -0.0185 -0.0337406 -0.066992 0.0196685 -0.0332867 -0.0690381 0.0185406 -0.0332953 -0.070479 0.0177424 -0.0421423 -0.076461 0.0175 -0.0437533 -0.0757829 -0.0165 -0.0404136 -0.0767189 -0.0165 -0.0437533 -0.0757829 0.0175 -0.045146 -0.0747268 0.0175 -0.0462337 -0.0733586 -0.0165 -0.0472459 -0.0700413 -0.0188 -0.0429901 -0.0632779 -0.0188 -0.0429901 -0.0632779 -0.0185 -0.0431455 -0.0633462 0.0185406 -0.0462337 -0.0733586 0.0175 -0.0469486 -0.0717636 0.0175 -0.0472459 -0.0700413 0.0175 -0.0471074 -0.0682989 0.0175 -0.0465414 -0.0666452 -0.0188 -0.0465414 -0.0666452 0.0175 -0.0453885 -0.0649637 0.0175 -0.0344457 -0.0736287 -0.0188 -0.0355949 -0.0749456 0.0175 -0.0370345 -0.0759368 0.0175 -0.0386749 -0.0765405 0.0175 -0.0404136 -0.0767189 0.0175 -0.033566 -0.0717895 0.0175 -0.0344457 -0.0736287 0.0175 0.0332953 -0.070479 0.0177424 0.0332826 -0.0703611 -0.0188 0.0472459 -0.0700413 -0.0188 0.0442932 -0.0640042 -0.0188 0.0429901 -0.0632779 -0.0188 0.0429901 -0.0632779 -0.0185 0.0419072 -0.0629189 0.0198255 0.0431455 -0.0633462 0.0185406 0.0443889 -0.0640741 0.0177424 0.0437533 -0.0757829 -0.0165 0.0462337 -0.0733586 -0.0165 0.045146 -0.0747268 0.0175 0.0437533 -0.0757829 0.0175 0.0421423 -0.076461 0.0175 0.0404136 -0.0767189 -0.0165 0.0370345 -0.0759368 -0.0188 0.0335358 -0.0677522 0.0198255 0.0333052 -0.0688695 -0.0188 0.0333052 -0.0688695 -0.0185 0.0332867 -0.0690381 0.0185406 0.0404136 -0.0767189 0.0175 0.0386749 -0.0765405 0.0175 0.0370345 -0.0759368 0.0175 0.0355949 -0.0749456 0.0175 0.0344457 -0.0736287 -0.0188 0.0344457 -0.0736287 0.0175 0.033566 -0.0717895 0.0175 0.0465414 -0.0666452 -0.0188 0.0471074 -0.0682989 0.0175 0.0472459 -0.0700413 0.0175 0.0469486 -0.0717636 0.0175 0.0462337 -0.0733586 0.0175 0.0453832 -0.0649509 0.0184518 0.0465414 -0.0666452 0.0175 0.0443889 0.0640741 0.0177424 0.0442932 0.0640042 -0.0188 0.0370345 0.0759368 -0.0188 0.0332826 0.0703611 -0.0188 0.0333052 0.0688695 -0.0188 0.0333052 0.0688695 -0.0185 0.0337406 0.066992 0.0196685 0.0332867 0.0690381 0.0185406 0.0437533 0.0757829 -0.0165 0.0404136 0.0767189 -0.0165 0.0421423 0.076461 0.0175 0.0437533 0.0757829 0.0175 0.045146 0.0747268 0.0175 0.0462337 0.0733586 -0.0165 0.0472459 0.0700413 -0.0188 0.0429901 0.0632779 -0.0188 0.0429901 0.0632779 -0.0185 0.0431455 0.0633462 0.0185406 0.0462337 0.0733586 0.0175 0.0469486 0.0717636 0.0175 0.0472459 0.0700413 0.0175 0.0471074 0.0682989 0.0175 0.0465414 0.0666452 -0.0188 0.0465414 0.0666452 0.0175 0.0453885 0.0649637 0.0175 0.0344457 0.0736287 -0.0188 0.0355949 0.0749456 0.0175 0.0370345 0.0759368 0.0175 0.0386749 0.0765405 0.0175 0.0404136 0.0767189 0.0175 0.033566 0.0717895 0.0175 0.0344457 0.0736287 0.0175 -0.0332826 0.0703611 -0.0188 -0.0472459 0.0700413 -0.0188 -0.0442932 0.0640042 -0.0188 -0.0429901 0.0632779 -0.0188 -0.0429901 0.0632779 -0.0185 -0.0431455 0.0633462 0.0185406 -0.045146 0.0747268 0.0175 -0.0437533 0.0757829 -0.0165 -0.0462337 0.0733586 -0.0165 -0.0437533 0.0757829 0.0175 -0.0421423 0.076461 0.0175 -0.0404136 0.0767189 -0.0165 -0.0370345 0.0759368 -0.0188 -0.0337407 0.0669921 0.0196289 -0.0333052 0.0688695 -0.0188 -0.0333052 0.0688695 -0.0185 -0.0332867 0.0690381 0.0185406 -0.0404136 0.0767189 0.0175 -0.0386749 0.0765405 0.0175 -0.0370345 0.0759368 0.0175 -0.0355949 0.0749456 0.0175 -0.0344457 0.0736287 -0.0188 -0.0344457 0.0736287 0.0175 -0.033566 0.0717895 0.0175 -0.0465414 0.0666452 -0.0188 -0.0471074 0.0682989 0.0175 -0.0472459 0.0700413 0.0175 -0.0469486 0.0717636 0.0175 -0.0462337 0.0733586 0.0175 -0.0453885 0.0649637 0.0175 -0.0465414 0.0666452 0.0175 0.0142488 -0.117912 -0.0125687 0.0152716 -0.11852 -0.0113038 0.0337754 -0.114628 -0.0113038 0.11175 -0.0329274 -0.0165 0.11852 -0.0152716 -0.0113038 0.115659 -0.0139765 -0.0165 0.116516 -0.0107202 -0.0156074 0.010724 -0.116518 -0.0156043 0.0139765 -0.115659 -0.0165 0.0329274 -0.11175 -0.0165 0.05097 -0.104758 -0.0165 0.0522826 -0.107456 -0.0113038 0.0676065 -0.0948768 -0.0165 0.0693475 -0.09732 -0.0113038 0.0823779 -0.0823779 -0.0165 0.0844993 -0.0844993 -0.0113038 0.0948768 -0.0676065 -0.0165 0.09732 -0.0693475 -0.0113038 0.104758 -0.05097 -0.0165 0.107456 -0.0522826 -0.0113038 0.114628 -0.0337754 -0.0113038 0.117912 0.0142488 -0.0125687 0.11852 0.0152716 -0.0113038 0.114628 0.0337754 -0.0113038 0.0329274 0.11175 -0.0165 0.0152716 0.11852 -0.0113038 0.0139765 0.115659 -0.0165 0.0107202 0.116516 -0.0156074 0.116118 0.00942072 -0.0165 0.116917 0.0120273 -0.0147087 0.115659 0.0139765 -0.0165 0.11175 0.0329274 -0.0165 0.104758 0.05097 -0.0165 0.107456 0.0522826 -0.0113038 0.0948768 0.0676065 -0.0165 0.09732 0.0693475 -0.0113038 0.0823779 0.0823779 -0.0165 0.0844993 0.0844993 -0.0113038 0.0676065 0.0948768 -0.0165 0.0693475 0.09732 -0.0113038 0.05097 0.104758 -0.0165 0.0522826 0.107456 -0.0113038 0.0337754 0.114628 -0.0113038 -0.0142488 0.117912 -0.0125687 -0.0152716 0.11852 -0.0113038 -0.0337754 0.114628 -0.0113038 -0.11175 0.0329274 -0.0165 -0.11852 0.0152716 -0.0113038 -0.115659 0.0139765 -0.0165 -0.116516 0.0107202 -0.0156074 -0.00942072 0.116118 -0.0165 -0.0120273 0.116917 -0.0147087 -0.0139765 0.115659 -0.0165 -0.0329274 0.11175 -0.0165 -0.05097 0.104758 -0.0165 -0.0522826 0.107456 -0.0113038 -0.0676065 0.0948768 -0.0165 -0.0693475 0.09732 -0.0113038 -0.0823779 0.0823779 -0.0165 -0.0844993 0.0844993 -0.0113038 -0.0948768 0.0676065 -0.0165 -0.09732 0.0693475 -0.0113038 -0.104758 0.05097 -0.0165 -0.107456 0.0522826 -0.0113038 -0.114628 0.0337754 -0.0113038 -0.117912 -0.0142488 -0.0125687 -0.11852 -0.0152716 -0.0113038 -0.114628 -0.0337754 -0.0113038 -0.0329274 -0.11175 -0.0165 -0.0152716 -0.11852 -0.0113038 -0.0139765 -0.115659 -0.0165 -0.0107202 -0.116516 -0.0156074 -0.116118 -0.00942072 -0.0165 -0.116917 -0.0120273 -0.0147087 -0.115659 -0.0139765 -0.0165 -0.11175 -0.0329274 -0.0165 -0.104758 -0.05097 -0.0165 -0.107456 -0.0522826 -0.0113038 -0.0948768 -0.0676065 -0.0165 -0.0973193 -0.0693588 -0.0112913 -0.0823779 -0.0823779 -0.0165 -0.0844993 -0.0844993 -0.0113038 -0.0676065 -0.0948768 -0.0165 -0.0693475 -0.09732 -0.0113038 -0.05097 -0.104758 -0.0165 -0.0522826 -0.107456 -0.0113038 -0.0337754 -0.114628 -0.0113038 -0.017776 -0.11817 0.00670912 -0.0160774 -0.1145 0.0101251 0.0189818 -0.117983 -0.000832443 0.0184326 -0.1145 -0.00460842 0.00942072 -0.1145 -0.0165 0.0151428 -0.1145 -0.0114758 0.0178055 -0.118164 -0.00636337 0.0108106 -0.1145 0.0156247 0.0108106 -0.116505 0.0156247 0.0160774 -0.1145 0.0101251 0.0187618 -0.118018 0.00299922 0.0187618 -0.1145 0.00299922 0.0177822 -0.11817 0.00669271 0.016077 -0.118414 0.0101258 0.0142576 -0.117968 0.0124638 -0.00380738 -0.1145 0.0186146 0.00380738 -0.1145 0.0186146 0.00564917 -0.11546 0.0180378 -0.0108106 -0.1145 0.0156247 -0.0156745 -0.118467 0.0107145 -0.013242 -0.117415 0.0136253 -0.00915131 -0.116104 0.0165426 -0.0187618 -0.118018 0.00299922 -0.0187618 -0.1145 0.00299922 -0.0189821 -0.117983 -0.000823529 -0.0184326 -0.1145 -0.00460842 -0.0178064 -0.118164 -0.00636131 -0.0151428 -0.1145 -0.0114758 -0.00942072 -0.1145 -0.0165 -0.00426809 -0.1145 -0.00920053 0.00433099 -0.1145 -0.00915195 0.00789024 -0.1145 -0.00634505 0.00986807 -0.1145 -0.00226644 0.00986807 -0.1145 0.00226644 0.00789024 -0.1145 0.00634505 0.00426809 -0.1145 0.00920053 -0.00433099 -0.1145 0.00915195 -0.00789024 -0.1145 0.00634505 -0.00986807 -0.1145 0.00226644 -0.00986807 -0.1145 -0.00226644 -0.00789024 -0.1145 -0.00634505 -0.11817 0.017776 0.00670912 -0.118414 0.0160774 0.0101251 -0.1145 0.0160774 0.0101251 -0.117983 -0.0189818 -0.000832443 -0.1145 -0.0184326 -0.00460842 -0.1145 -0.00942072 -0.0165 -0.1145 -0.0151428 -0.0114758 -0.118164 -0.0178055 -0.00636337 -0.118018 -0.0187618 0.00299922 -0.1145 -0.0187618 0.00299922 -0.11817 -0.0177822 0.00669271 -0.1145 -0.0160774 0.0101251 -0.118414 -0.016077 0.0101258 -0.11852 -0.0152716 0.0113038 -0.117416 -0.0132435 0.0136238 -0.116505 -0.0108106 0.0156247 -0.1145 -0.0108106 0.0156247 -0.115552 -0.00603441 0.017825 -0.1145 -0.00380738 0.0186146 -0.115057 9.53661e-06 0.019 -0.1145 0.00380738 0.0186146 -0.115403 0.00532174 0.0181711 -0.1145 0.0108106 0.0156247 -0.116171 0.00962617 0.016381 -0.11852 0.0152716 0.0113038 -0.117415 0.013242 0.0136253 -0.116508 0.010821 0.0156175 -0.118018 0.0187618 0.00299922 -0.1145 0.0187618 0.00299922 -0.117983 0.0189821 -0.000823529 -0.1145 0.0184326 -0.00460842 -0.118164 0.0178064 -0.00636131 -0.1145 0.0151428 -0.0114758 -0.1145 0.00942072 -0.0165 0.017776 0.11817 0.00670912 0.0160774 0.1145 0.0101251 -0.0189818 0.117983 -0.000832443 -0.0184326 0.1145 -0.00460842 -0.00942072 0.1145 -0.0165 -0.0151428 0.1145 -0.0114758 -0.0178055 0.118164 -0.00636337 -0.0108106 0.1145 0.0156247 -0.0108106 0.116505 0.0156247 -0.0160774 0.1145 0.0101251 -0.0187618 0.118018 0.00299922 -0.0187618 0.1145 0.00299922 -0.0177822 0.11817 0.00669271 -0.016077 0.118414 0.0101258 -0.0142576 0.117968 0.0124638 0.00380738 0.1145 0.0186146 -0.00380738 0.1145 0.0186146 -0.00564917 0.11546 0.0180378 0.0108106 0.1145 0.0156247 0.0156745 0.118467 0.0107145 0.013242 0.117415 0.0136253 0.00915131 0.116104 0.0165426 0.0187618 0.118018 0.00299922 0.0187618 0.1145 0.00299922 0.0189821 0.117983 -0.000823529 0.0184326 0.1145 -0.00460842 0.0178064 0.118164 -0.00636131 0.0151428 0.1145 -0.0114758 0.00942072 0.1145 -0.0165 0.11817 -0.017776 0.00670912 0.118414 -0.0160774 0.0101251 0.1145 -0.0160774 0.0101251 0.117983 0.0189818 -0.000832443 0.1145 0.0184326 -0.00460842 0.1145 0.00942072 -0.0165 0.1145 0.0151428 -0.0114758 0.118164 0.0178055 -0.00636337 0.118018 0.0187618 0.00299922 0.1145 0.0187618 0.00299922 0.11817 0.0177822 0.00669271 0.1145 0.0160774 0.0101251 0.118414 0.016077 0.0101258 0.11852 0.0152716 0.0113038 0.117416 0.0132435 0.0136238 0.116505 0.0108106 0.0156247 0.1145 0.0108106 0.0156247 0.115552 0.00603441 0.017825 0.1145 0.00380738 0.0186146 0.115057 -9.53661e-06 0.019 0.1145 -0.00380738 0.0186146 0.115403 -0.00532174 0.0181711 0.1145 -0.0108106 0.0156247 0.116171 -0.00962617 0.016381 0.11852 -0.0152716 0.0113038 0.117415 -0.013242 0.0136253 0.116508 -0.010821 0.0156175 0.118018 -0.0187618 0.00299922 0.1145 -0.0187618 0.00299922 0.117983 -0.0189821 -0.000823529 0.1145 -0.0184326 -0.00460842 0.118164 -0.0178064 -0.00636131 0.1145 -0.0151428 -0.0114758 0.1145 -0.00942072 -0.0165 -0.1145 0.00426809 -0.00920053 -0.1145 -0.00433099 -0.00915195 -0.1145 -0.00789024 -0.00634505 -0.1145 -0.00986807 -0.00226644 -0.1145 -0.00986807 0.00226644 -0.1145 -0.00789024 0.00634505 -0.1145 -0.00426809 0.00920053 -0.1145 0.00433099 0.00915195 -0.1145 0.00789024 0.00634505 -0.1145 0.00986807 0.00226644 -0.1145 0.00986807 -0.00226644 -0.1145 0.00789024 -0.00634505 0.00426809 0.1145 -0.00920053 -0.00433099 0.1145 -0.00915195 -0.00789024 0.1145 -0.00634505 -0.00986807 0.1145 -0.00226644 -0.00986807 0.1145 0.00226644 -0.00789024 0.1145 0.00634505 -0.00426809 0.1145 0.00920053 0.00433099 0.1145 0.00915195 0.00789024 0.1145 0.00634505 0.00986807 0.1145 0.00226644 0.00986807 0.1145 -0.00226644 0.00789024 0.1145 -0.00634505 0.1145 -0.00426809 -0.00920053 0.1145 0.00433099 -0.00915195 0.1145 0.00789024 -0.00634505 0.1145 0.00986807 -0.00226644 0.1145 0.00986807 0.00226644 0.1145 0.00789024 0.00634505 0.1145 0.00426809 0.00920053 0.1145 -0.00433099 0.00915195 0.1145 -0.00789024 0.00634505 0.1145 -0.00986807 0.00226644 0.1145 -0.00986807 -0.00226644 0.1145 -0.00789024 -0.00634505 -0.1175 -0.00986807 0.00226644 -0.1175 -0.00986807 -0.00226644 -0.1175 -0.0144155 -0.00694214 -0.1175 0.00986807 -0.00226644 -0.1175 0.00986807 0.00226644 -0.1175 0.0144155 0.00694214 -0.1175 0.00997584 0.0125093 -0.1175 0.00789024 0.00634505 -0.1175 0.00356033 0.0155988 -0.1175 -0.00997584 -0.0125093 -0.1175 -0.00789024 -0.00634505 -0.1175 -0.00356033 -0.0155988 -0.1175 -0.016 1.73472e-18 -0.1175 -0.0144155 0.00694214 -0.1175 -0.00789024 0.00634505 -0.1175 -0.00997584 0.0125093 -0.1175 -0.00356033 0.0155988 -0.1175 0.016 -3.91887e-18 -0.1175 0.0144155 -0.00694214 -0.1175 0.00789024 -0.00634505 -0.1175 0.00997584 -0.0125093 -0.1175 0.00356033 -0.0155988 -0.1175 0.00433099 0.00915195 -0.1175 0.00411711 0.0092 -0.1175 -0.00422405 0.00917597 -0.1175 -0.00433099 -0.00915195 -0.1175 -0.00411711 -0.0092 -0.1175 0.00422405 -0.00917597 -0.00986807 0.1175 0.00226644 -0.00986807 0.1175 -0.00226644 -0.0144155 0.1175 -0.00694214 0.00986807 0.1175 -0.00226644 0.00986807 0.1175 0.00226644 0.0144155 0.1175 0.00694214 0.00997584 0.1175 0.0125093 0.00789024 0.1175 0.00634505 0.00356033 0.1175 0.0155988 -0.00997584 0.1175 -0.0125093 -0.00789024 0.1175 -0.00634505 -0.00356033 0.1175 -0.0155988 -0.016 0.1175 1.95943e-18 -0.0144155 0.1175 0.00694214 -0.00789024 0.1175 0.00634505 -0.00997584 0.1175 0.0125093 -0.00356033 0.1175 0.0155988 0.016 0.1175 -3.91887e-18 0.0144155 0.1175 -0.00694214 0.00789024 0.1175 -0.00634505 0.00997584 0.1175 -0.0125093 0.00356033 0.1175 -0.0155988 0.00433099 0.1175 0.00915195 0.00411711 0.1175 0.0092 -0.00422405 0.1175 0.00917597 -0.00433099 0.1175 -0.00915195 -0.00411711 0.1175 -0.0092 0.00422405 0.1175 -0.00917597 0.1175 0.00986807 0.00226644 0.1175 0.00986807 -0.00226644 0.1175 0.0144155 -0.00694214 0.1175 -0.00986807 -0.00226644 0.1175 -0.00986807 0.00226644 0.1175 -0.0144155 0.00694214 0.1175 -0.00997584 0.0125093 0.1175 -0.00789024 0.00634505 0.1175 -0.00356033 0.0155988 0.1175 0.00997584 -0.0125093 0.1175 0.00789024 -0.00634505 0.1175 0.00356033 -0.0155988 0.1175 0.016 1.73472e-18 0.1175 0.0144155 0.00694214 0.1175 0.00789024 0.00634505 0.1175 0.00997584 0.0125093 0.1175 0.00356033 0.0155988 0.1175 -0.016 -3.91887e-18 0.1175 -0.0144155 -0.00694214 0.1175 -0.00789024 -0.00634505 0.1175 -0.00997584 -0.0125093 0.1175 -0.00356033 -0.0155988 0.1175 -0.00433099 0.00915195 0.1175 -0.00411711 0.0092 0.1175 0.00422405 0.00917597 0.1175 0.00433099 -0.00915195 0.1175 0.00411711 -0.0092 0.1175 -0.00422405 -0.00917597 0.00986807 -0.1175 0.00226644 0.00986807 -0.1175 -0.00226644 0.0144155 -0.1175 -0.00694214 -0.00986807 -0.1175 -0.00226644 -0.00986807 -0.1175 0.00226644 -0.0144155 -0.1175 0.00694214 -0.00997584 -0.1175 0.0125093 -0.00789024 -0.1175 0.00634505 -0.00356033 -0.1175 0.0155988 0.00997584 -0.1175 -0.0125093 0.00789024 -0.1175 -0.00634505 0.00356033 -0.1175 -0.0155988 0.016 -0.1175 1.73472e-18 0.0144155 -0.1175 0.00694214 0.00789024 -0.1175 0.00634505 0.00997584 -0.1175 0.0125093 0.00356033 -0.1175 0.0155988 -0.016 -0.1175 -3.91887e-18 -0.0144155 -0.1175 -0.00694214 -0.00789024 -0.1175 -0.00634505 -0.00997584 -0.1175 -0.0125093 -0.00356033 -0.1175 -0.0155988 -0.00433099 -0.1175 0.00915195 -0.00411711 -0.1175 0.0092 0.00422405 -0.1175 0.00917597 0.00433099 -0.1175 -0.00915195 0.00411711 -0.1175 -0.0092 -0.00422405 -0.1175 -0.00917597 0 -0.120253 -0.016 -0.00356033 -0.120432 -0.0155988 -0.00696452 -0.120974 -0.0144047 0.0108471 -0.12205 -0.0120294 0.006974 -0.120976 -0.0144001 0.00356033 -0.120432 -0.0155988 0.120976 0.006974 -0.0144001 0.120432 0.00356033 -0.0155988 0.120342 -0.00178185 -0.0157994 0.120974 -0.00696452 -0.0144047 0.122029 0.0108546 -0.0120139 1.12717e-17 0.120253 -0.016 0.00356033 0.120432 -0.0155988 0.00696452 0.120974 -0.0144047 -0.0108463 0.12205 -0.0120296 -0.006974 0.120976 -0.0144001 -0.00356033 0.120432 -0.0155988 -0.120976 -0.006974 -0.0144001 -0.120432 -0.00356033 -0.0155988 -0.120342 0.00178185 -0.0157994 -0.120974 0.00696452 -0.0144047 -0.122029 -0.0108546 -0.0120139 0 0.1165 0.0225 -2.573e-18 0.120253 0.016 -0.00356033 0.120432 0.0155988 -0.0191753 0.114911 0.0225 -0.00696452 0.120974 0.0144047 0.0191753 0.114911 0.0225 0.0108474 0.12205 0.0120293 0.006974 0.120976 0.0144001 0.00356033 0.120432 0.0155988 0.120976 -0.006974 0.0144001 0.120432 -0.00356033 0.0155988 0.116102 -0.00962049 0.0225 0.116102 0.00962049 0.0225 0.120342 0.00178185 0.0157994 0.120974 0.00696452 0.0144047 0.112935 0.0285991 0.0225 0.112935 -0.0285991 0.0225 0.122029 -0.0108534 0.0120143 1.42671e-17 -0.1165 0.0225 1.47267e-17 -0.120253 0.016 0.00356033 -0.120432 0.0155988 0.0191753 -0.114911 0.0225 0.00696452 -0.120974 0.0144047 -0.0191753 -0.114911 0.0225 -0.0108471 -0.12205 0.0120294 -0.006974 -0.120976 0.0144001 -0.00356033 -0.120432 0.0155988 -0.120976 0.006974 0.0144001 -0.120432 0.00356033 0.0155988 -0.116102 0.00962049 0.0225 -0.116102 -0.00962049 0.0225 -0.120342 -0.00178185 0.0157994 -0.120974 -0.00696452 0.0144047 -0.112935 -0.0285991 0.0225 -0.112935 0.0285991 0.0225 -0.122029 0.0108534 0.0120143 -0.0378275 0.110188 0.0225 -0.0554479 0.102459 0.0225 -0.0715558 0.0919349 0.0225 -0.0857118 0.0789033 0.0225 -0.0975299 0.0637195 0.0225 -0.106688 0.0467975 0.0225 -0.106688 -0.0467975 0.0225 -0.0975299 -0.0637195 0.0225 -0.0857118 -0.0789033 0.0225 -0.0715558 -0.0919349 0.0225 -0.0554479 -0.102459 0.0225 -0.0378275 -0.110188 0.0225 0.0378275 -0.110188 0.0225 0.0554479 -0.102459 0.0225 0.0715558 -0.0919349 0.0225 0.0857118 -0.0789033 0.0225 0.0975299 -0.0637195 0.0225 0.106688 -0.0467975 0.0225 0.106688 0.0467975 0.0225 0.0975299 0.0637195 0.0225 0.0857118 0.0789033 0.0225 0.0715558 0.0919349 0.0225 0.0554479 0.102459 0.0225 0.0378275 0.110188 0.0225 -0.0639932 0.0639932 0.0225 0.00887055 -0.0900642 0.0225 3.32492e-17 -0.0905 0.0225 -0.0836111 -0.0346329 0.0225 -0.0866031 -0.0262708 0.0225 -0.0887611 -0.0176557 0.0225 -0.0900642 -0.00887055 0.0225 -0.0798139 0.0426614 0.0225 -0.075248 0.0502791 0.0225 -0.0699574 0.0574126 0.0225 -0.00887055 -0.0900642 0.0225 -0.0176557 -0.0887611 0.0225 -0.0574126 -0.0699574 0.0225 -0.0639932 -0.0639932 0.0225 -0.0699574 -0.0574126 0.0225 -0.075248 -0.0502791 0.0225 -0.0798139 -0.0426614 0.0225 -0.0905 -1.66246e-17 0.0225 -0.0900642 0.00887055 0.0225 -0.0887611 0.0176557 0.0225 -0.0866031 0.0262708 0.0225 -0.0836111 0.0346329 0.0225 -0.0574126 0.0699574 0.0225 -0.0502791 0.075248 0.0225 -0.0426614 0.0798139 0.0225 0.0502791 -0.075248 0.0225 0.0426614 -0.0798139 0.0225 0.0346329 -0.0836111 0.0225 0.0262708 -0.0866031 0.0225 0.0176557 -0.0887611 0.0225 -0.0262708 -0.0866031 0.0225 -0.0346329 -0.0836111 0.0225 -0.0426614 -0.0798139 0.0225 -0.0502791 -0.075248 0.0225 -0.0346329 0.0836111 0.0225 -0.0262708 0.0866031 0.0225 0.0176557 0.0887611 0.0225 0.0574126 0.0699574 0.0225 -0.0176557 0.0887611 0.0225 -0.00887055 0.0900642 0.0225 0 0.0905 0.0225 0.00887055 0.0900642 0.0225 0.0262708 0.0866031 0.0225 0.0346329 0.0836111 0.0225 0.0426614 0.0798139 0.0225 0.0502791 0.075248 0.0225 0.0836111 0.0346329 0.0225 0.0866031 0.0262708 0.0225 0.0887611 0.0176557 0.0225 0.0639932 -0.0639932 0.0225 0.0574126 -0.0699574 0.0225 0.0866031 -0.0262708 0.0225 0.0639932 0.0639932 0.0225 0.0699574 0.0574126 0.0225 0.075248 0.0502791 0.0225 0.0798139 0.0426614 0.0225 0.0900642 0.00887055 0.0225 0.0905 8.79158e-18 0.0225 0.0900642 -0.00887055 0.0225 0.0887611 -0.0176557 0.0225 0.0836111 -0.0346329 0.0225 0.0798139 -0.0426614 0.0225 0.075248 -0.0502791 0.0225 0.0699574 -0.0574126 0.0225 -0.0196691 -0.11787 0.0113038 -0.0337754 -0.114628 0.0113038 -0.115843 -0.0293355 0.0113038 -0.114628 -0.0337754 0.0113038 -0.0761967 -0.092056 -0.007 -0.0674814 -0.0986265 -0.00702442 -0.0844993 -0.0844993 -0.007 -0.092056 -0.0761967 -0.007 -0.0388016 -0.113025 0.0113038 -0.0522826 -0.107456 0.0113038 -0.0568757 -0.105097 0.0113038 -0.0693475 -0.09732 0.0113038 -0.0693475 -0.09732 0.007 -0.0733984 -0.0943023 0.0113038 -0.07719 -0.0912247 0.007 -0.0844993 -0.0844993 0.0113038 -0.0844993 -0.0844993 0.007 -0.087919 -0.0809352 0.0113038 -0.0912247 -0.07719 0.007 -0.09732 -0.0693475 0.0113038 -0.100041 -0.0653603 0.0113038 -0.107456 -0.0522826 0.0113038 -0.109435 -0.0480026 0.0113038 -0.0337754 0.114628 0.0113038 -0.0196691 0.11787 0.0113038 -0.115843 0.0293355 0.0113038 -0.114628 0.0337754 0.0113038 -0.0568757 0.105097 0.0113038 -0.0674417 0.0986502 0.007 -0.0522826 0.107456 0.0113038 -0.0693475 0.09732 0.007 -0.0693475 0.09732 0.0113038 -0.07719 0.0912247 0.007 -0.0733984 0.0943023 0.0113038 -0.0844993 0.0844993 0.007 -0.0844993 0.0844993 0.0113038 -0.0912247 0.07719 0.007 -0.087919 0.0809352 0.0113038 -0.0981575 0.0682898 0.0067731 -0.0912247 0.07719 -0.007 -0.0693475 0.09732 -0.007 -0.07719 0.0912247 -0.007 -0.0844993 0.0844993 -0.007 -0.109435 0.0480026 0.0113038 -0.107456 0.0522826 0.0113038 -0.0988806 0.067384 0.0112844 -0.0388016 0.113025 0.0113038 0.115843 0.0293355 0.0113038 0.114628 0.0337754 0.0113038 0.0196691 0.11787 0.0113038 0.0337754 0.114628 0.0113038 0.0844993 0.0844993 -0.007 0.07719 0.0912247 -0.007 0.09732 0.0693475 -0.007 0.0912247 0.07719 -0.007 0.0388016 0.113025 0.0113038 0.0522826 0.107456 0.0113038 0.0568757 0.105097 0.0113038 0.0693475 0.09732 0.0113038 0.0693475 0.09732 0.007 0.0733984 0.0943023 0.0113038 0.07719 0.0912247 0.007 0.0844993 0.0844993 0.0113038 0.0844993 0.0844993 0.007 0.087919 0.0809352 0.0113038 0.0912247 0.07719 0.007 0.09732 0.0693475 0.0113038 0.100041 0.0653603 0.0113038 0.107456 0.0522826 0.0113038 0.109435 0.0480026 0.0113038 0.0337754 -0.114628 0.0113038 0.0196691 -0.11787 0.0113038 0.115843 -0.0293355 0.0113038 0.114628 -0.0337754 0.0113038 0.0568757 -0.105097 0.0113038 0.0674417 -0.0986502 0.007 0.0522826 -0.107456 0.0113038 0.0693475 -0.09732 0.007 0.0693475 -0.09732 0.0113038 0.07719 -0.0912247 0.007 0.0733984 -0.0943023 0.0113038 0.0844993 -0.0844993 0.007 0.0844993 -0.0844993 0.0113038 0.0912247 -0.07719 0.007 0.087919 -0.0809352 0.0113038 0.09732 -0.0693475 0.0113038 0.0986502 -0.0674417 -0.007 0.0912247 -0.07719 -0.007 0.09732 -0.0693475 -0.007 0.0693475 -0.09732 -0.007 0.07719 -0.0912247 -0.007 0.0844993 -0.0844993 -0.007 0.109435 -0.0480026 0.0113038 0.107456 -0.0522826 0.0113038 0.100041 -0.0653603 0.0113038 0.0388016 -0.113025 0.0113038 0 0.0865 0.0305 0 0.0865 0.0294282 -0.00847848 0.0860835 0.0294282 -0.014203 0.085326 0.0305 -0.0168753 0.0848379 0.0294282 -0.0168753 0.0848379 0.0305 -0.0251096 0.0827753 0.0294282 -0.0331021 0.0799156 0.0305 -0.0331021 0.0799156 0.0294282 -0.0405983 0.0763808 0.0305 -0.0407758 0.0762862 0.0294282 -0.0480568 0.0719221 0.0305 -0.0668654 0.054875 0.0294282 -0.0719221 0.0480568 0.0305 -0.0611647 0.0611647 0.0305 -0.0480568 0.0719221 0.0294282 -0.054875 0.0668654 0.0294282 -0.0611647 0.0611647 0.0294282 -0.0719221 0.0480568 0.0294282 -0.0762862 0.0407758 0.0294282 -0.0799156 0.0331021 0.0305 -0.0799156 0.0331021 0.0294282 -0.0827753 0.0251096 0.0294282 -0.0841073 0.0202042 0.0305 -0.0848379 0.0168753 0.0294282 -0.085082 0.0155391 0.0305 -0.0860835 0.00847848 0.0294282 -0.0865 -1.58898e-17 0.0305 -0.0865 -1.58898e-17 0.0294282 -0.0860835 -0.00847848 0.0294282 -0.085326 -0.014203 0.0305 -0.0848379 -0.0168753 0.0294282 -0.0848379 -0.0168753 0.0305 -0.0827753 -0.0251096 0.0294282 -0.0799156 -0.0331021 0.0305 -0.0799156 -0.0331021 0.0294282 -0.0754661 -0.0422743 0.0305 -0.0762862 -0.0407758 0.0294282 -0.0719221 -0.0480568 0.0305 -0.0719221 -0.0480568 0.0294282 -0.067987 -0.0534791 0.0305 -0.0668654 -0.054875 0.0294282 -0.0611647 -0.0611647 0.0305 -0.0407758 -0.0762862 0.0294282 -0.0331021 -0.0799156 0.0305 -0.0480568 -0.0719221 0.0305 -0.0611647 -0.0611647 0.0294282 -0.054875 -0.0668654 0.0294282 -0.0480568 -0.0719221 0.0294282 -0.0331021 -0.0799156 0.0294282 -0.0251096 -0.0827753 0.0294282 -0.0192866 -0.0843224 0.0305 -0.0168753 -0.0848379 0.0294282 -0.0168753 -0.0848379 0.0305 -0.00847848 -0.0860835 0.0294282 1.05932e-17 -0.0865 0.0305 6.00214e-18 -0.0865 0.0294282 0.00847848 -0.0860835 0.0294282 0.0168753 -0.0848379 0.0305 0.0762862 -0.0407758 0.0294282 0.0799156 -0.0331021 0.0305 0.0719221 -0.0480568 0.0305 0.0168753 -0.0848379 0.0294282 0.0251096 -0.0827753 0.0294282 0.0331021 -0.0799156 0.0305 0.0331021 -0.0799156 0.0294282 0.0405983 -0.0763808 0.0305 0.0407758 -0.0762862 0.0294282 0.0480568 -0.0719221 0.0305 0.0480568 -0.0719221 0.0294282 0.0543894 -0.067261 0.0305 0.054875 -0.0668654 0.0294282 0.0611647 -0.0611647 0.0305 0.0611647 -0.0611647 0.0294282 0.067987 -0.0534791 0.0305 0.0668654 -0.054875 0.0294282 0.0719221 -0.0480568 0.0294282 0.0860835 0.00847848 0.0294282 0.0848379 0.0168753 0.0305 0.0865 5.2966e-18 0.0305 0.0799156 -0.0331021 0.0294282 0.0827753 -0.0251096 0.0294282 0.0841073 -0.0202042 0.0305 0.0848379 -0.0168753 0.0294282 0.0848379 -0.0168753 0.0305 0.0860835 -0.00847848 0.0294282 0.0865 8.403e-18 0.0294282 0.0848379 0.0168753 0.0294282 0.0827753 0.0251096 0.0294282 0.0799156 0.0331021 0.0305 0.0799156 0.0331021 0.0294282 0.0754661 0.0422743 0.0305 0.0762862 0.0407758 0.0294282 0.0719221 0.0480568 0.0305 0.0719221 0.0480568 0.0294282 0.0668654 0.054875 0.0294282 0.0611647 0.0611647 0.0305 0.0611647 0.0611647 0.0294282 0.0543894 0.067261 0.0305 0.054875 0.0668654 0.0294282 0.0480568 0.0719221 0.0305 0.0168753 0.0848379 0.0294282 0.0192866 0.0843224 0.0305 0.0251096 0.0827753 0.0294282 0.0331021 0.0799156 0.0305 0.0480568 0.0719221 0.0294282 0.0407758 0.0762862 0.0294282 0.0331021 0.0799156 0.0294282 0.00847848 0.0860835 0.0294282 0.0155391 0.085082 0.0305 -0.063 1.15729e-17 0.0305 -0.0614205 0.0140188 0.0305 0.0713207 -0.037482 0.0305 0.0773066 1.19791e-08 0.0305 -0.00277128 0.0789066 0.0305 -0.0773066 -1.19791e-08 0.0305 0.00277128 -0.0789066 0.0305 -0.0352533 -0.0697207 0.0305 -0.0359232 -0.0722208 0.0305 -0.0377533 -0.0740509 0.0305 -0.0377533 -0.0653906 0.0305 -0.0359232 -0.0672207 0.0305 -0.0452533 -0.0697207 0.0305 -0.0445834 -0.0722208 0.0305 -0.0427533 -0.0740509 0.0305 -0.0402533 -0.0747207 0.0305 -0.0445834 -0.0672207 0.0305 -0.0427533 -0.0653906 0.0305 -0.0402533 -0.0647207 0.0305 -0.0713207 -0.037482 0.0305 -0.0697207 0.0370533 0.0305 -0.056761 0.0273347 0.0305 -0.0492554 0.0392799 0.0305 -0.0392799 0.0492554 0.0305 -0.0273347 0.056761 0.0305 -0.0445834 0.0672207 0.0305 -0.0452533 0.0697207 0.0305 -0.0359232 0.0722208 0.0305 -0.0352533 0.0697207 0.0305 -0.0359232 0.0672207 0.0305 -0.0377533 0.0653906 0.0305 -0.0402533 0.0647207 0.0305 -0.0427533 0.0653906 0.0305 -0.0377533 0.0740509 0.0305 -0.0402533 0.0747207 0.0305 -0.0427533 0.0740509 0.0305 -0.0445834 0.0722208 0.0305 0.0452533 0.0697207 0.0305 0.0445834 0.0672207 0.0305 0.0427533 0.0653906 0.0305 0.0402533 0.0647207 0.0305 0.0377533 0.0653906 0.0305 0.0359232 0.0672207 0.0305 0.0352533 0.0697207 0.0305 0.0359232 0.0722208 0.0305 0.0377533 0.0740509 0.0305 0.0402533 0.0747207 0.0305 0.0427533 0.0740509 0.0305 0.0445834 0.0722208 0.0305 0.0697207 -0.0370533 0.0305 0.0377533 -0.0740509 0.0305 0.0402533 -0.0747207 0.0305 0.0427533 -0.0740509 0.0305 0.0402533 -0.0647207 0.0305 0.0427533 -0.0653906 0.0305 0.0273347 -0.056761 0.0305 0.0445834 -0.0672207 0.0305 0.0452533 -0.0697207 0.0305 0.0445834 -0.0722208 0.0305 0.0359232 -0.0722208 0.0305 0.0352533 -0.0697207 0.0305 0.0359232 -0.0672207 0.0305 0.0377533 -0.0653906 0.0305 0.0140188 -0.0614205 0.0305 -1.54305e-17 -0.063 0.0305 -0.0140188 -0.0614205 0.0305 -0.0273347 -0.056761 0.0305 0.056761 -0.0273347 0.0305 0.0492554 -0.0392799 0.0305 0.0392799 -0.0492554 0.0305 0.063 -3.85764e-18 0.0305 0.0614205 -0.0140188 0.0305 0.0614205 0.0140188 0.0305 0.056761 0.0273347 0.0305 0.0492554 0.0392799 0.0305 0.0392799 0.0492554 0.0305 -0.0140188 0.0614205 0.0305 0 0.063 0.0305 0.0140188 0.0614205 0.0305 0.0273347 0.056761 0.0305 -0.0392799 -0.0492554 0.0305 -0.0614205 -0.0140188 0.0305 -0.056761 -0.0273347 0.0305 -0.0492554 -0.0392799 0.0305 0.0679367 -0.0302474 0.025866 0.0713806 0.0191264 0.0262321 0.0644029 0.037183 0.025866 -0.0556363 -0.0500951 0.025 -0.0605679 -0.0440051 0.025 -0.0564681 -0.047382 0.0264996 0.0601634 -0.0437113 0.025866 0.0644029 -0.037183 0.025866 -0.0683935 0.0304508 0.025 -0.0744559 -0.00782563 0.025 -0.0648359 -0.037433 0.025 -0.0500951 -0.0556363 0.025 -0.0439264 -0.0604595 0.0255 -0.07323 -0.0155655 0.025 -0.0712018 -0.0231349 0.025 -0.0683935 -0.0304508 0.025 -0.0712018 0.0231349 0.025 -0.07323 0.0155655 0.025 -0.0744559 0.00782563 0.025 -0.074866 4.21506e-17 0.025 -0.0648359 0.037433 0.025 -0.0605679 0.0440051 0.025 -0.0556363 0.0500951 0.025 -0.0500951 0.0556363 0.025 -0.0437113 0.0601634 0.025866 -0.037183 0.0644029 0.025866 -0.0304508 0.0683935 0.02475 -0.0231349 0.0712018 0.025 -0.0155655 0.07323 0.025 -0.00782563 0.0744559 0.025 4.1559e-17 0.074866 0.025 0.00782563 0.0744559 0.025 0.0155655 0.07323 0.025 0.0231349 0.0712018 0.025 0.037366 0.0647199 0.0255 0.0440051 0.0605679 0.02475 0.0500951 0.0556363 0.025 0.0556363 0.0500951 0.025 0.07323 -0.0155655 0.025 0.0745274 -0.00390581 0.0255 -0.037183 -0.0644029 0.025866 -0.0267449 -0.0696728 0.0255 -0.00777337 -0.0739586 0.025866 0.0229804 -0.0707263 0.025866 0.037366 -0.0647199 0.0255 0.0439264 -0.0604595 0.0255 0.0500055 -0.0555367 0.0255 0.0555367 -0.0500055 0.0255 -0.0639831 -0.0363859 0.0264998 -0.070958 -0.019838 0.0264999 -0.0667419 -0.0310006 0.0264998 -0.0732964 0.00626892 0.0265 -0.0737973 -0.00386755 0.0262321 -0.0621825 0.0396428 0.0264998 -0.0549927 0.0495157 0.0262321 -0.0495157 0.0549927 0.0262321 -0.0264829 0.0689903 0.0262321 -0.0115603 0.0729888 0.0262321 4.10783e-17 0.074 0.0262321 0.00773511 0.0735946 0.0262321 0.0153855 0.0723829 0.0262321 0.0227127 0.0699027 0.026366 0.0302474 0.0679367 0.025866 0.037 0.0640859 0.0262321 0.0465059 0.05743 0.0262321 0.0735946 0.00773511 0.0262321 0.0707263 -0.0229804 0.025866 0.0723829 -0.0153855 0.0262321 0.0522542 -0.0522542 0.0262321 0.037 -0.0640859 0.0262321 0.0300985 -0.0676024 0.0262321 0.0115603 -0.0729888 0.0262321 0 -0.074 0.0262321 -0.0191264 -0.0713806 0.0262321 -0.0465059 -0.05743 0.0262321 0.0605679 0.0440051 0.025 0.0679367 0.0302474 0.025866 0.0737973 -0.00386755 0.0262321 0.0204245 0.0737231 -0.0188 -0.0204245 0.0737231 -0.0188 -0.00688243 0.0761898 -0.0188 0.00688243 0.0761898 -0.0188 -0.0544262 0.0537591 -0.0188 -0.0638033 0.0422065 -0.0188 -0.0707667 0.0290572 -0.0188 -0.075053 0.0148087 -0.0188 -0.0765 -1.37297e-15 -0.0188 -0.075053 -0.0148087 -0.0188 -0.0707667 -0.0290572 -0.0188 -0.0638033 -0.0422065 -0.0188 -0.0544262 -0.0537591 -0.0188 0.0544262 -0.0537591 -0.0188 0.0765 1.12579e-15 -0.0188 0.075053 0.0148087 -0.0188 0.0707667 0.0290572 -0.0188 0.0638033 0.0422065 -0.0188 0.0544262 0.0537591 -0.0188 0.0638033 -0.0422065 -0.0188 0.0707667 -0.0290572 -0.0188 0.075053 -0.0148087 -0.0188 -0.0204245 -0.0737231 -0.0188 0.0204245 -0.0737231 -0.0188 0.00688243 -0.0761898 -0.0188 -0.00688243 -0.0761898 -0.0188 -1.55931e-17 -0.0749066 -0.0185 -0.00688243 -0.0761898 -0.0185 0.00688243 -0.0761898 -0.0185 -0.0410533 0.0627666 -0.0185117 -0.0544262 0.0537591 -0.0185 0.0661809 -0.0350869 -0.0185 0.0638033 -0.0422065 -0.0185 0.0707667 -0.0290572 -0.0185 -0.075053 -0.0148087 -0.0185 -0.0707667 -0.0290572 -0.0185 -0.0707667 0.0290572 -0.0185 -0.075053 0.0148087 -0.0185 -0.0721762 0.0200396 -0.0185 -0.0695865 0.0277258 -0.0185 -0.0661809 0.0350869 -0.0185 -0.0638033 0.0422065 -0.0185 0.0410533 -0.0627666 -0.0185117 0.0338309 -0.0669363 -0.0184993 0.0239178 -0.0709855 -0.0185 0.0204245 -0.0737231 -0.0185 0.0121008 -0.0738114 -0.0185 0.00688243 0.0761898 -0.0185 0.0204245 0.0737231 -0.0185 0.0239178 0.0709855 -0.0185 0.0338312 0.0669362 -0.0185295 0.0544262 0.0537591 -0.0185 -0.00688243 0.0761898 -0.0185 0 0.0749066 -0.0185 0.0121008 0.0738114 -0.0185 -0.0121008 -0.0738114 -0.0185 -0.0204245 -0.0737231 -0.0185 -0.0239178 -0.0709855 -0.0185 -0.0338312 -0.0669362 -0.0185295 -0.0544262 -0.0537591 -0.0185 -0.0595452 0.045265 -0.0185 -0.0515132 0.0543818 -0.0185 0.0543021 0.0514377 -0.0185 0.0638033 0.0422065 -0.0185 0.0544262 -0.0537591 -0.0185 -0.0338309 0.0669363 -0.0184993 -0.0239178 0.0709855 -0.0185 -0.0204245 0.0737231 -0.0185 -0.0121008 0.0738114 -0.0185 -0.0543021 -0.0514377 -0.0185 -0.0638033 -0.0422065 -0.0185 -0.0619994 -0.0420366 -0.0185 -0.0661809 -0.0350869 -0.0185 -0.0695865 -0.0277258 -0.0185 -0.073048 -0.0160791 -0.0185 -0.0747967 -0.00405536 -0.0185 -0.0765 -1.37297e-15 -0.0185 -0.0743583 0.00808695 -0.0185 0.075053 0.0148087 -0.0185 0.0747967 0.00405536 -0.0185 0.0765 1.12579e-15 -0.0185 0.075053 -0.0148087 -0.0185 0.0743583 -0.00808695 -0.0185 0.0721762 -0.0200396 -0.0185 0.0695865 -0.0277258 -0.0185 0.0595452 -0.045265 -0.0185 0.0515132 -0.0543818 -0.0185 0.0619994 0.0420366 -0.0185 0.0661809 0.0350869 -0.0185 0.0707667 0.0290572 -0.0185 0.0695865 0.0277258 -0.0185 0.073048 0.0160791 -0.0185 0.0540423 -0.045904 -0.0225 0.0586886 -0.0397919 -0.0225 0.00766635 0.0704909 -0.0225 0.0365562 0.0607568 -0.0225 0.0297729 0.0643531 -0.0225 0.0226406 0.0671948 -0.0225 0.0152428 0.0692488 -0.0225 0.0429108 0.0564482 -0.0225 0.0487624 0.0514779 -0.0225 0.0540423 0.045904 -0.0225 0.0586886 0.0397919 -0.0225 0.0626468 0.0332132 -0.0225 0.0708026 -0.00383881 -0.0225 0.0708026 0.00383881 -0.0225 0.0699725 0.0114714 -0.0225 0.068322 0.0189695 -0.0225 0.0658706 0.0262452 -0.0225 0.0699725 -0.0114714 -0.0225 0.068322 -0.0189695 -0.0225 0.0658706 -0.0262452 -0.0225 0.0626468 -0.0332132 -0.0225 0.0487624 -0.0514779 -0.0225 0.0429108 -0.0564482 -0.0225 0.0365562 -0.0607568 -0.0225 0.0297729 -0.0643531 -0.0225 0.0226406 -0.0671948 -0.0225 0.0152428 -0.0692488 -0.0225 0.00766635 -0.0704909 -0.0225 -0.00766635 -0.0704909 -0.0225 8.68355e-18 -0.0709066 -0.0225 -0.0365562 -0.0607568 -0.0225 -0.0297729 -0.0643531 -0.0225 -0.0226406 -0.0671948 -0.0225 -0.0152428 -0.0692488 -0.0225 -0.0626468 -0.0332132 -0.0225 -0.0586886 -0.0397919 -0.0225 -0.0540423 -0.045904 -0.0225 -0.0487624 -0.0514779 -0.0225 -0.0429108 -0.0564482 -0.0225 -0.0658706 -0.0262452 -0.0225 -0.068322 -0.0189695 -0.0225 -0.0699725 -0.0114714 -0.0225 -0.0658706 0.0262452 -0.0225 -0.068322 0.0189695 -0.0225 -0.0699725 0.0114714 -0.0225 -0.0708026 0.00383881 -0.0225 -0.0708026 -0.00383881 -0.0225 -0.0626468 0.0332132 -0.0225 -0.0586886 0.0397919 -0.0225 -0.0540423 0.045904 -0.0225 -0.0487624 0.0514779 -0.0225 -0.0429108 0.0564482 -0.0225 -0.0226406 0.0671948 -0.0225 -0.0297729 0.0643531 -0.0225 -0.0365562 0.0607568 -0.0225 -1.73671e-17 0.0709066 -0.0225 -0.00766635 0.0704909 -0.0225 -0.0152428 0.0692488 -0.0225 -0.0251096 -0.0827753 -0.0265 -0.0168753 -0.0848379 -0.0265 -0.00847848 -0.0860835 -0.0265 0 -0.0865 -0.0265 -0.0331021 -0.0799156 -0.0265 -0.0407758 -0.0762862 -0.0265 -0.0480568 -0.0719221 -0.0265 -0.054875 -0.0668654 -0.0265 -0.0611647 -0.0611647 -0.0265 -0.0668654 -0.054875 -0.0265 -0.0719221 -0.0480568 -0.0265 -0.0762862 -0.0407758 -0.0265 -0.0799156 -0.0331021 -0.0265 -0.0827753 -0.0251096 -0.0265 -0.0848379 -0.0168753 -0.0265 -0.0860835 -0.00847848 -0.0265 -0.0865 1.08039e-17 -0.0265 -0.0860835 0.00847848 -0.0265 -0.0848379 0.0168753 -0.0265 -0.0827753 0.0251096 -0.0265 -0.0799156 0.0331021 -0.0265 -0.0762862 0.0407758 -0.0265 -0.0719221 0.0480568 -0.0265 -0.0668654 0.054875 -0.0265 -0.0611647 0.0611647 -0.0265 -0.054875 0.0668654 -0.0265 -0.0480568 0.0719221 -0.0265 -0.0407758 0.0762862 -0.0265 -0.0331021 0.0799156 -0.0265 -0.0251096 0.0827753 -0.0265 -0.0168753 0.0848379 -0.0265 -0.00847848 0.0860835 -0.0265 6.00214e-18 0.0865 -0.0265 0.00847848 0.0860835 -0.0265 0.0168753 0.0848379 -0.0265 0.0251096 0.0827753 -0.0265 0.0331021 0.0799156 -0.0265 0.0407758 0.0762862 -0.0265 0.0480568 0.0719221 -0.0265 0.054875 0.0668654 -0.0265 0.0611647 0.0611647 -0.0265 0.0668654 0.054875 -0.0265 0.0719221 0.0480568 -0.0265 0.0762862 0.0407758 -0.0265 0.0799156 0.0331021 -0.0265 0.0827753 0.0251096 -0.0265 0.0848379 0.0168753 -0.0265 0.0860835 0.00847848 -0.0265 0.0865 -8.403e-18 -0.0265 0.0860835 -0.00847848 -0.0265 0.0848379 -0.0168753 -0.0265 0.0827753 -0.0251096 -0.0265 0.0799156 -0.0331021 -0.0265 0.0762862 -0.0407758 -0.0265 0.0719221 -0.0480568 -0.0265 0.0668654 -0.054875 -0.0265 0.0611647 -0.0611647 -0.0265 0.054875 -0.0668654 -0.0265 0.0480568 -0.0719221 -0.0265 0.0407758 -0.0762862 -0.0265 0.0331021 -0.0799156 -0.0265 0.0251096 -0.0827753 -0.0265 0.0168753 -0.0848379 -0.0265 0.00847848 -0.0860835 -0.0265 -0.0699726 -0.0114712 -0.0345006 0.0152422 0.069249 -0.0345008 5.90776e-08 0.0709067 -0.0345006 -0.0363992 0.0630331 -0.0338181 -0.0626468 0.0332135 -0.0345006 -0.0631426 0.0364554 -0.033611 -0.058689 -0.0397914 -0.0345007 -0.0442928 -0.0581766 -0.0343994 -0.0363887 -0.0630391 -0.0338181 9.60981e-18 -0.0730731 -0.0340253 0.0487625 -0.0514778 -0.0345012 0.0632831 -0.0365365 -0.0340253 0.0632775 0.0365333 -0.0340353 0.0442928 0.0581766 -0.0343994 -0.028236 0.067447 -0.0343994 -0.0214908 0.0696716 -0.033611 -0.0152283 0.0716434 -0.0343593 -0.0464322 0.0564705 -0.0343994 -0.0572644 0.0456669 -0.0343593 -0.0540426 0.0459037 -0.0345008 -0.06892 0.0246963 -0.0343593 -0.0716019 -0.0141002 -0.0340052 -0.0683915 -0.0256653 -0.0339609 -0.0658706 -0.0262454 -0.0345007 -0.0541833 -0.0487868 -0.033611 -0.0571308 -0.0455603 -0.0340253 -0.0167323 -0.0708999 -0.0335625 -0.0235898 -0.0690591 -0.0340052 -0.0108655 -0.0720882 -0.0335625 -0.00766648 -0.070491 -0.034501 0.0307833 -0.0664472 -0.0343994 0.0215387 -0.0698266 -0.0340253 0.015159 -0.0713175 -0.033611 0.010891 -0.0722569 -0.0340253 0.0430517 -0.0592556 -0.0343593 0.0569974 -0.0454539 -0.0335625 0.0586884 -0.0397922 -0.034501 0.0728557 -0.00655842 -0.0341923 0.071241 -0.0162603 -0.0340253 0.068682 -0.0246136 -0.0338181 0.070806 0.0178446 -0.0340052 0.0726901 0.006541 -0.0338181 0.067863 0.0266343 -0.0335625 0.0541833 0.0487868 -0.033611 0.0571308 0.0455603 -0.0340253 0.0235898 0.0690591 -0.0340052 -0.010891 0.0722569 -0.0340253 0 0.0729108 -0.033611 0.0109164 0.0724259 -0.0343593 0.0167323 0.0708999 -0.0335625 -0.0182463 0.0701889 -0.0327023 -0.0305126 0.0658621 -0.0327023 -0.0417819 0.0593557 -0.0327023 -0.0494673 0.053313 -0.0331398 -0.0541833 0.0487868 -0.033611 -0.0675766 0.0265219 -0.0327023 -0.0699085 0.0192927 -0.0327023 -0.0716019 0.0141002 -0.0340052 -0.0729973 0.00205241 -0.0340152 -0.0724435 -0.00651753 -0.0332369 -0.0417819 -0.0593557 -0.0327023 -0.0305126 -0.0658621 -0.0327023 0.028493 -0.0666472 -0.0325905 0.0363974 -0.0630293 -0.0337939 0.0722945 -0.00650637 -0.0327023 0.0698116 0.0195459 -0.0325029 0.0417819 0.0593557 -0.0327023 0.0410721 0.0602417 -0.033611 0.0317052 0.0658365 -0.0340253 0.0305126 0.0658621 -0.0327023 0.0417819 -0.0593557 -0.0327023 0.0506774 -0.0522151 -0.0333754 0.0675927 -0.0265282 -0.032542 0.0494903 0.0533379 -0.0330765 0.0567704 0.0452729 -0.032542 0.0629289 0.036332 -0.0324619 0.072409 0.00542631 -0.032542 0.0707915 -0.0161577 -0.032542 0.0629289 -0.036332 -0.0324619 0.0214228 -0.0694509 -0.0324153 0.0108223 -0.071801 -0.032542 6.0505e-18 -0.072664 -0.0324619 -0.0494903 -0.0533379 -0.0330765 -0.0567704 -0.0452729 -0.032542 -0.0630357 -0.0363937 -0.0330365 -0.00541113 0.0722325 -0.0325019 0.0108235 0.0718093 -0.0325905 0.0214228 0.0694509 -0.0324153 0.0568234 -0.0453152 -0.0324153 0.0494349 -0.0532781 -0.0324153 -0.0161276 -0.0706595 -0.0324153 -0.0676558 -0.0265529 -0.0324153 -0.0699085 -0.0192927 -0.0327023 -0.0724897 -0.004071 -0.0324903 -0.0723728 0.00596791 -0.0326147 -0.0629289 0.036332 -0.0324619 -0.0567769 0.0452781 -0.0325905 -0.0494349 0.0532781 -0.0324153 0.0163192 0.0723864 -0.0323 0.0316488 0.0657194 -0.0323 0.0453521 0.0568697 -0.0323 0.0576733 0.0470057 -0.0323 0.0652325 0.035535 -0.0323 0.0714553 0.0203152 -0.0323 0.0723328 -0.00269508 -0.0323 0.0698536 -0.025573 -0.0323 0.0511906 -0.0511745 -0.0323 0.0187231 -0.0699196 -0.0323 -0.0054358 -0.0725357 -0.0323 -0.0265746 -0.0677109 -0.0323 -0.0453521 -0.0568697 -0.0323 -0.0699392 -0.0180638 -0.0323 -0.0703952 0.0195012 -0.0323 -0.0570292 0.0454792 -0.0323 -0.0453521 0.0568697 -0.0323 -0.0319262 0.0672079 -0.0323 -0.0027179 0.0742029 -0.0323 0.0190602 -0.0728627 -0.0323 -0.013669 -0.0740636 -0.0323 -0.041751 -0.0631067 -0.0323 -0.0591308 -0.044689 -0.0323 -0.0703409 -0.026915 -0.0323 -0.0751269 0.00617929 -0.0323 -0.0611419 0.0432649 -0.0323 -0.0462461 0.0598908 -0.0323 -0.0223329 0.0731155 -0.0323014 0.0438314 0.061246 -0.0323 0.0753144 1.10683e-05 -0.0323 0.0617422 -0.0419919 -0.0323 0.041751 -0.0631067 -0.0323 1.98832e-18 -0.0762356 -0.0328627 -0.0446143 0.0614063 -0.033611 0.0134726 0.0749793 -0.0327023 0 0.0762011 -0.032542 -0.0756923 0.00832852 -0.0324619 0.0219509 0.0729618 -0.0326623 -0.0110874 0.0753376 -0.0324619 -0.0320026 0.0691426 -0.0326623 -0.0420166 0.0635082 -0.0324619 -0.0508157 0.0567138 -0.0324619 -0.0585318 0.0487105 -0.0324619 -0.0650373 0.0396917 -0.0326623 -0.0761237 -0.00139056 -0.0324619 -0.0720706 -0.0245871 -0.0324619 -0.0660219 -0.0381178 -0.0328627 -0.0677226 -0.0348186 -0.0324619 -0.0619313 -0.0443081 -0.0324619 -0.055737 -0.0519323 -0.0326623 -0.042757 -0.062599 -0.0336311 -0.0465403 -0.0602718 -0.0324619 -0.0372687 -0.0664058 -0.0324619 -0.0272028 -0.0711245 -0.0324619 -0.00555853 -0.075946 -0.0324619 0.00555853 -0.075946 -0.0324619 0.0165571 -0.0743273 -0.0324619 0.0271154 -0.0708961 -0.0336311 0.0308723 -0.0693403 -0.033611 0.0272028 -0.0711245 -0.0324619 0.0372687 -0.0664058 -0.0324619 0.0465403 -0.0602718 -0.0324619 0.05482 -0.0528531 -0.0324619 0.0676129 -0.0347622 -0.0330365 0.0619313 -0.0443081 -0.0324619 0.0720706 -0.0245871 -0.0324619 0.0760983 -0.00278112 -0.0324619 0.0721875 0.0234551 -0.033611 0.0756923 0.00832852 -0.0324619 0.073673 0.0192607 -0.0324619 0.0650004 0.0396692 -0.0324619 0.0583422 0.0485527 -0.033611 0.0566541 0.0510115 -0.0328627 0.0585318 0.0487105 -0.0324619 0.0434134 0.062592 -0.0326623 0.0508157 0.0567138 -0.0324619 0.032322 0.0689491 -0.0324619 -0.0583422 0.0485527 -0.033611 -0.0566541 0.0510115 -0.0328627 -0.0506511 0.05653 -0.033611 -0.073673 0.0192607 -0.0324619 -0.0712939 0.0266702 -0.0326623 -0.0758039 -0.00103812 -0.0338251 -0.075463 0.00816361 -0.033621 -0.0747611 -0.0138091 -0.0330365 -0.0549631 -0.0520965 -0.0340052 -0.0617306 -0.0441645 -0.033611 -0.0308723 -0.0693403 -0.033611 -0.037148 -0.0661906 -0.033611 -0.0165571 -0.0743273 -0.0324619 0.0161972 -0.0739849 -0.0340052 0.0457017 -0.061008 -0.0328627 0.037148 -0.0661906 -0.033611 0.0753502 -0.0109001 -0.0326623 0.0680527 0.03395 -0.0326623 0.0424702 0.0626933 -0.0340052 0.0506511 0.05653 -0.033611 0 0.0759024 -0.033611 0.0110515 0.0750935 -0.033611 0.00554052 -0.0756999 -0.033611 0.0407038 -0.0635222 -0.0343994 0.0461885 -0.0598162 -0.0343994 0.0564065 -0.0507886 -0.033611 0.0615987 -0.0440701 -0.0340253 0.0657334 -0.0379512 -0.033611 0.0695258 -0.0295324 -0.0340253 0.0754668 0.00811775 -0.033611 0.0734343 0.0191982 -0.033611 0.0686789 0.0316788 -0.0340052 0.0263896 0.0710049 -0.033611 0.0157117 0.0739178 -0.0343593 -0.015781 0.0742437 -0.033611 -0.0262553 0.0707046 -0.0343994 -0.0369343 0.0657975 -0.0342123 -0.0702853 0.0280706 -0.0340052 -0.0719355 -0.0239551 -0.0338181 -0.0161972 -0.0739849 -0.0340052 -0.00554052 -0.0756999 -0.033611 -0.0552112 0.0514412 -0.0343994 -0.0651212 0.0386602 -0.0340052 -0.0749036 -0.0108308 -0.0340253 -0.0634558 -0.0408801 -0.0343994 -0.0672026 -0.0344204 -0.0345 -0.0270567 -0.0707425 -0.0340253 -0.0463909 -0.0600782 -0.0336311 -1.80089e-19 -0.0754727 -0.0343994 0.0741637 -0.01413 -0.0345 0.0646676 0.0390364 -0.0345 0.0552112 0.0514412 -0.0343994 0.0262553 0.0707046 -0.0343994 -0.0110518 0.0750957 -0.0336311 0.00550211 0.0751816 -0.0344495 0.0322182 0.0687276 -0.0336311 0.0741288 0.0136918 -0.0344495 0.0755998 -0.00405102 -0.0340102 0.0545256 -0.0525693 -0.0340253 -0.0441212 0.0580404 -0.0190359 -0.0441212 -0.0580404 -0.0190359 -0.0501378 -0.0529299 -0.0190359 -0.0555666 -0.0471987 -0.0190359 -0.060344 -0.0409142 -0.0190359 -0.0644138 -0.0341501 -0.0190359 -0.0677285 -0.0269855 -0.0190359 -0.0702491 -0.0195046 -0.0190359 -0.0719462 -0.011795 -0.0190359 -0.0727997 -0.00394708 -0.0190359 -0.0727997 0.00394708 -0.0190359 -0.0719462 0.011795 -0.0190359 -0.0702491 0.0195046 -0.0190359 -0.0677285 0.0269855 -0.0190359 -0.0644138 0.0341501 -0.0190359 -0.060344 0.0409142 -0.0190359 -0.0555666 0.0471987 -0.0190359 -0.0501378 0.0529299 -0.0190359 -0.0306127 -0.0661682 -0.0190359 -0.0375873 -0.0624705 -0.0190359 0.0306127 -0.0661682 -0.0190359 0.0232792 -0.0690902 -0.0190359 0.0156728 -0.0712021 -0.0190359 0.00788259 -0.0724792 -0.0190359 -1.51767e-17 -0.0729066 -0.0190359 -0.00788259 -0.0724792 -0.0190359 -0.0156728 -0.0712021 -0.0190359 -0.0232792 -0.0690902 -0.0190359 0.0441212 -0.0580404 -0.0190359 0.0375873 -0.0624705 -0.0190359 0.0441212 0.0580404 -0.0190359 0.0501378 0.0529299 -0.0190359 0.0555666 0.0471987 -0.0190359 0.060344 0.0409142 -0.0190359 0.0644138 0.0341501 -0.0190359 0.0677285 0.0269855 -0.0190359 0.0702491 0.0195046 -0.0190359 0.0719462 0.011795 -0.0190359 0.0727997 0.00394708 -0.0190359 0.0727997 -0.00394708 -0.0190359 0.0719462 -0.011795 -0.0190359 0.0702491 -0.0195046 -0.0190359 0.0677285 -0.0269855 -0.0190359 0.0644138 -0.0341501 -0.0190359 0.060344 -0.0409142 -0.0190359 0.0555666 -0.0471987 -0.0190359 0.0501378 -0.0529299 -0.0190359 0.0306127 0.0661682 -0.0190359 0.0375873 0.0624705 -0.0190359 -0.0375873 0.0624705 -0.0190359 -0.0306127 0.0661682 -0.0190359 -0.0232792 0.0690902 -0.0190359 -0.0156728 0.0712021 -0.0190359 -0.00788259 0.0724792 -0.0190359 0 0.0729066 -0.0190359 0.00788259 0.0724792 -0.0190359 0.0156728 0.0712021 -0.0190359 0.0232792 0.0690902 -0.0190359 0.00772429 0.0710237 -0.0205 0.015358 0.0697722 -0.0205 0.0228117 0.0677027 -0.0205 0.0299979 0.0648394 -0.0205 0.0368324 0.061216 -0.0205 0.0432351 0.0568749 -0.0205 0.049131 0.0518669 -0.0205 0.0544508 0.0462509 -0.0205 0.0591322 0.0400926 -0.0205 0.0631203 0.0334643 -0.0205 0.0663684 0.0264436 -0.0205 0.0688384 0.0191129 -0.0205 0.0705013 0.0115581 -0.0205 0.0713377 0.00386782 -0.0205 0.0713377 -0.00386782 -0.0205 0.0705013 -0.0115581 -0.0205 0.0688384 -0.0191129 -0.0205 0.0663684 -0.0264436 -0.0205 0.0631203 -0.0334643 -0.0205 0.0591322 -0.0400926 -0.0205 0.0544508 -0.0462509 -0.0205 0.049131 -0.0518669 -0.0205 0.0432351 -0.0568749 -0.0205 0.0368324 -0.061216 -0.0205 0.0299979 -0.0648394 -0.0205 0.0228117 -0.0677027 -0.0205 0.015358 -0.0697722 -0.0205 0.00772429 -0.0710237 -0.0205 -1.4872e-17 -0.0714425 -0.0205 -0.00772429 -0.0710237 -0.0205 -0.015358 -0.0697722 -0.0205 -0.0228117 -0.0677027 -0.0205 -0.0299979 -0.0648394 -0.0205 -0.0368324 -0.061216 -0.0205 -0.0432351 -0.0568749 -0.0205 -0.049131 -0.0518669 -0.0205 -0.0544508 -0.0462509 -0.0205 -0.0591322 -0.0400926 -0.0205 -0.0631203 -0.0334643 -0.0205 -0.0663684 -0.0264436 -0.0205 -0.0688384 -0.0191129 -0.0205 -0.0705013 -0.0115581 -0.0205 -0.0713377 -0.00386782 -0.0205 -0.0713377 0.00386782 -0.0205 -0.0705013 0.0115581 -0.0205 -0.0688384 0.0191129 -0.0205 -0.0663684 0.0264436 -0.0205 -0.0631203 0.0334643 -0.0205 -0.0591322 0.0400926 -0.0205 -0.0544508 0.0462509 -0.0205 -0.049131 0.0518669 -0.0205 -0.0432351 0.0568749 -0.0205 -0.0368324 0.061216 -0.0205 -0.0299979 0.0648394 -0.0205 -0.0228117 0.0677027 -0.0205 -0.015358 0.0697722 -0.0205 -0.00772429 0.0710237 -0.0205 0 0.0714425 -0.0205 0.00867452 -0.0880738 -0.0230359 0.0172655 -0.0867995 -0.0230359 0.0256902 -0.0846892 -0.0230359 0.0338675 -0.0817633 -0.0230359 0.0417186 -0.07805 -0.0230359 0.049168 -0.0735851 -0.0230359 0.0561438 -0.0684114 -0.0230359 0.062579 -0.062579 -0.0230359 0.0684114 -0.0561438 -0.0230359 0.0735851 -0.049168 -0.0230359 0.07805 -0.0417186 -0.0230359 0.0817633 -0.0338675 -0.0230359 0.0846892 -0.0256902 -0.0230359 0.0867995 -0.0172655 -0.0230359 0.0880738 -0.00867452 -0.0230359 0.0885 -8.59729e-18 -0.0230359 0.0880738 0.00867452 -0.0230359 0.0867995 0.0172655 -0.0230359 0.0846892 0.0256902 -0.0230359 0.0817633 0.0338675 -0.0230359 0.07805 0.0417186 -0.0230359 0.0735851 0.049168 -0.0230359 0.0684114 0.0561438 -0.0230359 0.062579 0.062579 -0.0230359 0.0561438 0.0684114 -0.0230359 0.049168 0.0735851 -0.0230359 0.0417186 0.07805 -0.0230359 0.0338675 0.0817633 -0.0230359 0.0256902 0.0846892 -0.0230359 0.0172655 0.0867995 -0.0230359 0.00867452 0.0880738 -0.0230359 6.14092e-18 0.0885 -0.0230359 -0.00867452 0.0880738 -0.0230359 -0.0172655 0.0867995 -0.0230359 -0.0256902 0.0846892 -0.0230359 -0.0338675 0.0817633 -0.0230359 -0.0417186 0.07805 -0.0230359 -0.049168 0.0735851 -0.0230359 -0.0561438 0.0684114 -0.0230359 -0.062579 0.062579 -0.0230359 -0.0684114 0.0561438 -0.0230359 -0.0735851 0.049168 -0.0230359 -0.07805 0.0417186 -0.0230359 -0.0817633 0.0338675 -0.0230359 -0.0846892 0.0256902 -0.0230359 -0.0867995 0.0172655 -0.0230359 -0.0880738 0.00867452 -0.0230359 -0.0885 1.10537e-17 -0.0230359 -0.0880738 -0.00867452 -0.0230359 -0.0867995 -0.0172655 -0.0230359 -0.0846892 -0.0256902 -0.0230359 -0.0817633 -0.0338675 -0.0230359 -0.07805 -0.0417186 -0.0230359 -0.0735851 -0.049168 -0.0230359 -0.0684114 -0.0561438 -0.0230359 -0.062579 -0.062579 -0.0230359 -0.0561438 -0.0684114 -0.0230359 -0.049168 -0.0735851 -0.0230359 -0.0417186 -0.07805 -0.0230359 -0.0338675 -0.0817633 -0.0230359 -0.0256902 -0.0846892 -0.0230359 -0.0172655 -0.0867995 -0.0230359 -0.00867452 -0.0880738 -0.0230359 0 -0.0885 -0.0230359 0.00853101 -0.0866168 -0.0245 0.0169799 -0.0853635 -0.0245 0.0252652 -0.0832882 -0.0245 0.0333072 -0.0804107 -0.0245 0.0410284 -0.0767588 -0.0245 0.0483546 -0.0723677 -0.0245 0.055215 -0.0672797 -0.0245 0.0615437 -0.0615437 -0.0245 0.0672797 -0.055215 -0.0245 0.0723677 -0.0483546 -0.0245 0.0767588 -0.0410284 -0.0245 0.0804107 -0.0333072 -0.0245 0.0832882 -0.0252652 -0.0245 0.0853635 -0.0169799 -0.0245 0.0866168 -0.00853101 -0.0245 0.0870359 -8.45506e-18 -0.0245 0.0866168 0.00853101 -0.0245 0.0853635 0.0169799 -0.0245 0.0832882 0.0252652 -0.0245 0.0804107 0.0333072 -0.0245 0.0767588 0.0410284 -0.0245 0.0723677 0.0483546 -0.0245 0.0672797 0.055215 -0.0245 0.0615437 0.0615437 -0.0245 0.055215 0.0672797 -0.0245 0.0483546 0.0723677 -0.0245 0.0410284 0.0767588 -0.0245 0.0333072 0.0804107 -0.0245 0.0252652 0.0832882 -0.0245 0.0169799 0.0853635 -0.0245 0.00853101 0.0866168 -0.0245 6.03933e-18 0.0870359 -0.0245 -0.00853101 0.0866168 -0.0245 -0.0169799 0.0853635 -0.0245 -0.0252652 0.0832882 -0.0245 -0.0333072 0.0804107 -0.0245 -0.0410284 0.0767588 -0.0245 -0.0483546 0.0723677 -0.0245 -0.055215 0.0672797 -0.0245 -0.0615437 0.0615437 -0.0245 -0.0672797 0.055215 -0.0245 -0.0723677 0.0483546 -0.0245 -0.0767588 0.0410284 -0.0245 -0.0804107 0.0333072 -0.0245 -0.0832882 0.0252652 -0.0245 -0.0853635 0.0169799 -0.0245 -0.0866168 0.00853101 -0.0245 -0.0870359 1.08708e-17 -0.0245 -0.0866168 -0.00853101 -0.0245 -0.0853635 -0.0169799 -0.0245 -0.0832882 -0.0252652 -0.0245 -0.0804107 -0.0333072 -0.0245 -0.0767588 -0.0410284 -0.0245 -0.0723677 -0.0483546 -0.0245 -0.0672797 -0.055215 -0.0245 -0.0615437 -0.0615437 -0.0245 -0.055215 -0.0672797 -0.0245 -0.0483546 -0.0723677 -0.0245 -0.0410284 -0.0767588 -0.0245 -0.0333072 -0.0804107 -0.0245 -0.0252652 -0.0832882 -0.0245 -0.0169799 -0.0853635 -0.0245 -0.00853101 -0.0866168 -0.0245 0 -0.0870359 -0.0245 0.00358448 0.0616737 0.0185 0.00156718 0.0628384 0.0185 0.000402499 0.0648557 0.0185 0.000402499 0.0671851 0.0185 0.00156718 0.0692024 0.0185 0.00358448 0.0703671 0.0185 0.00591385 0.0703671 0.0185 0.030062 0.0638966 0.0185 0.0320793 0.0627319 0.0185 0.033244 0.0607146 0.0185 0.033244 0.0583853 0.0185 0.0320793 0.056368 0.0185 0.030062 0.0552033 0.0185 0.0277326 0.0552033 0.0185 0.00474916 0.0631954 0.0185 0.00545541 0.0633847 0.0285 0.00616167 0.0635739 0.0185 0.00719569 0.0646079 0.0185 0.00719569 0.0646079 0.0285 0.00757417 0.0660204 0.0185 0.00738493 0.0667267 0.0285 0.00719569 0.0674329 0.0185 0.00616167 0.0684669 0.0185 0.00616167 0.0684669 0.0285 0.00404292 0.0686562 0.0185 0.00385795 0.0687814 0.0285 0.00230264 0.0674329 0.0185 0.0021134 0.0667267 0.0285 0.0021134 0.0653142 0.0185 0.00230264 0.0646079 0.0285 0.00333666 0.0635739 0.0185 0.00333666 0.0635739 0.0285 0.0288973 0.0567249 0.0185 0.0296036 0.0569142 0.0285 0.0308268 0.0576204 0.0185 0.0313438 0.0581374 0.0285 0.0317223 0.0595499 0.0185 0.0317223 0.0595499 0.0285 0.0308268 0.0614795 0.0185 0.0308428 0.0617023 0.0285 0.0288973 0.0623749 0.0185 0.0281911 0.0621857 0.0285 0.0274848 0.0619965 0.0185 0.0264508 0.0609624 0.0185 0.0264508 0.0609624 0.0285 0.0260723 0.0595499 0.0185 0.0262615 0.0588437 0.0285 0.0264508 0.0581374 0.0185 0.0274848 0.0571034 0.0185 0.0274848 0.0571034 0.0285 -0.030062 -0.0638966 0.0185 -0.0320793 -0.0627319 0.0185 -0.033244 -0.0607146 0.0185 -0.033244 -0.0583853 0.0185 -0.0320793 -0.056368 0.0185 -0.030062 -0.0552033 0.0185 -0.0277326 -0.0552033 0.0185 -0.00358448 -0.0616737 0.0185 -0.00156718 -0.0628384 0.0185 -0.000402499 -0.0648557 0.0185 -0.000402499 -0.0671851 0.0185 -0.00156718 -0.0692024 0.0185 -0.00358448 -0.0703671 0.0185 -0.00591385 -0.0703671 0.0185 -0.0288973 -0.0623749 0.0185 -0.0281911 -0.0621857 0.0285 -0.0274848 -0.0619965 0.0185 -0.0264508 -0.0609624 0.0185 -0.0264508 -0.0609624 0.0285 -0.0260723 -0.0595499 0.0185 -0.0262615 -0.0588437 0.0285 -0.0264508 -0.0581374 0.0185 -0.0274848 -0.0571034 0.0185 -0.0274848 -0.0571034 0.0285 -0.0288973 -0.0567249 0.0185 -0.0296036 -0.0569142 0.0285 -0.0308268 -0.0576204 0.0185 -0.0313438 -0.0581374 0.0285 -0.0317223 -0.0595499 0.0185 -0.0317223 -0.0595499 0.0285 -0.0308268 -0.0614795 0.0185 -0.0308428 -0.0617023 0.0285 -0.00404292 -0.0686562 0.0185 -0.00385795 -0.0687814 0.0285 -0.00230264 -0.0674329 0.0185 -0.00230264 -0.0674329 0.0285 -0.00192417 -0.0660204 0.0185 -0.00192417 -0.0660204 0.0285 -0.00230264 -0.0646079 0.0185 -0.00281965 -0.0640909 0.0285 -0.00404292 -0.0633847 0.0185 -0.00474916 -0.0631954 0.0285 -0.00616167 -0.0635739 0.0185 -0.00616167 -0.0635739 0.0285 -0.00719569 -0.0646079 0.0185 -0.00738493 -0.0653142 0.0285 -0.00757417 -0.0660204 0.0185 -0.00719569 -0.0674329 0.0185 -0.00719569 -0.0674329 0.0285 -0.00616167 -0.0684669 0.0185 -0.00616167 -0.0684669 0.0285 -0.0402533 -0.0723707 -0.0085 -0.0389283 -0.0720157 -0.0085 -0.0379583 -0.0710457 -0.0085 -0.0376033 -0.0697207 -0.0085 -0.0379583 -0.0683957 -0.0085 -0.0389283 -0.0674258 -0.0085 -0.0402533 -0.0670707 -0.0085 -0.0415783 -0.0674258 -0.0085 -0.0425483 -0.0683957 -0.0085 -0.0429033 -0.0697207 -0.0085 -0.0425483 -0.0710457 -0.0085 -0.0415783 -0.0720157 -0.0085 -0.0377533 -0.0740509 -0.0085 -0.0359232 -0.0722208 -0.0085 -0.0352533 -0.0697207 -0.0085 -0.0359232 -0.0672207 -0.0085 -0.0377533 -0.0653906 -0.0085 -0.0402533 -0.0647207 -0.0085 -0.0427533 -0.0653906 -0.0085 -0.0445834 -0.0672207 -0.0085 -0.0452533 -0.0697207 -0.0085 -0.0445834 -0.0722208 -0.0085 -0.0427533 -0.0740509 -0.0085 -0.0402533 -0.0747207 -0.0085 0.0402533 -0.0723707 -0.0085 0.0415783 -0.0720157 -0.0085 0.0425483 -0.0710457 -0.0085 0.0429033 -0.0697207 -0.0085 0.0425483 -0.0683957 -0.0085 0.0415783 -0.0674258 -0.0085 0.0402533 -0.0670707 -0.0085 0.0389283 -0.0674258 -0.0085 0.0379583 -0.0683957 -0.0085 0.0376033 -0.0697207 -0.0085 0.0379583 -0.0710457 -0.0085 0.0389283 -0.0720157 -0.0085 0.0427533 -0.0740509 -0.0085 0.0445834 -0.0722208 -0.0085 0.0452533 -0.0697207 -0.0085 0.0445834 -0.0672207 -0.0085 0.0427533 -0.0653906 -0.0085 0.0402533 -0.0647207 -0.0085 0.0377533 -0.0653906 -0.0085 0.0359232 -0.0672207 -0.0085 0.0352533 -0.0697207 -0.0085 0.0359232 -0.0722208 -0.0085 0.0377533 -0.0740509 -0.0085 0.0402533 -0.0747207 -0.0085 0.0402533 0.0670707 -0.0085 0.0415783 0.0674258 -0.0085 0.0425483 0.0683957 -0.0085 0.0429033 0.0697207 -0.0085 0.0425483 0.0710457 -0.0085 0.0415783 0.0720157 -0.0085 0.0402533 0.0723707 -0.0085 0.0389283 0.0720157 -0.0085 0.0379583 0.0710457 -0.0085 0.0376033 0.0697207 -0.0085 0.0379583 0.0683957 -0.0085 0.0389283 0.0674258 -0.0085 0.0427533 0.0653906 -0.0085 0.0445834 0.0672207 -0.0085 0.0452533 0.0697207 -0.0085 0.0445834 0.0722208 -0.0085 0.0427533 0.0740509 -0.0085 0.0402533 0.0747207 -0.0085 0.0377533 0.0740509 -0.0085 0.0359232 0.0722208 -0.0085 0.0352533 0.0697207 -0.0085 0.0359232 0.0672207 -0.0085 0.0377533 0.0653906 -0.0085 0.0402533 0.0647207 -0.0085 -0.0402533 0.0670707 -0.0085 -0.0389283 0.0674258 -0.0085 -0.0379583 0.0683957 -0.0085 -0.0376033 0.0697207 -0.0085 -0.0379583 0.0710457 -0.0085 -0.0389283 0.0720157 -0.0085 -0.0402533 0.0723707 -0.0085 -0.0415783 0.0720157 -0.0085 -0.0425483 0.0710457 -0.0085 -0.0429033 0.0697207 -0.0085 -0.0425483 0.0683957 -0.0085 -0.0415783 0.0674258 -0.0085 -0.0377533 0.0653906 -0.0085 -0.0359232 0.0672207 -0.0085 -0.0352533 0.0697207 -0.0085 -0.0359232 0.0722208 -0.0085 -0.0377533 0.0740509 -0.0085 -0.0402533 0.0747207 -0.0085 -0.0427533 0.0740509 -0.0085 -0.0445834 0.0722208 -0.0085 -0.0452533 0.0697207 -0.0085 -0.0445834 0.0672207 -0.0085 -0.0427533 0.0653906 -0.0085 -0.0402533 0.0647207 -0.0085 -0.0673343 0.0388755 0.0197 -0.0673343 -0.0388755 0.0197 9.52175e-18 -0.077751 0.0197 -0.0837057 1.14204e-06 0.0196971 1.13824e-06 0.0837057 0.0196971 0.0673343 0.0388755 0.0197 0.0673343 -0.0388755 0.0197 0.0837057 -1.13791e-06 0.0196964 -0.00503147 -0.0821095 0.018433 -0.000990852 -0.0847614 0.0175 0.00107008 -0.0757472 0.0175 0.00414189 -0.0796472 0.0175 -0.00391837 -0.0779432 0.0175 0.0803567 -0.00486739 0.0175 0.0760849 0.00150214 0.0175 0.0773387 -0.00386839 0.0175 0.0803567 0.00486739 0.0175 0.08489 -0.00154309 0.0175 0.0842735 0.00308619 0.0175 0.0780544 0.00484233 0.0189205 0.0759335 0.00182665 0.0204177 -0.0662256 -0.0368647 0.0181128 -0.0648902 -0.0409334 0.0175 -0.0692985 -0.0446015 0.0175 -0.0742885 -0.0411087 0.0175 -0.070468 -0.0356411 0.0175 -0.0648801 -0.0423827 0.0191653 -0.0731834 0.037154 0.0175 -0.0689115 0.0353192 0.0175 -0.0691446 0.0349965 0.0191653 -0.066134 0.0369469 0.0175 -0.0646865 0.0400882 0.0187256 -0.0650431 0.0420195 0.0175 -0.0671572 0.0443936 0.0175 -0.0729101 0.0432388 0.0175 -0.0044154 0.0819557 0.0175 0.00313929 0.0843143 0.01775 0.00118709 0.0757854 0.0181128 0.00436789 0.0788477 0.0175 -0.00300427 0.0766632 0.0175 -0.00110448 0.0852494 0.0175 -0.00426444 0.0773792 0.0191653 0.068768 0.0448017 0.0175 0.0648902 0.0409334 0.0175 0.0666425 0.0367416 0.0175 0.0732753 0.0377135 0.0175 0.070468 -0.0356411 0.0175 0.066134 -0.0369469 0.0175 0.0661001 -0.0432065 0.0175 0.0743613 -0.0400066 0.0175 0.0714399 -0.0448094 0.0175 -0.0766632 -0.00300427 0.0175 -0.0773792 -0.00426444 0.0191653 -0.0755066 -1.03831e-15 0.0175 -0.0762603 0.00344693 0.0202627 -0.0755139 0.00127318 0.0213499 -0.0766632 0.00300427 0.0175 -0.0819557 -0.0044154 0.0175 -0.0852494 -0.00110448 0.0175 -0.0823151 0.00397679 0.0175 -0.0665975 0.0447628 0.0188758 -0.0655149 0.037614 0.0212678 -0.0745122 0.0442441 0.0195 -0.0722513 0.0348849 0.0191796 -0.0464303 0.0643545 0.0192234 -0.0443194 0.0640116 0.019309 -0.0366127 0.0761634 0.0187745 -0.042192 0.0779272 0.0194998 -0.0466098 0.0735608 0.0187745 -0.0484518 0.0696566 0.0195 0.0332759 0.0703875 0.019309 0.0455503 0.0639661 0.0192495 0.03948 0.0772554 0.018866 0.0347469 0.0758519 0.0194999 0.0487209 0.0701656 0.0194999 0.0448297 0.0757561 0.018866 0.0423134 0.0770715 0.018866 0.0709109 0.0348082 0.018783 0.0676871 0.0353867 0.0203413 0.0667393 0.0447766 0.0188154 0.0748045 0.036726 0.0194999 0.0757418 0.0424354 0.0195 0.0735013 0.0437922 0.018183 0.0767936 -0.0033628 0.0182659 0.0827781 0.00499492 0.018866 0.072259 -0.034985 0.019127 0.0647045 -0.0409267 0.0184244 0.0666888 -0.0446949 0.0188355 0.070109 -0.0463472 0.0195 0.0745121 -0.0442441 0.0194999 0.0435832 -0.0626741 0.0203642 0.0326212 -0.0714307 0.0192495 0.035286 -0.0753602 0.018866 0.04405 -0.0762062 0.018866 0.0466098 -0.0735608 0.0187745 0.0484325 -0.068434 0.0195 0.00450541 -0.0777708 0.0191757 -0.00541157 -0.0788009 0.018927 -0.00447767 -0.0850471 0.0195 0.00126807 -0.0861966 0.0195 -0.0319554 -0.0716832 0.0194658 -0.0324857 -0.0690812 0.0203642 -0.0433991 -0.0618531 0.0213625 -0.03948 -0.0772554 0.018866 -0.0356447 -0.0756002 0.018866 -0.0448297 -0.0757561 0.018866 -0.0423134 -0.0770715 0.018866 -0.0720645 -0.0352937 0.0188758 -0.065142 -0.0377153 0.0223839 -0.0751354 -0.0393639 0.018866 -0.0731289 -0.0442287 0.018866 -0.0800565 0.00546701 0.0188758 -0.0755752 -0.00163866 0.0211857 -0.0866515 0.00106043 0.0194999 -0.085016 -0.00427698 0.0195 0.00675477 0.078486 0.0194685 0.000548071 0.0753136 0.0223451 0.00452406 0.0778758 0.0188411 0.00245347 0.0863692 0.0194999 -0.00591442 0.0800139 0.0191796 0.00583224 0.0824671 0.0195 -1.54305e-17 -0.063 0.0283 0.0140188 -0.0614205 0.0283 0.0273347 -0.056761 0.0283 0.0392799 -0.0492554 0.0283 0.0492554 -0.0392799 0.0283 0.056761 -0.0273347 0.0283 0.0614205 -0.0140188 0.0283 0.063 -3.85764e-18 0.0283 0.0614205 0.0140188 0.0283 0.056761 0.0273347 0.0283 0.0492554 0.0392799 0.0283 0.0392799 0.0492554 0.0283 0.0273347 0.056761 0.0283 0.0140188 0.0614205 0.0283 7.71527e-18 0.063 0.0283 -0.0140188 0.0614205 0.0283 -0.0273347 0.056761 0.0283 -0.0392799 0.0492554 0.0283 -0.0492554 0.0392799 0.0283 -0.056761 0.0273347 0.0283 -0.0614205 0.0140188 0.0283 -0.063 1.15729e-17 0.0283 -0.0614205 -0.0140188 0.0283 -0.056761 -0.0273347 0.0283 -0.0492554 -0.0392799 0.0283 -0.0392799 -0.0492554 0.0283 -0.0273347 -0.056761 0.0283 -0.0140188 -0.0614205 0.0283 0.0205212 0.0563816 0.0283 0.00696557 0.0595943 0.0283 -0.00696557 0.0595943 0.0283 -0.0205212 0.0563816 0.0283 -0.0329705 0.0501293 0.0283 -0.0436424 0.0411745 0.0283 -0.0519615 0.03 0.0283 -0.0574794 0.0172082 0.0283 -0.0598985 0.00348869 0.0283 -0.0590885 -0.0104189 0.0283 -0.055093 -0.0237648 0.0283 -0.0481274 -0.0358295 0.0283 -0.0385673 -0.0459627 0.0283 -0.026928 -0.053618 0.0283 -0.013837 -0.0583827 0.0283 0 -0.06 0.0283 0.013837 -0.0583827 0.0283 0.026928 -0.053618 0.0283 0.0385673 -0.0459627 0.0283 0.0481274 -0.0358295 0.0283 0.055093 -0.0237648 0.0283 0.0590885 -0.0104189 0.0283 0.0598985 0.00348869 0.0283 0.0574794 0.0172082 0.0283 0.0519615 0.03 0.0283 0.0436424 0.0411745 0.0283 0.0329705 0.0501293 0.0283 0 -0.06 0.0305 0.013837 -0.0583827 0.0305 0.026928 -0.053618 0.0305 0.0385673 -0.0459627 0.0305 0.0481274 -0.0358295 0.0305 0.055093 -0.0237648 0.0305 0.0590885 -0.0104189 0.0305 0.0598985 0.00348869 0.0305 0.0574794 0.0172082 0.0305 0.0519615 0.03 0.0305 0.0436424 0.0411745 0.0305 0.0329705 0.0501293 0.0305 0.0205212 0.0563816 0.0305 0.00696557 0.0595943 0.0305 -0.00696557 0.0595943 0.0305 -0.0205212 0.0563816 0.0305 -0.0329705 0.0501293 0.0305 -0.0436424 0.0411745 0.0305 -0.0519615 0.03 0.0305 -0.0574794 0.0172082 0.0305 -0.0598985 0.00348869 0.0305 -0.055093 -0.0237648 0.0305 -0.0481274 -0.0358295 0.0305 -0.0385673 -0.0459627 0.0305 -0.026928 -0.053618 0.0305 -0.013837 -0.0583827 0.0305 -0.0590885 -0.0104189 0.0305 0.0169206 0.0406751 0.0266594 0.0151189 0.0375986 0.0267437 -0.0136859 -0.0341652 0.0266922 -0.0144897 -0.0372934 0.0266313 0.0200871 0.0545707 0.0266313 -0.0172289 -0.04276 0.0267484 -0.0154279 -0.0406699 0.0265891 -0.00796217 -0.0550116 0.0266453 -0.00619406 -0.0452647 0.0265797 0.00180573 -0.0170987 0.0268 0.00303681 -0.0125258 0.0267203 0.00830186 0.00798174 0.0267238 0.00565597 0.0451889 0.0267625 -0.000508534 0.0205057 0.026725 0.00106432 0.0239887 0.0267625 -0.0057002 -0.00149626 0.0267437 -0.00488449 0.00804102 0.0268 -0.0025569 0.018426 0.026725 0.00149867 0.0152576 0.0268 -0.00216684 0.0154758 0.0266875 0.00973316 0.051997 0.02665 0.00815998 0.0532685 0.0266687 -0.0764165 0.0889228 0.00420096 -0.0759929 0.0873424 -0.00379904 -0.085793 0.0785598 -0.00403003 -0.0945284 0.0695892 -0.000108671 -0.0982852 0.0680694 -0.00672858 -0.0701624 0.0935025 -0.00215704 -0.0901391 0.071697 -0.00121707 -0.0861607 0.0742661 0.00166201 0.0759929 0.0873424 0.00379904 0.0848952 0.0793181 0.004 0.0848952 0.0793181 -0.004 0.0696582 0.0944648 -0.000395816 0.0961917 0.0689383 -6.49006e-05 0.0725225 0.0886278 6.87083e-07 0.0741361 0.0860717 0 0.0795495 0.0795495 0.001 0.0860717 0.0741361 0.001 0.0904015 0.0715711 -4.95855e-05 0.087766 -0.0766119 0.004 0.0793181 -0.0848952 0.004 0.0793181 -0.0848952 -0.004 0.097143 -0.0685877 0 0.0689383 -0.0961917 -6.49006e-05 0.0937078 -0.0699543 0.000114143 0.0886278 -0.0725225 6.87083e-07 0.0860717 -0.0741361 0 0.0795495 -0.0795495 0.001 0.0741361 -0.0860717 0.001 0.0715711 -0.0904015 -4.95855e-05 -0.0793181 -0.0848952 0.004 -0.0897969 -0.0737553 0.00372995 -0.0848952 -0.0793181 -0.004 -0.0758139 -0.0891977 -0.00411418 -0.0696582 -0.0944648 -0.00126554 -0.0686581 -0.0970998 0.0043451 -0.0725225 -0.0886278 6.87083e-07 -0.0741361 -0.0860717 0 -0.0795495 -0.0795495 0 -0.0860717 -0.0741361 0 -0.0886278 -0.0725225 -6.87083e-07 0.0763089 -0.0900705 0.00175 0.0763089 -0.0900705 -0.00175 0.0823779 -0.0823779 0.00175 0.0823779 -0.0823779 -0.00175 0.0900705 -0.0763089 0.00175 0.0900705 -0.0763089 -0.00175 0.09014 -0.073942 -0.00175 0.09014 -0.073942 0.00175 0.0809637 -0.0809637 -0.00175 0.0809637 -0.0809637 0.00175 0.073942 -0.09014 -0.00175 0.073942 -0.09014 0.00175 0.0900705 0.0763089 0.00175 0.0900705 0.0763089 -0.00175 0.0823779 0.0823779 0.00175 0.0823779 0.0823779 -0.00175 0.0763089 0.0900705 0.00175 0.0763089 0.0900705 -0.00175 0.073942 0.09014 -0.00175 0.073942 0.09014 0.00175 0.0809637 0.0809637 -0.00175 0.0809637 0.0809637 0.00175 0.09014 0.073942 -0.00175 0.09014 0.073942 0.00175 -0.0763089 0.0900705 0.00175 -0.0763089 0.0900705 -0.00175 -0.0823779 0.0823779 0.00175 -0.0823779 0.0823779 -0.00175 -0.0900705 0.0763089 0.00175 -0.0900705 0.0763089 -0.00175 -0.09014 0.073942 -0.00175 -0.09014 0.073942 0.00175 -0.0809637 0.0809637 -0.00175 -0.0809637 0.0809637 0.00175 -0.073942 0.09014 -0.00175 -0.073942 0.09014 0.00175 -0.0900705 -0.0763089 0.00175 -0.0900705 -0.0763089 -0.00175 -0.0823779 -0.0823779 0.00175 -0.0823779 -0.0823779 -0.00175 -0.0763089 -0.0900705 0.00175 -0.0763089 -0.0900705 -0.00175 -0.073942 -0.09014 -0.00175 -0.073942 -0.09014 0.00175 -0.0809637 -0.0809637 -0.00175 -0.0809637 -0.0809637 0.00175 -0.09014 -0.073942 -0.00175 -0.09014 -0.073942 0.00175 -0.0867591 0.0798298 0.00440192 -0.0909179 0.0769304 0.0055 -0.0923901 0.0721806 0.00399965 -0.0769304 0.0909179 0.0055 -0.0842151 0.0842151 0.0055 -0.0842151 0.0842151 -0.0055 -0.0769304 0.0909179 -0.0055 -0.0762211 0.0900797 -0.00440192 -0.0834386 0.0834386 -0.00440192 -0.0909179 0.0769304 -0.0055 -0.0975276 0.0688961 -0.00646688 -0.0922792 0.0737049 -0.0045316 -0.0724385 0.0916528 -0.00365871 0.0731855 0.0914307 0.0040074 0.0762211 0.0900797 0.00440192 0.0834386 0.0834386 0.00440192 0.0769304 0.0909179 0.0055 0.0909179 0.0769304 0.0055 0.092039 0.0738821 0.00446356 0.0842151 0.0842151 0.0055 0.0978709 0.0682696 -0.00528045 0.0678966 0.098385 -0.00679661 0.0842151 0.0842151 -0.0055 0.0909179 0.0769304 -0.0055 0.0834386 0.0834386 -0.00440192 0.0769304 0.0909179 -0.0055 0.0737049 0.0922792 -0.0045316 0.091088 0.0746178 -0.00432258 0.0922977 -0.0721528 0.00395614 0.0900797 -0.0762211 0.00440192 0.0887413 -0.0747961 0.00382837 0.0834386 -0.0834386 0.00440192 0.0909179 -0.0769304 0.0055 0.0769304 -0.0909179 0.0055 0.0738821 -0.092039 0.00446356 0.0842151 -0.0842151 0.0055 0.0982389 -0.0681506 0.00694737 0.0842151 -0.0842151 -0.0055 0.0769304 -0.0909179 -0.0055 0.0834386 -0.0834386 -0.00440192 0.0909179 -0.0769304 -0.0055 0.0977353 -0.0684447 -0.00593375 0.0922792 -0.0737049 -0.0045316 0.0746178 -0.091088 -0.00432258 -0.0758438 -0.0916296 -0.00536531 -0.0909879 -0.0751267 -0.00451109 -0.0918801 -0.0760511 -0.00585195 -0.0843378 -0.0843378 -0.00585195 -0.0835338 -0.0835338 -0.00455352 -0.0752196 -0.0903217 0.00423029 -0.0834386 -0.0834386 0.00440192 -0.0769304 -0.0909179 0.0055 -0.0909179 -0.0769304 0.0055 -0.0983732 -0.0679177 0.00645217 -0.092039 -0.0738821 0.00446356 -0.0842151 -0.0842151 0.0055 0.0986467 0.0674469 -0.00699376 0.0962029 0.069741 -0.00507322 0.0861852 0.0743019 -0.00175 0.0890641 0.0736182 -0.00333613 0.0796916 0.0796916 -0.00175 0.0806102 0.0806102 -0.00359808 0.0744678 0.0862987 -0.0025 0.0745198 0.0892283 -0.0038135 0.0707326 0.0928399 -0.00311701 0.0983493 0.0679588 0.00647283 0.0862987 0.0744678 0.0025 0.088582 0.0745279 0.00368975 0.0913686 0.0715441 0.00289179 0.0806102 0.0806102 0.00359808 0.0798337 0.0798337 0.0025 0.0744678 0.0862987 0.0025 0.0705646 0.0932776 0.00329324 0.066974 0.0989406 0.00563931 0.0674469 -0.0986467 -0.00699376 0.0682696 -0.0978709 -0.00528045 0.069741 -0.0962029 -0.00507322 0.0743019 -0.0861852 -0.00175 0.0736182 -0.0890641 -0.00333613 0.0796916 -0.0796916 -0.00175 0.0806102 -0.0806102 -0.00359808 0.0862987 -0.0744678 -0.0025 0.0892283 -0.0745198 -0.0038135 0.0928399 -0.0707326 -0.00311701 0.068675 -0.0974142 0.00543145 0.0744678 -0.0862987 0.0025 0.0745279 -0.088582 0.00368975 0.0715441 -0.0913686 0.00289179 0.0806102 -0.0806102 0.00359808 0.0798337 -0.0798337 0.0025 0.0862987 -0.0744678 0.0025 0.0932776 -0.0705646 0.00329324 0.0960088 -0.070006 0.00519551 -0.0674469 0.0986467 -0.00699376 -0.0690053 0.0970369 -0.00517683 -0.0743019 0.0861852 -0.00175 -0.0796916 0.0796916 -0.00175 -0.0806102 0.0806102 -0.00359808 -0.0861852 0.0743019 -0.00175 -0.088895 0.0739444 -0.00356695 -0.0928399 0.0707326 -0.00311701 -0.0685791 0.0972535 0.00483076 -0.0751176 0.0867434 0.0033597 -0.0716205 0.0907538 0.00205443 -0.0742661 0.0861607 0.00166201 -0.0726124 0.0921218 0.00415331 -0.0801708 0.0801708 0.00312132 -0.0814417 0.0814417 0.00388582 -0.0796303 0.0796303 0.00157403 -0.0869552 0.0754271 0.00346018 -0.0898663 0.0720042 0.0018207 -0.0984424 -0.0678046 -0.00623957 -0.0862987 -0.0744678 -0.0025 -0.0952332 -0.0693812 -0.00140155 -0.0925059 -0.0713068 -0.00339146 -0.0884517 -0.0742377 -0.00355186 -0.0798337 -0.0798337 -0.0025 -0.0744678 -0.0862987 -0.0025 -0.0779921 -0.0837645 -0.00359808 -0.0722391 -0.0911793 -0.00322731 -0.0691329 -0.0966607 -0.00484532 -0.0687218 -0.0977118 -0.00675166 -0.0862987 -0.0744678 0.0025 -0.0909925 -0.0714862 0.00228639 -0.0806102 -0.0806102 0.00359808 -0.0798337 -0.0798337 0.0025 -0.0737634 -0.0896083 0.00377711 -0.0744678 -0.0862987 0.0025 -0.0714908 -0.091096 0.00257182 -0.066974 -0.0989406 0.00563931 0.00195951 -0.0895 -0.00103915 -0.00084349 -0.0895 -0.00191172 -0.00195951 -0.0895 0.00103915 0.00084349 -0.0895 0.00191172 2.90321e-05 -0.09 -0.000104415 0.00192333 -0.0845 0.000668436 -0.000579248 -0.0845 0.00214102 -0.00192333 -0.0845 -0.000668436 0.000579248 -0.0845 -0.00214102 0 -0.0845 0 -0.001 -0.105 -0.0139 0.001 -0.105 -0.0139 0.000201403 -0.0993571 -0.0142314 -0.000281418 -0.110649 -0.0145654 -0.000981366 -0.102268 -0.0148141 -0.00700721 -0.0875 -0.00290248 -0.00760667 -0.087496 0.00180904 -0.00461718 -0.0875 -0.00601723 -0.000989983 -0.0875 -0.00751967 0.00700721 -0.0875 -0.00290248 0.00391017 -0.0875 -0.00677261 0.00751967 -0.0875 0.000989983 0.00145124 -0.0875 0.00732861 0.00601723 -0.0875 0.00461718 -0.00290248 -0.0875 0.00700721 -0.00540937 -0.0875 0.00540937 -0.000863068 -0.085 0.00752827 -0.0044291 -0.085 0.00618218 -0.00513234 -0.08475 0.00570278 -0.00791988 -0.0846277 0.0026473 -0.00432828 -0.0848125 -0.00624155 0.0011057 -0.08475 -0.00765702 0.00540764 -0.0847812 -0.00522842 -0.0082041 -0.084625 -0.00281643 0.00221299 -0.0846875 0.00746942 0.00646809 -0.08475 0.00437196 0.00759165 -0.0848437 0.00101148 -0.00180596 -0.089 -0.0147868 -0.00211679 -0.1145 -0.0147492 0.000995983 -0.114499 -0.0148553 0.00351281 -0.1145 -0.01448 0.00396366 -0.089 -0.0143555 0.00236023 -0.088487 -0.0146703 0.0149 -0.1145 0 0.0138327 -0.089 -0.00553777 0.0140756 -0.089 -0.00488757 0.0138327 -0.1145 -0.00553777 0.0146347 -0.1145 -0.00277331 0.0132985 -0.089 -0.00672005 0.0125319 -0.114499 -0.00806131 0.0107844 -0.114499 -0.0102822 0.00864259 -0.114499 -0.0121377 0.00900681 -0.086811 -0.0119155 0.0061373 -0.114498 -0.013571 -0.00345412 -0.089 -0.0144941 -0.00489308 -0.114499 -0.0140755 -0.00745 -0.1145 -0.0129038 -0.0100579 -0.089 -0.0109856 -0.00975742 -0.1145 -0.0112607 -0.00883838 -0.089 -0.0119955 -0.00730533 -0.089 -0.0129852 -0.0133077 -0.114499 -0.00671473 -0.0117122 -0.1145 -0.00921057 -0.0117029 -0.089 -0.00922242 -0.0142858 -0.114499 -0.0042253 -0.0131865 -0.0884999 -0.0070199 -0.014833 -0.1145 -0.00141424 -0.0148163 -0.114499 0.00149735 -0.014908 -0.114496 -0.000132343 -0.0132436 -0.1145 0.00682758 -0.0137177 -0.089 0.0058168 -0.0142861 -0.114498 0.00422515 -0.0117122 -0.1145 0.00921057 -0.0130318 -0.089 0.00721043 -0.0097576 -0.1145 0.0112606 -0.0117029 -0.089 0.00922242 -0.0092979 -0.089 0.0116281 -0.00745 -0.1145 0.0129038 -0.00745 -0.089 0.0129038 -0.00716067 -0.089 0.0130666 -0.00487331 -0.1145 0.0140805 -0.00212049 -0.1145 0.0147483 -0.00345412 -0.089 0.0144941 -0.00511424 -0.089 0.0139925 0.000603427 -0.089 0.0148874 0.000708971 -0.1145 0.0148831 -0.00180596 -0.089 0.0147868 0.00247831 -0.089 0.0146924 0.0036328 -0.114499 0.0144566 0.00613594 -0.114499 0.0135716 0.00872952 -0.114499 0.0120838 0.0125348 -0.114499 0.00805639 0.0107796 -0.1145 0.0102859 0.0137883 -0.114499 0.00566113 0.0146307 -0.1145 0.00281984 0.0148834 -0.089 0.000497605 0.0146161 -0.089 0.00289386 0.00542998 -0.1235 -0.00441762 0.00642048 -0.1235 -0.00278881 0.00403676 -0.1235 -0.00571879 0.00234416 -0.1235 -0.00659583 0.000477697 -0.1235 -0.00698368 0 -0.1235 -0.009 -0.00142419 -0.1235 -0.00685359 -0.00322046 -0.1235 -0.0062152 -0.00477787 -0.1235 -0.00511585 -0.00674042 -0.1235 -0.00188858 -0.007 -0.1235 -1.71451e-18 -0.00598094 -0.1235 -0.00363709 -0.00674042 -0.1235 0.00188858 0.000477697 -0.1235 0.00698368 0.00234416 -0.1235 0.00659583 -0.00477787 -0.1235 0.00511585 -0.00843202 -0.123337 0.00382225 -0.00322046 -0.1235 0.0062152 -0.00598094 -0.1235 0.00363709 -0.00816041 -0.1235 -0.00345344 0.00403676 -0.1235 0.00571879 0.0069674 -0.1235 -0.000476583 0.0069348 -0.1235 0.000953167 -0.00142419 -0.1235 0.00685359 0.00542998 -0.1235 0.00441762 0.00642048 -0.1235 0.00278881 0.00158159 -0.0845489 -0.0104021 -0.000276912 -0.0884991 -0.0149015 -0.0125104 -0.0880306 0.00769764 0.00598428 -0.0861748 0.0121592 0.00447375 -0.0863953 0.0129152 0.00761418 -0.0884709 0.0126745 -0.00836385 -0.0885 0.0121869 0.0147556 -0.08875 -0.00177737 0.0136615 -0.0885 -0.00579296 0.011657 -0.0860084 -0.0061559 0.011188 -0.087913 -0.00945675 0.00804648 -0.0847023 -0.00786506 0.00233363 -0.0860527 -0.0135472 -0.00171871 -0.0845079 -0.0104049 -0.00951751 -0.0845502 -0.00494332 -0.0126963 -0.0875097 -0.00709392 -0.0110839 -0.0846603 0.00206935 -0.00935265 -0.0860711 0.00907736 -0.0119867 -0.0859225 0.00600906 -0.00612759 -0.0867306 0.0124321 0.0124159 -0.0855321 -0.00139528 0.00771702 -0.0846085 0.00725055 0.0110806 -0.0848116 0.0027804 0.013957 -0.087108 0.00528961 0.0142776 -0.087262 0.00120278 -0.0136994 -0.0862611 0.000686753 -0.0106588 -0.08618 -0.0081238 -0.00880371 -0.0875782 -0.0115499 -0.00505883 -0.0866198 -0.0129372 -0.00525237 -0.0845908 -0.00944015 0.00869024 -0.0858465 -0.00992806 0.00115884 -0.0870545 0.0141387 -0.000825443 -0.0848741 0.0114369 -0.00344064 -0.0871535 0.0138198 -0.0144725 -0.0880894 0.00219659 -0.00673347 -0.0845039 0.00741647 0.00495175 -0.0845265 0.0088462 -0.0100019 -0.0845228 -0.00184957 0.0100509 -0.0845 -0.0012035 -0.000457692 -0.0845 -0.00951089 0.00911629 -0.0845039 -0.00434691 -0.0081325 -0.0885 0.00782634 -0.00664761 -0.0885 0.00737567 -0.00486525 -0.0885 0.00900921 -0.00483456 -0.0845095 0.00893456 0.00994826 -0.0885 -0.00204364 0.00923155 -0.0885 -0.00442888 0.00180344 -0.0885 -0.0106749 -0.0020257 -0.0871986 -0.0118167 -0.000228846 -0.0885 -0.00956633 -0.00959511 -0.0885 -0.00501389 -0.00916884 -0.0885 -0.00273851 -0.0125245 -0.0879732 -0.00183801 0.00938471 -0.0885 0.00911019 0.0050178 -0.0885 0.00882984 0.00732135 -0.0878191 0.00767875 0.00905467 -0.118566 7.09188e-05 0.00598698 -0.118856 -0.00697991 0.00231753 -0.114503 -0.00873881 0.00826866 -0.117204 -0.00349748 0.00415201 -0.1145 0.007911 0.00715834 -0.114534 0.00550445 0.00892542 -0.114501 -0.000865474 0.00510167 -0.117253 -0.00781196 0.00617407 -0.1145 -0.00641108 -0.0026074 -0.118599 -0.00894314 -0.00362536 -0.1145 -0.00804081 -0.0080988 -0.114506 -0.00438839 -0.00844682 -0.117105 -0.00398908 -0.00867858 -0.117407 0.00238625 -0.009 -0.1145 0 -0.00754519 -0.1145 0.00456814 -0.00556777 -0.117616 0.00733018 -0.00366587 -0.114517 0.00827926 0 -0.1145 0.00893438 0.00330093 -0.117111 0.00827766 0.00304286 -0.119469 -0.00895335 0.00631382 -0.121639 0.00678709 0.00628351 -0.122844 -0.00606678 0.00891157 -0.12342 -0.0020721 -0.00545188 -0.117551 -0.00717991 -0.00507632 -0.122306 -0.0079366 -0.00351428 -0.123473 0.00826608 0.00555534 -0.121036 -0.00750834 0.000527163 -0.121956 -0.00899217 0.00916113 -0.122041 0.00183819 -0.00862205 -0.119266 -0.00406327 -0.00834626 -0.118913 0.00363263 -0.00464877 -0.119975 -0.00808645 -0.00908213 -0.121139 -0.00178066 0.00924252 -0.120202 -0.000421815 0.00612369 -0.119227 0.00695659 0.00804701 -0.12183 -0.00455645 0.00569473 -0.1235 -0.00790429 -0.00823559 -0.122889 -0.00400417 -0.0071873 -0.122353 0.00543636 -0.00665879 -0.120457 0.00647667 0.0082126 -0.12311 0.00417577 0.00315897 -0.123328 0.00821675 -0.00220791 -0.118473 0.0089971 0.000170943 -0.121645 0.00899518 0.0149 -0.1145 -3.64945e-18 0.00642048 -0.1095 -0.00278881 0.0069348 -0.1095 -0.000953167 0.0069674 -0.1095 0.000476583 0.00234416 -0.1095 -0.00659583 0.00403676 -0.1095 -0.00571879 0.00542998 -0.1095 -0.00441762 -0.00322046 -0.1095 -0.0062152 -0.00142419 -0.1095 -0.00685359 0.000477697 -0.1095 -0.00698368 -0.00674042 -0.1095 -0.00188858 -0.00598094 -0.1095 -0.00363709 -0.00477787 -0.1095 -0.00511585 -0.00598094 -0.1095 0.00363709 -0.00674042 -0.1095 0.00188858 -0.007 -0.1095 -1.71451e-18 -0.00142419 -0.1095 0.00685359 -0.00322046 -0.1095 0.0062152 -0.00477787 -0.1095 0.00511585 0.00403676 -0.1095 0.00571879 0.00234416 -0.1095 0.00659583 0.000477697 -0.1095 0.00698368 0.00642048 -0.1095 0.00278881 0.00542998 -0.1095 0.00441762 0.00452452 -0.1307 -0.0063367 0.0055753 -0.130339 -0.00666189 -0.00399598 -0.1307 0.00692123 -0.00794123 -0.1307 0.0031686 -0.00775 -0.1307 0 0.003875 -0.1307 0.0067117 0.00509815 -0.1307 0.00294749 -0.00399597 -0.1307 -0.00692123 0.00711695 -0.1307 -0.000375 0.00843087 -0.129944 0.000210771 0.0020108 -0.1307 0.00553493 -0.00510167 -0.1307 0.00294138 -0.003 -0.1307 0.00519615 -0.00103484 -0.1307 0.00586889 -0.00135464 -0.1307 -0.00573095 -0.00411745 -0.1307 -0.00436424 0.00509815 -0.1307 -0.00294749 0.00774209 -0.1307 -0.00399133 0.00703738 -0.1307 0.00501476 0.00206289 -0.1307 0.00850335 -0.000414457 -0.1307 0.00870051 0.0020108 -0.1307 -0.00553493 -0.00564756 -0.1307 -0.00142436 -0.000406967 -0.1307 -0.00854328 -0.00732764 -0.1307 -0.00470919 -0.00672051 -0.1257 -0.0007309 0.00144146 -0.1257 -0.00653363 -2.81935e-06 -0.1257 -0.00864133 -0.00181919 -0.1257 -0.00655214 -0.00361842 -0.1257 -0.00792324 -0.0040465 -0.1257 -0.00532841 -0.006304 -0.1257 -0.00601085 -0.00617151 -0.1257 -0.00285525 -0.00816514 -0.1257 -0.00282897 -0.00856288 -0.1257 0.00144052 -0.00621675 -0.1257 0.00247351 -0.00732764 -0.1257 0.00470919 -0.00280645 -0.1257 0.00607372 -0.00395718 -0.1257 0.00768201 -0.000414457 -0.1257 0.00870051 0.000365986 -0.1257 0.00675022 0.00396219 -0.1257 0.00767943 0.00405164 -0.1257 0.00532451 0.00582663 -0.1257 0.00350577 0.00748502 -0.1257 0.00431822 0.00865117 -0.1257 -0.000620981 0.00660707 -0.1257 0.00117753 0.00644404 -0.1257 -0.00217125 0.00774209 -0.1257 -0.00399133 0.00510152 -0.1257 -0.00432904 0.00466948 -0.1257 -0.00727107 0.006 -0.1307 1.46958e-18 0.00564047 -0.1257 -0.00169232 0.0028994 -0.1257 -0.0050219 -0.00201742 -0.1257 -0.00553252 -0.0047215 -0.1257 -0.00351941 -0.00607822 -0.1257 6.30966e-05 -0.0047215 -0.1257 0.00351941 -0.00135464 -0.1257 0.00573095 0.00170918 -0.1257 0.00570907 0.00428099 -0.1257 0.00404375 0.00583827 -0.1257 0.0013837 -0.00034651 -0.1192 -0.00594935 -0.00181919 -0.1192 -0.00655214 -0.00297972 -0.1192 -0.00516102 -0.0037937 -0.1192 -0.00559529 -0.00459627 -0.1192 -0.00385673 -0.00541343 -0.1192 -0.00411518 -0.0053618 -0.1192 -0.0026928 -0.00617151 -0.1192 -0.00285525 -0.00591913 -0.1192 -0.000691848 -0.00676025 -0.1192 -0.00036545 -0.00583827 -0.1192 0.0013837 -0.00497903 -0.1192 0.00327476 -0.00590985 -0.1192 0.00313685 -0.00358295 -0.1192 0.00481274 -0.0037937 -0.1192 0.00559529 -0.00170918 -0.1192 0.00570907 0.000348869 -0.1192 0.00598985 -0.00109367 -0.1192 0.00667108 0.00110012 -0.1192 0.00671042 0.00172082 -0.1192 0.00574794 0.00355872 -0.1192 0.0047802 0.00405164 -0.1192 0.00532451 0.00501293 -0.1192 0.00329705 0.00582663 -0.1192 0.00350577 0.00563816 -0.1192 0.00205212 0.00596957 -0.1192 0.000174139 0.00660707 -0.1192 0.000993724 0.00563816 -0.1192 -0.00205212 0.00644404 -0.1192 -0.00217125 0.00501293 -0.1192 -0.00329705 0.0053817 -0.1192 -0.00409106 0.00355872 -0.1192 -0.0047802 0.00381607 -0.1192 -0.00562828 0.00172082 -0.1192 -0.00574794 0.000720192 -0.1192 -0.00665188 0.00596957 -0.1055 -0.000174139 0.00501293 -0.1055 0.00329705 0.00563816 -0.1055 0.00205212 0.00236041 -0.1055 0.00547204 0.00411745 -0.1055 0.00436424 -0.00297972 -0.1055 0.00516102 -0.00104189 -0.1055 0.00590885 0.000348869 -0.1055 0.00598985 -0.00497903 -0.1055 0.00327476 -0.00595957 -0.1055 -0.000345924 -0.00583827 -0.1055 0.00138369 -0.00358295 -0.1055 -0.00481274 -0.00459627 -0.1055 -0.00385673 -0.0053618 -0.1055 -0.0026928 -0.00170918 -0.1055 -0.00570907 0.00456519 -0.1055 -0.00383065 0.003 -0.1055 -0.00519615 0.00103484 -0.1055 -0.00586889 0.00563816 -0.1055 -0.00205212 0.00364638 -0.12998 -0.00726171 -0.00403282 -0.129197 -0.00662058 -0.00460924 -0.129509 -0.00739675 -0.00775 -0.129148 -0.000136829 -0.00855851 -0.130224 -0.00132868 -0.0043823 -0.129831 0.00728616 0.00445151 -0.129758 0.00725276 -0.0895 0.00084349 -0.00191172 -0.09025 0.000352052 3.82328e-05 -0.087 -0.000850473 0.00195847 -0.087 0.00185606 0.00108845 -0.0845 0.000514084 -0.00190571 -0.087 -0.00209938 -0.000686334 -0.0845 0 0 -0.110673 5.09011e-05 -0.0141249 -0.105 0.001 -0.0139 -0.105083 -0.000985971 -0.0139 -0.0993571 -0.000201403 -0.0142314 -0.099657 -0.000988205 -0.0148139 -0.103565 0.000940906 -0.0148181 -0.1145 -0.0035126 -0.01448 -0.0875 0.00732861 -0.00145124 -0.0875 0.00461718 -0.00601723 -0.0875 -0.00700721 -0.00290248 -0.0875 -0.00329857 -0.00670328 -0.0875 -0.00751967 0.000989983 -0.0875 0.00290248 0.00700721 -0.0874931 -0.00548976 0.00546978 -0.0875 -0.000494991 0.00758483 -0.085 0.000863068 0.00752827 -0.0874945 0.00671095 0.00387428 -0.084875 0.00560839 -0.00528251 -0.0875 0.000668503 -0.00764976 -0.0847812 -0.002556 -0.00716322 -0.08475 0.00304818 -0.00720058 -0.08475 -0.00680898 -0.00378742 -0.0847507 0.00766654 -0.000416435 -0.08475 0.00431231 0.00646536 -0.085 -0.00208357 0.00728549 -0.0845 -0.00125415 0.00798936 -0.0845 -0.00566855 0.00539929 -0.0848437 -0.00759165 0.00101148 -0.089 0.00180596 -0.0147868 -0.114495 0.0020004 -0.0147742 -0.1145 -0.000708971 -0.0148831 -0.1145 -0.0149056 -0.000124714 -0.1145 -0.0146347 -0.00277331 -0.114499 -0.0138332 -0.00553748 -0.0866955 -0.0132027 -0.00691001 -0.114499 -0.0125319 -0.00806131 -0.1145 -0.0107836 -0.0102822 -0.1145 -0.00864285 -0.0121372 -0.089 -0.00961986 -0.0113784 -0.089 -0.0109171 -0.0101384 -0.089 -0.00833014 -0.0123481 -0.089 -0.00623081 -0.0135346 -0.1145 -0.00618968 -0.0135535 -0.089 -0.00441451 -0.014231 -0.089 0.00345412 -0.0144941 -0.114499 0.00487362 -0.0140807 -0.089 0.0100579 -0.0109856 -0.1145 0.00975742 -0.0112607 -0.089 0.00883838 -0.0119955 -0.114499 0.00746536 -0.0128937 -0.114499 0.0133077 -0.00671473 -0.1145 0.0117122 -0.00921057 -0.089 0.0117029 -0.00922242 -0.114499 0.0142858 -0.0042253 -0.0884999 0.0131865 -0.0070199 -0.1145 0.014833 -0.00141424 -0.1145 0.0142964 0.00419781 -0.114499 0.0148163 0.00149735 -0.114496 0.014908 -0.000132343 -0.1145 0.0132436 0.00682758 -0.089 0.0137177 0.0058168 -0.089 0.0117029 0.00922242 -0.1145 0.0117122 0.00921057 -0.089 0.0130318 0.00721043 -0.089 0.0103584 0.0107105 -0.1145 0.00975742 0.0112607 -0.089 0.00975742 0.0112607 -0.089 0.00883838 0.0119955 -0.1145 0.00745 0.0129038 -0.089 0.00730533 0.0129852 -0.1145 0.00487331 0.0140805 -0.089 0.00180596 0.0147868 -0.1145 0.00212049 0.0147483 -0.089 0.00345412 0.0144941 -0.089 0.00511424 0.0139925 -0.089 -0.000497883 0.0148917 -0.1145 -0.000708971 0.0148831 -0.089 -0.000708971 0.0148831 -0.089 -0.00247831 0.0146924 -0.114499 -0.0036328 0.0144566 -0.114499 -0.00613594 0.0135716 -0.114499 -0.00872952 0.0120838 -0.089 -0.0124094 0.00824408 -0.1145 -0.0125347 0.00805555 -0.1145 -0.0107799 0.0102855 -0.089 -0.0132985 0.00672005 -0.1145 -0.0138327 0.00553777 -0.1145 -0.0146307 0.00281984 -0.089 -0.0139541 0.00521267 -0.089 -0.0148834 0.000497605 -0.089 -0.0146161 0.00289386 -0.1235 -0.00542998 -0.00441762 -0.1235 -0.00642048 -0.00278881 -0.1235 -0.00403676 -0.00571879 -0.1235 -0.00234416 -0.00659583 -0.1235 -0.000477697 -0.00698368 -0.1235 0 -0.009 -0.1235 0.00142419 -0.00685359 -0.1235 0.00322046 -0.0062152 -0.1235 0.00477787 -0.00511585 -0.1235 0.00674042 -0.00188858 -0.1235 0.007 -1.71451e-18 -0.1235 0.00598094 -0.00363709 -0.1235 0.00674042 0.00188858 -0.1235 0.00477787 0.00511585 -0.123337 0.00843202 0.00382225 -0.1235 0.00322046 0.0062152 -0.1235 0.00598094 0.00363709 -0.1235 0.00816041 -0.00345344 -0.1235 -0.000477697 0.00698368 -0.1235 0.00142419 0.00685359 -0.1235 -0.00403676 0.00571879 -0.1235 -0.00234416 0.00659583 -0.1235 -0.0069674 -0.000476583 -0.1235 -0.0069348 0.000953167 -0.1235 -0.00542998 0.00441762 -0.1235 -0.00642048 0.00278881 -0.0845978 -0.00188627 -0.0108667 -0.0884854 0.000866216 -0.0147705 -0.0870098 0.0143183 0.00419257 -0.0876958 -0.00408873 0.0139655 -0.0851977 -0.0049771 0.011192 -0.088625 -0.00975621 0.0111422 -0.0885 0.00836385 0.0121869 -0.08875 -0.00299882 -0.0145715 -0.0875425 -0.00610644 -0.0131252 -0.0885 -0.014153 -0.00417624 -0.0870545 -0.00970326 -0.0103055 -0.0847563 -0.00707194 -0.00873698 -0.086786 -0.00239795 -0.0139887 -0.0858972 0.00224796 -0.0129585 -0.0845502 0.00951751 -0.00494332 -0.0868111 0.0103234 -0.00952987 -0.0875097 0.0126963 -0.00709392 -0.0850872 0.0120785 0.00135961 -0.0860711 0.00935265 0.00907736 -0.0859225 0.0119867 0.00600906 -0.0858972 0.00579815 0.0118049 -0.0845039 0.00482019 0.00887514 -0.0855321 -0.0124159 -0.00139528 -0.0848116 -0.0110806 0.0027804 -0.087913 -0.0115419 0.00911454 -0.0870545 -0.0126309 0.00647862 -0.087262 -0.0142776 0.00120278 -0.0878632 0.0144999 0.00140396 -0.0850406 0.00775725 -0.00919593 -0.0872575 0.00543593 -0.0132405 -0.0845908 0.00525237 -0.00944015 -0.0846202 4.91975e-05 0.0108928 -0.085703 -0.000884088 0.0132759 -0.087913 -0.000492527 0.0147315 -0.0872434 0.00144787 0.0143922 -0.08546 0.0032004 0.0126244 -0.0877838 0.00511728 0.0136768 -0.0845039 0.00673347 0.00741647 -0.0845 -0.00127691 -0.00993748 -0.0845 -0.00496045 0.00860146 -0.0845 0.00890396 -0.00337432 -0.0845228 0.0100019 -0.00184957 -0.0848734 -0.0078645 0.00767099 -0.0845039 0.0010882 -0.00995788 -0.0845039 -0.00911629 -0.00434691 -0.0845 -0.00975047 -0.0017426 -0.0885 0.0081325 0.00782634 -0.0885 0.00664761 0.00737567 -0.0885 0.00486525 0.00900921 -0.0885 -0.00994826 -0.00204364 -0.0885 -0.00923155 -0.00442888 -0.0885 -0.00180344 -0.0106749 -0.0885 0.00107336 -0.0101067 -0.0885 0.00959511 -0.00501389 -0.0885 0.00916884 -0.00273851 -0.0879732 0.0125245 -0.00183801 -0.0885 -0.00614245 0.00768731 -0.0883378 -0.00520824 0.0104437 -0.118566 -0.00905467 7.09188e-05 -0.118856 -0.00598698 -0.00697991 -0.114503 -0.00231753 -0.00873881 -0.117204 -0.00826866 -0.00349748 -0.1145 -0.00415201 0.007911 -0.117085 -0.00757166 0.00472128 -0.1145 -0.00735285 0.00507531 -0.114501 -0.00892542 -0.000865474 -0.1145 -0.00617407 -0.00641108 -0.118361 -0.00407227 -0.00838265 -0.120277 0.00104012 -0.00896766 -0.1145 0.00362536 -0.00804081 -0.114506 0.0080988 -0.00438839 -0.117105 0.00844682 -0.00398908 -0.117407 0.00867858 0.00238625 -0.1145 0.009 0 -0.1145 0.00754519 0.00456814 -0.117616 0.00556777 0.00733018 -0.114517 0.00366587 0.00827926 -0.1145 0 0.00893438 -0.117111 -0.00330093 0.00827766 -0.121639 -0.00631382 0.00678709 -0.12342 -0.00891157 -0.0020721 -0.117551 0.00545188 -0.00717991 -0.122306 0.00507632 -0.0079366 -0.123473 0.00351428 0.00826608 -0.122041 -0.00916113 0.00183819 -0.119266 0.00862205 -0.00406327 -0.118913 0.00834626 0.00363263 -0.119975 0.00464877 -0.00808645 -0.121139 0.00908213 -0.00178066 -0.120202 -0.00924252 -0.000421815 -0.119227 -0.00612369 0.00695659 -0.121433 -0.00680118 -0.0060324 -0.123172 -0.00598912 -0.00698554 -0.122889 0.00823559 -0.00400417 -0.122353 0.0071873 0.00543636 -0.120457 0.00665879 0.00647667 -0.12311 -0.0082126 0.00417577 -0.123328 -0.00315897 0.00821675 -0.118473 0.00220791 0.0089971 -0.121645 -0.000170943 0.00899518 -0.1145 -0.0149 -3.64945e-18 -0.1095 -0.00642048 -0.00278881 -0.1095 -0.0069348 -0.000953167 -0.1095 -0.0069674 0.000476583 -0.1095 -0.00234416 -0.00659583 -0.1095 -0.00403676 -0.00571879 -0.1095 -0.00542998 -0.00441762 -0.1095 0.00322046 -0.0062152 -0.1095 0.00142419 -0.00685359 -0.1095 -0.000477697 -0.00698368 -0.1095 0.00674042 -0.00188858 -0.1095 0.00598094 -0.00363709 -0.1095 0.00477787 -0.00511585 -0.1095 0.00598094 0.00363709 -0.1095 0.00674042 0.00188858 -0.1095 0.007 -1.71451e-18 -0.1095 0.00142419 0.00685359 -0.1095 0.00322046 0.0062152 -0.1095 0.00477787 0.00511585 -0.1095 -0.00403676 0.00571879 -0.1095 -0.00234416 0.00659583 -0.1095 -0.000477697 0.00698368 -0.1095 -0.00642048 0.00278881 -0.1095 -0.00542998 0.00441762 -0.130292 -0.00829191 0.00110659 -0.1307 0.00775 0.00075 -0.129596 -0.00856983 -0.000685053 -0.1307 -0.00481133 -0.00464209 -0.1298 -0.00470963 -0.00683546 -0.1307 0.00399598 0.00692123 -0.1307 -0.00245587 -0.00828189 -0.1307 -0.00322548 -0.0070867 -0.1307 -0.00322548 0.0070867 -0.130339 -0.00298172 0.0081593 -0.1307 0.00855483 0.00162801 -0.1307 0.00452452 -0.0063367 -0.12998 -0.00446563 0.00678871 -0.1307 -0.00509815 0.00294749 -0.1307 0.00633183 -0.0007876 -0.1307 -0.00711695 -0.000375 -0.1307 -0.00297972 0.00516102 -0.1307 0.00563816 0.00205212 -0.1307 0.00456519 0.00383065 -0.1307 0.003 0.00519615 -0.1307 -3.52244e-06 0.00588887 -0.1307 -0.00297972 -0.00516102 -0.1307 -0.00104189 -0.00590885 -0.1307 -0.00774209 -0.00399133 -0.1307 -0.00703738 0.00501476 -0.1307 0.000414457 0.00870051 -0.1307 0.00103484 -0.00586889 -0.1307 0.00316464 -0.00788726 -0.1307 0.00378259 -0.0045134 -0.1307 0.00124525 -0.00866094 -0.1307 0.00732764 0.00470919 -0.1307 0.00732764 -0.00470919 -0.1257 0.00644601 -0.00179307 -0.1257 0.00243184 -0.00829209 -0.1257 0.00250219 -0.00628001 -0.1257 0.00490783 -0.00464894 -0.1257 0.006304 -0.00601085 -0.1257 0.00816514 -0.00282897 -0.1257 0.00856288 0.00144052 -0.1257 0.00621675 0.00247351 -0.1257 0.00732764 0.00470919 -0.1257 0.0037937 0.00559529 -0.1257 0.000726603 0.00665118 -0.1257 0.00395718 0.00768201 -0.1257 0.000414457 0.00870051 -0.1257 -0.00284889 0.00823132 -0.1257 -0.00316651 0.00597266 -0.1257 -0.0050755 0.00712754 -0.1257 -0.00591287 0.00313116 -0.1257 -0.00748502 0.00431822 -0.1257 -0.00865117 -0.000620981 -0.1257 -0.0067701 0.000183802 -0.1257 -0.00644404 -0.00217125 -0.1257 -0.00672309 -0.0052871 -0.1257 -0.00510152 -0.00432904 -0.1257 -0.00144146 -0.00653363 -0.1257 -0.00243725 -0.0082905 -0.1307 -0.006 1.46958e-18 -0.1257 -0.00564047 -0.00169232 -0.1257 -0.00408961 -0.00433473 -0.1257 -0.00237648 -0.0055093 -0.1257 -0.00034651 -0.00594935 -0.1257 0.00263977 -0.00526407 -0.1257 0.00532554 -0.00267459 -0.1257 0.00607822 6.30966e-05 -0.1257 0.00532554 0.00267459 -0.1257 0.00411745 0.00436424 -0.1257 0.00135464 0.00573095 -0.1257 -0.00170918 0.00570907 -0.1257 -0.00505963 0.00271372 -0.1192 0.00109367 -0.00667108 -0.1192 0.00170918 -0.00570907 -0.1192 0.0037937 -0.00559529 -0.1192 0.00358295 -0.00481274 -0.1192 0.00497903 -0.00327476 -0.1192 0.00579247 -0.00348522 -0.1192 0.00583827 -0.0013837 -0.1192 0.006 0 -0.1192 0.00676025 -0.00036545 -0.1192 0.00560003 0.00203825 -0.1192 0.00640627 0.00215852 -0.1192 0.00459627 0.00385673 -0.1192 0.00297972 0.00516102 -0.1192 0.0040465 0.00532841 -0.1192 0.00104189 0.00590885 -0.1192 -0.000348869 0.00598985 -0.1192 0.00109367 0.00667108 -0.1192 -0.00110012 0.00671042 -0.1192 -0.00172082 0.00574794 -0.1192 -0.00355872 0.0047802 -0.1192 -0.00405164 0.00532451 -0.1192 -0.00532554 0.00267459 -0.1192 -0.00613534 0.00283851 -0.1192 -0.00596957 0.000174139 -0.1192 -0.0067701 -0.000183802 -0.1192 -0.00563816 -0.00205212 -0.1192 -0.00644404 -0.00217125 -0.1192 -0.00501293 -0.00329705 -0.1192 -0.0053817 -0.00409106 -0.1192 -0.00355872 -0.0047802 -0.1192 -0.0028123 -0.00607101 -0.1192 -0.00103484 -0.00586889 -0.1055 -0.00596957 -0.000174139 -0.1055 -0.00563816 0.00205212 -0.1055 -0.00236041 0.00547204 -0.1055 -0.00456519 0.00383065 -0.1055 0.00297972 0.00516102 -0.1055 0.00104189 0.00590885 -0.1055 -0.000348869 0.00598985 -0.1055 0.0053618 0.0026928 -0.1055 0.00459627 0.00385673 -0.1055 0.00591913 -0.000691848 -0.1055 0.00583827 0.00138369 -0.1055 0.00408961 -0.00433473 -0.1055 0.0053618 -0.0026928 -0.1055 0.00034651 -0.00594935 -0.1055 0.00237648 -0.0055093 -0.1055 -0.00456519 -0.00383065 -0.1055 -0.00236041 -0.00547204 -0.1055 -0.00563816 -0.00205212 -0.1055 0.006 0 -0.129167 0.00406122 -0.00660418 -0.129506 0.00459318 -0.00740624 -0.129079 0.00775 -0.000106329 -0.130224 0.00855851 -0.00132868 -0.129826 0.00438687 0.00728363 -0.00195951 0.0895 -0.00103915 0.00084349 0.0895 -0.00191172 0.00195951 0.0895 0.00103915 -0.00084349 0.0895 0.00191172 -2.90321e-05 0.09 -0.000104415 -0.00192333 0.0845 0.000668436 0.000579248 0.0845 0.00214102 0.00192333 0.0845 -0.000668436 -0.000579248 0.0845 -0.00214102 0 0.0845 0 -0.000985971 0.105083 -0.0139 0.000702319 0.107876 -0.0139 -7.77373e-06 0.099307 -0.0143426 0.000774314 0.10659 -0.0148066 0.000776331 0.102053 -0.0148736 -0.000656984 0.0941185 -0.0148841 -0.00351641 0.114498 -0.0144767 0.00620829 0.0875 -0.00415593 0.00732861 0.0875 0.00145124 0.00290248 0.0875 -0.00700721 -0.000494991 0.0875 -0.00758483 -0.00751967 0.0875 -0.000989983 -0.00276758 0.0875 0.00723042 -0.00670328 0.0875 0.00329857 0.00290248 0.0875 0.00700721 6.08842e-16 0.0875 0.00765 0.00540937 0.0875 0.00540937 -0.00756555 0.08475 -0.00145565 6.00058e-16 0.08625 0.00765 0.000235994 0.08475 0.00769794 0.00599065 0.0848125 0.00449533 0.0038982 0.085 -0.00649798 0.00601863 0.08475 -0.00501385 0.000629553 0.08475 -0.00767375 -0.00570424 0.0874932 -0.00529632 -0.0039352 0.08475 -0.00656376 0.00809588 0.0846902 0.000620985 -0.00317183 0.084875 0.00694949 -0.00711219 0.0848125 0.00291661 0.00180596 0.089 -0.0147868 0.00212049 0.1145 -0.0147483 -0.000991688 0.114492 -0.014876 -0.0138327 0.089 -0.00553777 -0.0140756 0.089 -0.00488757 -0.0138327 0.1145 -0.00553777 -0.0146347 0.1145 -0.00277331 -0.0132985 0.089 -0.00672005 -0.0125347 0.1145 -0.00805555 -0.0125347 0.089 -0.00805555 -0.0122842 0.089 -0.00843261 -0.0107836 0.1145 -0.0102822 -0.00961986 0.089 -0.0113784 -0.0109171 0.089 -0.0101384 -0.00864259 0.114499 -0.0121377 -0.00623081 0.089 -0.0135346 -0.00618968 0.1145 -0.0135535 -0.00441451 0.089 -0.014231 0.00375548 0.0866733 -0.0144211 0.00489308 0.114499 -0.0140755 0.00745 0.1145 -0.0129038 0.0100579 0.089 -0.0109856 0.00975742 0.1145 -0.0112607 0.00883838 0.089 -0.0119955 0.00730533 0.089 -0.0129852 0.0133077 0.114499 -0.00671473 0.0117122 0.1145 -0.00921057 0.0117029 0.089 -0.00922242 0.0142858 0.114499 -0.0042253 0.0131865 0.0884999 -0.0070199 0.014833 0.1145 -0.00141424 0.0148163 0.114499 0.00149735 0.014908 0.114496 -0.000132343 0.0132436 0.1145 0.00682758 0.0137177 0.089 0.0058168 0.0142861 0.114498 0.00422515 0.0117122 0.1145 0.00921057 0.0130318 0.089 0.00721043 0.0097576 0.1145 0.0112606 0.0117029 0.089 0.00922242 0.0092979 0.089 0.0116281 0.00745075 0.1145 0.0129035 0.00487331 0.1145 0.0140805 0.00212049 0.1145 0.0147483 0.00345412 0.089 0.0144941 0.00556562 0.089 0.013783 -0.000603427 0.089 0.0148874 -0.000708971 0.1145 0.0148831 0.00180596 0.089 0.0147868 -0.00363304 0.114499 0.0144567 -0.00618968 0.1145 0.0135535 -0.00864285 0.1145 0.0121372 -0.0109171 0.089 0.0101384 -0.0107836 0.1145 0.0102822 -0.00961986 0.089 0.0113784 -0.00833014 0.089 0.0123481 -0.0125321 0.114499 0.00806153 -0.0138276 0.114498 0.0055812 -0.0149002 0.1145 2.26186e-07 -0.0146478 0.114499 0.0027465 -0.00542998 0.1235 -0.00441762 -0.00642048 0.1235 -0.00278881 -0.00403676 0.1235 -0.00571879 -0.00234416 0.1235 -0.00659583 -0.000477697 0.1235 -0.00698368 0 0.1235 -0.009 0.00142419 0.1235 -0.00685359 0.00322046 0.1235 -0.0062152 -0.00403676 0.1235 0.00571879 -0.0069674 0.1235 -0.000476583 -0.0069348 0.1235 0.000953167 0.00477787 0.1235 -0.00511585 0.00674042 0.1235 -0.00188858 0.007 0.1235 -1.71451e-18 -0.000477697 0.1235 0.00698368 0.00142419 0.1235 0.00685359 0.00322046 0.1235 0.0062152 -0.00234416 0.1235 0.00659583 -0.00542998 0.1235 0.00441762 -0.00642048 0.1235 0.00278881 0.00598094 0.1235 -0.00363709 0.00674042 0.1235 0.00188858 0.00598094 0.1235 0.00363709 0.00816041 0.1235 -0.00345344 0.00477787 0.1235 0.00511585 0.00843202 0.123337 0.00382225 0.000866216 0.0884854 -0.0147705 0.0125104 0.0880306 0.00769764 -0.0101744 0.0869047 0.00991996 -0.00971954 0.0885 0.0111702 -0.00649507 0.0884745 0.0134013 -0.00373201 0.0853301 0.0122577 -0.0140311 0.0869343 0.00214453 0.00836385 0.0885 0.0121869 -0.00247593 0.0885049 -0.0146195 -0.0057575 0.0880306 -0.0135739 -0.0103402 0.0845492 -0.000660707 -0.0136615 0.0885 -0.00579296 -0.0122153 0.0865492 -0.00643162 -0.00916285 0.0845095 -0.00438653 -0.00221126 0.0854509 -0.0127064 0.00171871 0.0845079 -0.0104049 0.00951751 0.0845502 -0.00494332 0.0126963 0.0875097 -0.00709392 0.00935265 0.0860711 0.00907736 0.0115353 0.0852914 0.0040392 0.0056969 0.0866973 0.0125966 -0.0147633 0.0884485 -0.00204709 -0.0113728 0.0856069 0.00592077 -0.0125408 0.087913 0.00742796 0.0136994 0.0862611 0.000686753 0.0106588 0.08618 -0.0081238 0.00880371 0.0875782 -0.0115499 0.00525237 0.0845908 -0.00944015 -0.00540405 0.084775 -0.0100702 -0.00707844 0.0870545 -0.0123704 -0.00983247 0.0860611 -0.00921593 -0.0115419 0.087913 -0.00911454 -2.46675e-05 0.0845212 0.0103599 -0.00265708 0.087334 0.0146708 0.00186912 0.085806 0.0131378 1.64739e-06 0.087913 0.0146493 0.0144725 0.0880894 0.00219659 -0.00731082 0.0845371 0.00744595 0.00916884 0.0845 -0.00273851 0.0105701 0.0845457 -0.00159643 0.00491498 0.0845 0.00832223 0.00673347 0.0845039 0.00741647 0.000457692 0.0845 -0.00951089 -0.00468342 0.0845531 0.0097289 -0.00522008 0.0845 0.0079635 0.0081325 0.0885 0.00782634 0.00664761 0.0885 0.00737567 0.00481551 0.0885 0.00969618 0.00491498 0.0885 0.00832223 0.00475415 0.0845189 0.00954689 -0.00950364 0.0885 -0.00479691 -0.00938836 0.0885 -0.00238196 -0.0015898 0.0845118 -0.0103316 -0.00180344 0.0885 -0.0106749 0.0020257 0.0871986 -0.0118167 0.000343269 0.0885 -0.00953861 0.00959511 0.0885 -0.00501389 0.00916884 0.0885 -0.00273851 0.0125245 0.0879732 -0.00183801 -0.0063595 0.0885 0.00775983 -0.00481551 0.0885 0.00969618 -0.00598698 0.118856 -0.00697991 -0.00231753 0.114503 -0.00873881 -0.00866167 0.117885 -0.00171328 -0.00415201 0.1145 0.007911 -0.00715834 0.114534 0.00550445 -0.00892542 0.114501 -0.000865474 -0.00653161 0.11452 -0.00636429 0.0026074 0.118599 -0.00894314 0.00362536 0.1145 -0.00804081 0.0080988 0.114506 -0.00438839 0.00844682 0.117105 -0.00398908 0.00867858 0.117407 0.00238625 0.009 0.1145 0 0.00754519 0.1145 0.00456814 0.00556777 0.117616 0.00733018 0.00366587 0.114517 0.00827926 0 0.1145 0.00893438 -0.00330093 0.117111 0.00827766 -0.00304286 0.119469 -0.00895335 -0.00631382 0.121639 0.00678709 -0.00628351 0.122844 -0.00606678 -0.00891157 0.12342 -0.0020721 0.00545188 0.117551 -0.00717991 0.00507632 0.122306 -0.0079366 0.00351428 0.123473 0.00826608 -0.00555534 0.121036 -0.00750834 -0.000527163 0.121956 -0.00899217 -0.00916113 0.122041 0.00183819 0.00862205 0.119266 -0.00406327 0.00834626 0.118913 0.00363263 0.00464877 0.119975 -0.00808645 0.00908213 0.121139 -0.00178066 -0.00924252 0.120202 -0.000421815 -0.00612369 0.119227 0.00695659 -0.00804701 0.12183 -0.00455645 -0.00569473 0.1235 -0.00790429 0.00823559 0.122889 -0.00400417 0.0071873 0.122353 0.00543636 0.00665879 0.120457 0.00647667 -0.0082126 0.12311 0.00417577 -0.00315897 0.123328 0.00821675 0.00220791 0.118473 0.0089971 -0.000170943 0.121645 0.00899518 -0.0149 0.1145 -3.64945e-18 -0.00642048 0.1095 -0.00278881 -0.0069348 0.1095 -0.000953167 -0.0069674 0.1095 0.000476583 -0.00234416 0.1095 -0.00659583 -0.00403676 0.1095 -0.00571879 -0.00542998 0.1095 -0.00441762 0.00322046 0.1095 -0.0062152 0.00142419 0.1095 -0.00685359 -0.000477697 0.1095 -0.00698368 0.00674042 0.1095 -0.00188858 0.00598094 0.1095 -0.00363709 0.00477787 0.1095 -0.00511585 0.00598094 0.1095 0.00363709 0.00674042 0.1095 0.00188858 0.007 0.1095 -1.71451e-18 0.00142419 0.1095 0.00685359 0.00322046 0.1095 0.0062152 0.00477787 0.1095 0.00511585 -0.00403676 0.1095 0.00571879 -0.00234416 0.1095 0.00659583 -0.000477697 0.1095 0.00698368 -0.00642048 0.1095 0.00278881 -0.00542998 0.1095 0.00441762 -0.00829191 0.130292 0.00110659 0.00775 0.1307 0.00075 -0.00856983 0.129596 -0.000685053 -0.0055753 0.130339 -0.00666189 0.00336814 0.130347 0.00754562 0.00864141 0.129925 0.00101212 0.00563816 0.1307 0.00205212 0.00501293 0.1307 0.00329705 0.00411745 0.1307 0.00436424 0.00236041 0.1307 0.00547204 -0.00408961 0.1307 0.00433473 -0.00607234 0.130736 0.000920706 0.00100695 0.1307 -0.0057107 0.00623575 0.1307 -0.00213471 -0.00610755 0.1307 -0.00166124 -0.00774209 0.1307 -0.00399133 -0.000680157 0.1307 0.00584946 2.81935e-06 0.1307 0.00864133 -0.00402962 0.13034 -0.00669228 -0.00297972 0.1307 -0.00516102 -0.00703738 0.1307 0.00501476 -0.00478324 0.1307 0.00674394 0.00679976 0.1307 0.0050459 0.00596957 0.1307 -0.000174139 0.00230296 0.13049 -0.00835948 -0.00245587 0.1307 -0.00828189 0.00732764 0.1307 -0.00470919 0.00621675 0.1257 -0.00247351 -0.00144146 0.1257 -0.00653363 0.00243184 0.1257 -0.00829209 0.00280645 0.1257 -0.00607372 0.00652883 0.1257 -0.005661 0.00855297 0.1257 -0.00164845 0.00644601 0.1257 0.00179307 0.00817009 0.1257 0.002725 0.00460357 0.1257 0.00485524 0.00596524 0.1257 0.00625208 0.00286184 0.1257 0.00826876 -0.00121721 0.1257 0.00846591 0.000726603 0.1257 0.00665118 -0.00316651 0.1257 0.00597266 -0.00504134 0.127558 0.00715162 -0.00591287 0.1257 0.00313116 -0.00748502 0.1257 0.00431822 -0.00865117 0.1257 -0.000620981 -0.0067701 0.1257 0.000183802 -0.00644404 0.1257 -0.00217125 -0.00510152 0.1257 -0.00432904 -0.00672309 0.1257 -0.0052871 -0.00243725 0.1257 -0.0082905 -0.00564047 0.1257 -0.00169232 -0.00408961 0.1257 -0.00433473 -0.00033717 0.1257 -0.00578898 0.003 0.1257 -0.00519615 0.0047215 0.1257 -0.00351941 0.00607822 0.1257 6.30966e-05 0.00563816 0.1257 0.00205212 0.00501293 0.1257 0.00329705 0.00355872 0.1257 0.0047802 0.00172082 0.1257 0.00574794 -0.00136149 0.1257 0.00572932 -0.00484482 0.1257 0.00318649 -0.00103484 0.1192 -0.00586889 -0.000720192 0.1192 -0.00665188 0.00104189 0.1192 -0.00590885 0.00250219 0.1192 -0.00628001 0.00297972 0.1192 -0.00516102 0.00497903 0.1192 -0.00327476 0.00553967 0.1192 -0.00375209 0.00591913 0.1192 -0.000691848 0.00676025 0.1192 -0.00036545 0.00560003 0.1192 0.00203825 0.00640627 0.1192 0.00215852 0.00459627 0.1192 0.00385673 0.00490783 0.1192 0.00464894 0.00297972 0.1192 0.00516102 0.00318518 0.1192 0.00600788 0.00104189 0.1192 0.00590885 -3.22447e-06 0.1192 0.00669075 -0.00103484 0.1192 0.00586889 -0.00355872 0.1192 0.0047802 -0.00405164 0.1192 0.00532451 -0.00532554 0.1192 0.00267459 -0.00613534 0.1192 0.00283851 -0.00596957 0.1192 0.000174139 -0.0067701 0.1192 -0.000183802 -0.00563816 0.1192 -0.00205212 -0.00644404 0.1192 -0.00217125 -0.00501293 0.1192 -0.00329705 -0.00355872 0.1192 -0.0047802 -0.00459889 0.1192 -0.00485967 -0.00596957 0.1055 -0.000174139 -0.00563816 0.1055 0.00205212 -0.00236041 0.1055 0.00547204 -0.00456519 0.1055 0.00383065 0.00297972 0.1055 0.00516102 0.00034651 0.1055 0.00594935 0.00459627 0.1055 0.00385673 0.00595957 0.1055 -0.000345924 0.00560003 0.1055 0.00203824 0.00358295 0.1055 -0.00481274 0.00497903 0.1055 -0.00327476 -0.000348869 0.1055 -0.00598985 0.00170918 0.1055 -0.00570907 -0.00456519 0.1055 -0.00383065 -0.00236041 0.1055 -0.00547204 -0.00563816 0.1055 -0.00205212 0.0043247 0.130251 -0.00679255 0.00831401 0.130206 -0.00145432 0.00449512 0.129531 0.00688065 -0.00384267 0.129933 0.00742926 0.0895 0.00195951 -0.00103915 0.0895 -0.00084349 -0.00191172 0.0895 0.00084349 0.00191172 0.0895 -0.00195951 0.00103915 0.09 2.90321e-05 -0.000104415 0.0845 0.00192333 0.000668436 0.0845 -0.000579248 0.00214102 0.0845 -0.00192333 -0.000668436 0.0845 0.000579248 -0.00214102 0.0845 0 0 0.105 -0.001 -0.0139 0.105 0.001 -0.0139 0.105 0.00104988 -0.0148129 0.0994058 -0.000199679 -0.0143956 0.103526 -0.0008944 -0.0148258 0.0941185 0.000656984 -0.0148841 0.0875 -0.00620829 -0.00415593 0.0875 -0.00732861 0.00145124 0.0875 -0.00290248 -0.00700721 0.0875 0.000494991 -0.00758483 0.0875 0.00751967 -0.000989983 0.0875 0.00276758 0.00723042 0.0875 0.00670328 0.00329857 0.0875 -0.00290248 0.00700721 0.0875 -9.14347e-16 0.00765 0.0875 -0.00540937 0.00540937 0.08475 0.00756555 -0.00145565 0.08625 -9.01605e-16 0.00765 0.08475 -0.000235994 0.00769794 0.0848125 -0.00599065 0.00449533 0.085 -0.0038982 -0.00649798 0.08475 -0.00601863 -0.00501385 0.08475 -0.000629553 -0.00767375 0.0874932 0.00570424 -0.00529632 0.08475 0.0039352 -0.00656376 0.0846902 -0.00809588 0.000620985 0.084875 0.00317183 0.00694949 0.0848125 0.00711219 0.00291661 0.089 -0.00180596 -0.0147868 0.114499 -0.00203829 -0.0147659 0.114483 0.000556048 -0.0148789 0.1145 0.00351281 -0.01448 0.089 0.00351281 -0.01448 0.089 0.0148667 -0.00099521 0.1145 0.0149 0 0.1145 0.0146307 -0.00281984 0.089 0.0138327 -0.00553777 0.089 0.0140756 -0.00488757 0.1145 0.0138327 -0.00553777 0.089 0.0146161 -0.00289386 0.089 0.0132985 -0.00672005 0.1145 0.0125347 -0.00805555 0.1145 0.0107836 -0.0102822 0.089 0.0110506 -0.00999469 0.089 0.0124094 -0.00824408 0.089 0.00961986 -0.0113784 0.089 0.0107836 -0.0102822 0.114499 0.00864259 -0.0121377 0.089 0.00623081 -0.0135346 0.1145 0.00618968 -0.0135535 0.089 0.00441451 -0.014231 0.089 -0.00345412 -0.0144941 0.114499 -0.00489308 -0.0140755 0.1145 -0.00745 -0.0129038 0.089 -0.0100579 -0.0109856 0.1145 -0.00975742 -0.0112607 0.089 -0.00883838 -0.0119955 0.089 -0.00730533 -0.0129852 0.114499 -0.0133077 -0.00671473 0.1145 -0.0117122 -0.00921057 0.089 -0.0117029 -0.00922242 0.114499 -0.0142858 -0.0042253 0.0884999 -0.0131865 -0.0070199 0.1145 -0.014833 -0.00141424 0.114499 -0.0148163 0.00149735 0.114496 -0.014908 -0.000132343 0.1145 -0.0132436 0.00682758 0.089 -0.0137177 0.0058168 0.114498 -0.0142861 0.00422515 0.089 -0.0117029 0.00922242 0.1145 -0.0117122 0.00921057 0.089 -0.0130318 0.00721043 0.089 -0.0103584 0.0107105 0.1145 -0.00975742 0.0112607 0.089 -0.0092979 0.0116281 0.1145 -0.00745075 0.0129035 0.1145 -0.00487331 0.0140805 0.089 -0.00625792 0.0134855 0.114499 -0.00212018 0.0147487 0.089 -0.00345412 0.0144941 0.089 -0.00487331 0.0140805 0.1145 0.000708971 0.0148831 0.114497 0.00351364 0.0144949 0.1145 0.00624455 0.0135297 0.114499 0.00875211 0.0120648 0.0887209 0.0063285 0.0134686 0.089 0.0124094 0.00824408 0.1145 0.0125347 0.00805555 0.1145 0.0107796 0.0102859 0.089 0.0132985 0.00672005 0.1145 0.0138327 0.00553777 0.1145 0.0146307 0.00281984 0.089 0.0139541 0.00521267 0.089 0.0149 -1.82472e-18 0.089 0.0148667 0.00099521 0.089 0.0146161 0.00289386 0.1235 0.00542998 -0.00441762 0.1235 0.00642048 -0.00278881 0.1235 0.00403676 -0.00571879 0.1235 0.00234416 -0.00659583 0.1235 0.000477697 -0.00698368 0.1235 0 -0.009 0.1235 -0.00142419 -0.00685359 0.1235 -0.00322046 -0.0062152 0.1235 -0.00477787 -0.00511585 0.1235 -0.00674042 -0.00188858 0.1235 -0.007 -1.71451e-18 0.1235 -0.00598094 -0.00363709 0.1235 -0.00674042 0.00188858 0.1235 0.000477697 0.00698368 0.1235 0.00234416 0.00659583 0.1235 -0.00598094 0.00363709 0.1235 -0.00816041 -0.00345344 0.1235 -0.00477787 0.00511585 0.123337 -0.00843202 0.00382225 0.1235 -0.00322046 0.0062152 0.1235 0.00403676 0.00571879 0.1235 0.0069674 -0.000476583 0.1235 0.0069348 0.000953167 0.1235 -0.00142419 0.00685359 0.1235 0.00542998 0.00441762 0.1235 0.00642048 0.00278881 0.0884854 -0.000866216 -0.0147705 0.0880306 -0.0125104 0.00769764 0.0869047 0.0101744 0.00991996 0.0885 0.00971954 0.0111702 0.0865915 0.00602412 0.0126134 0.0869343 0.0140311 0.00214453 0.0885 -0.00836385 0.0121869 0.0885049 0.00247593 -0.0146195 0.0880306 0.0057575 -0.0135739 0.0845492 0.0103402 -0.000660707 0.0885 0.0136615 -0.00579296 0.0865492 0.0122153 -0.00643162 0.0845095 0.00916285 -0.00438653 0.0854509 0.00221126 -0.0127064 0.0845079 -0.00171871 -0.0104049 0.0845502 -0.00951751 -0.00494332 0.0875097 -0.0126963 -0.00709392 0.0860711 -0.00935265 0.00907736 0.0852914 -0.0115353 0.0040392 0.0879886 -0.00567999 0.0135488 0.085406 -0.0057138 0.0116444 0.0865785 0.0137169 -0.00156945 0.0850179 0.0110236 0.00462567 0.087913 0.0115419 0.00911454 0.0870545 0.0126309 0.00647862 0.0862611 -0.0136994 0.000686753 0.08618 -0.0106588 -0.0081238 0.0875782 -0.00880371 -0.0115499 0.0866198 -0.00505883 -0.0129372 0.0845908 -0.00525237 -0.00944015 0.084775 0.00540405 -0.0100702 0.0870545 0.00707844 -0.0123704 0.0860611 0.00983247 -0.00921593 0.087913 0.0115419 -0.00911454 0.0845212 2.46675e-05 0.0103599 0.0871801 0.000620755 0.0148973 0.0852786 0.00102823 0.0123857 0.0871489 -0.00127706 0.0142302 0.0880894 -0.0144725 0.00219659 0.0845371 0.00731082 0.00744595 0.0845 -0.00916884 -0.00273851 0.0845457 -0.0105701 -0.00159643 0.0845 -0.00491498 0.00832223 0.0845039 -0.00673347 0.00741647 0.0845 -0.000457692 -0.00951089 0.0845531 0.00468342 0.0097289 0.0845 0.00522008 0.0079635 0.0885 -0.0081325 0.00782634 0.0885 -0.00664761 0.00737567 0.0885 -0.00481551 0.00969618 0.0885 -0.00491498 0.00832223 0.0845189 -0.00475415 0.00954689 0.0885 0.012912 -0.0020555 0.0885 0.00950364 -0.00479691 0.0885 0.00938836 -0.00238196 0.0845118 0.0015898 -0.0103316 0.0885 0.00180344 -0.0106749 0.0871986 -0.0020257 -0.0118167 0.0885 -0.000343269 -0.00953861 0.0885 -0.00959511 -0.00501389 0.0885 -0.00916884 -0.00273851 0.0879732 -0.0125245 -0.00183801 0.0885 0.0063595 0.00775983 0.0885 0.00481551 0.00969618 0.118566 0.00905467 7.09188e-05 0.118856 0.00598698 -0.00697991 0.114503 0.00231753 -0.00873881 0.117204 0.00826866 -0.00349748 0.1145 0.00415201 0.007911 0.117085 0.00757166 0.00472128 0.1145 0.00735285 0.00507531 0.114501 0.00911236 0.000422893 0.1145 0.00873848 -0.00215384 0.11452 0.00653161 -0.00636429 0.118599 -0.0026074 -0.00894314 0.1145 -0.00362536 -0.00804081 0.114506 -0.0080988 -0.00438839 0.117105 -0.00844682 -0.00398908 0.117407 -0.00867858 0.00238625 0.1145 -0.009 0 0.1145 -0.00754519 0.00456814 0.117616 -0.00556777 0.00733018 0.114517 -0.00366587 0.00827926 0.1145 0 0.00893438 0.117111 0.00330093 0.00827766 0.119469 0.00304286 -0.00895335 0.121639 0.00631382 0.00678709 0.122844 0.00628351 -0.00606678 0.12342 0.00891157 -0.0020721 0.117551 -0.00545188 -0.00717991 0.122306 -0.00507632 -0.0079366 0.123473 -0.00351428 0.00826608 0.121036 0.00555534 -0.00750834 0.121956 0.000527163 -0.00899217 0.122041 0.00916113 0.00183819 0.119266 -0.00862205 -0.00406327 0.118913 -0.00834626 0.00363263 0.119975 -0.00464877 -0.00808645 0.121139 -0.00908213 -0.00178066 0.120202 0.00924252 -0.000421815 0.119227 0.00612369 0.00695659 0.12183 0.00804701 -0.00455645 0.1235 0.00569473 -0.00790429 0.122889 -0.00823559 -0.00400417 0.122353 -0.0071873 0.00543636 0.120457 -0.00665879 0.00647667 0.12311 0.0082126 0.00417577 0.123328 0.00315897 0.00821675 0.118473 -0.00220791 0.0089971 0.121645 0.000170943 0.00899518 0.1145 0.0149 -3.64945e-18 0.1095 0.00642048 -0.00278881 0.1095 0.0069348 -0.000953167 0.1095 0.0069674 0.000476583 0.1095 0.00234416 -0.00659583 0.1095 0.00403676 -0.00571879 0.1095 0.00542998 -0.00441762 0.1095 -0.00322046 -0.0062152 0.1095 -0.00142419 -0.00685359 0.1095 0.000477697 -0.00698368 0.1095 -0.00674042 -0.00188858 0.1095 -0.00598094 -0.00363709 0.1095 -0.00477787 -0.00511585 0.1095 -0.00598094 0.00363709 0.1095 -0.00674042 0.00188858 0.1095 -0.007 -1.71451e-18 0.1095 -0.00142419 0.00685359 0.1095 -0.00322046 0.0062152 0.1095 -0.00477787 0.00511585 0.1095 0.00403676 0.00571879 0.1095 0.00234416 0.00659583 0.1095 0.000477697 0.00698368 0.1095 0.00642048 0.00278881 0.1095 0.00542998 0.00441762 0.130292 0.00829191 0.00110659 0.1307 -0.00775 0.00075 0.129596 0.00856983 -0.000685053 0.1307 0.00452452 -0.0063367 0.130347 -0.00336814 0.00754562 0.1307 -0.00462301 -0.00492806 0.130183 -0.00851561 -0.000711408 0.1307 0.00408961 0.00433473 0.1307 0.00478324 0.00674394 0.1307 0.00580002 0.00101912 0.1307 -0.00624897 0.000795026 0.1307 -0.00501293 0.00329705 0.1307 -0.00411745 0.00436424 0.129951 -0.00426484 0.006766 0.1307 -0.00236041 0.00547204 0.1307 0.00509815 -0.00294749 0.1307 0.00711695 -0.000375 0.1307 -0.00100695 -0.0057107 0.1307 0.00633267 -0.00603819 0.1307 0.00774209 -0.00399133 0.1307 0.000680157 0.00584946 0.1307 -2.81935e-06 0.00864133 0.1307 0.00297972 -0.00516102 0.1307 0.00703738 0.00501476 0.13028 -0.00605249 0.00619698 0.1307 -0.00808644 0.00323732 0.1307 -0.00214446 -0.00816933 0.1307 0.00245587 -0.00828189 0.1307 -0.00777731 -0.00400948 0.130313 -0.00569804 -0.00642695 0.1257 -0.00668076 0.00036545 0.1257 0.000365986 -0.00675022 0.1257 -0.00280645 -0.00607372 0.1257 -0.00467423 -0.00726802 0.1257 -0.00541343 -0.00411518 0.1257 -0.00687796 -0.00540889 0.1257 -0.00617151 -0.00285525 0.1257 -0.00840336 -0.00151469 0.1257 -0.00579247 0.00348522 0.1257 -0.0074822 0.00432311 0.1257 -0.0037937 0.00559529 0.1257 -0.000726603 0.00665118 0.1257 -0.00395718 0.00768201 0.1257 -0.000414457 0.00870051 0.1257 0.00396219 0.00767943 0.1257 0.00316651 0.00597266 0.1257 0.00591287 0.00313116 0.1257 0.00748502 0.00431822 0.1257 0.00865117 -0.000620981 0.1257 0.00660707 -0.000993724 0.1257 0.00774209 -0.00399133 0.1257 0.0053817 -0.00409106 0.1257 0.00466948 -0.00727107 0.1257 0.00316651 -0.00597266 0.1257 -2.81935e-06 -0.00864133 0.1257 0.00564047 -0.00169232 0.1257 0.00408961 -0.00433473 0.1257 0.00033717 -0.00578898 0.1257 -0.00444213 -0.00372739 0.1257 -0.00585819 0.00105761 0.1257 -0.00501293 0.00329705 0.1257 -0.00263977 0.00526407 0.1257 0.00136149 0.00572932 0.1257 0.00484482 0.00318649 0.1192 -0.000368145 -0.00679003 0.1192 -0.00104189 -0.00590885 0.1192 -0.00297972 -0.00516102 0.1192 -0.00345221 -0.00573136 0.1192 -0.00459627 -0.00385673 0.1192 -0.00541343 -0.00411518 0.1192 -0.0053618 -0.0026928 0.1192 -0.00617151 -0.00285525 0.1192 -0.00583827 -0.0013837 0.1192 -0.006 0 0.1192 -0.00676025 -0.00036545 0.1192 -0.00560003 0.00203825 0.1192 -0.00640627 0.00215852 0.1192 -0.00459627 0.00385673 0.1192 -0.00297972 0.00516102 0.1192 -0.0040465 0.00532841 0.1192 -0.00104189 0.00590885 0.1192 0.000348869 0.00598985 0.1192 -0.00109367 0.00667108 0.1192 0.00110012 0.00671042 0.1192 0.00172082 0.00574794 0.1192 0.00355872 0.0047802 0.1192 0.00405164 0.00532451 0.1192 0.00532554 0.00267459 0.1192 0.00613534 0.00283851 0.1192 0.00596957 0.000174139 0.1192 0.0067701 -0.000183802 0.1192 0.00563816 -0.00205212 0.1192 0.00613534 -0.00283851 0.1192 0.00456519 -0.00383065 0.1192 0.00437642 -0.00515232 0.1192 0.003 -0.00519615 0.1192 0.00103484 -0.00586889 0.1192 0.00180853 -0.00651373 0.1055 0.00596957 -0.000174139 0.1055 0.00563816 0.00205212 0.1055 0.00236041 0.00547204 0.1055 0.00456519 0.00383065 0.1055 -0.00297972 0.00516102 0.1055 -0.00104189 0.00590885 0.1055 0.000348869 0.00598985 0.1055 -0.0053618 0.0026928 0.1055 -0.00459627 0.00385673 0.1055 -0.00591913 -0.000691848 0.1055 -0.00583827 0.00138369 0.1055 -0.00358295 -0.00481274 0.1055 -0.00459627 -0.00385673 0.1055 -0.0053618 -0.0026928 0.1055 0.000348869 -0.00598985 0.1055 -0.00170918 -0.00570907 0.1055 0.00456519 -0.00383065 0.1055 0.00236041 -0.00547204 0.1055 0.00563816 -0.00205212 0.1055 -0.006 0 0.129663 0.00428157 -0.00721394 0.129202 -0.00398678 -0.00664716 0.129996 0.00406092 0.00744168 -0.000707773 -0.098 0.00180909 -0.00199284 -0.098 -0.000152623 0.000214324 -0.0945 -0.00160194 -0.00120683 -0.0925 0.000205143 0.00192884 -0.09575 0.000247079 0.00119881 -0.0975 0.00168331 -0.000830317 -0.0995 -0.00197704 0.00186014 -0.0965 -0.00151481 -0.00268144 -0.094246 0.000826302 0.000221529 -0.0915 0.000489008 -0.000534734 -0.0933482 -0.0035522 0.000453691 -0.094375 0.00257526 1.38253e-05 -0.0895 0.000110537 -0.00198105 -0.09425 -0.00196996 0.00204662 -0.0895 -0.000943505 -0.00176714 -0.0895 0.00154974 -0.00223031 -0.0895 -0.000323379 0.00169437 -0.0895 0.00148592 -0.00125422 -0.0895 -0.00198782 -0.0002415 -0.0895 0.00231351 0.0002415 -0.0895 -0.00231351 -0.00392511 -0.0916357 0.00120152 0.00332995 -0.091881 -0.00175411 0.000229322 -0.0795863 0.00234119 0.00207736 -0.0795916 0.00100662 0.00169375 -0.0795486 -0.00152392 -0.000318171 -0.0796364 -0.00233685 -0.00208896 -0.0796684 -0.00086656 -0.00163674 -0.0795206 0.00158625 -0.00333948 -0.0920021 -0.00210334 0.000876441 -0.0916589 0.00399926 0.0031293 -0.0921292 0.00193395 -4.20517e-05 -0.0908857 -0.00331996 -0.00140498 -0.0915969 0.00295957 0.00430426 -0.1307 -0.0035748 -0.000220712 -0.131265 -0.00329239 -0.00327949 -0.1307 -0.00386237 -0.000529307 -0.1307 0.00479255 -0.00367502 -0.131226 7.19953e-05 0.00174927 -0.13118 0.00209064 -0.0904355 0.00240757 -0.00186427 -0.0905281 0.000857636 -0.00341556 -0.0969375 0.00118624 -0.00213787 -0.0965 0.00154408 -0.000659262 -0.0925 0.000690845 0.000956571 -0.0935 -0.000508031 -0.00147445 -0.0955 -0.00149443 0.000628942 -0.0995 -0.00224051 0.00103289 -0.0995 -0.00137466 -0.00178702 -0.0995 0.00240255 -0.000269313 -0.0985 0.0012779 0.00179454 -0.098 -0.000374852 0.00193186 -0.0925 -0.000925776 -0.000398614 -0.094246 -0.00176588 0.00210537 -0.094243 0.000846137 0.00281983 -0.094246 0.00265523 0.000645493 -0.0915 0.00120146 -0.000376928 -0.094243 -0.00194234 -0.00186176 -0.0895 -1.38253e-05 0.000110537 -0.0895 -0.00225476 -0.000492014 -0.0895 -0.00213452 0.000984027 -0.0895 0.0023261 0.000337268 -0.0895 0.00141956 -0.00158018 -0.0895 -0.00070461 0.00217633 -0.0895 0.00120257 0.00190596 -0.0895 -0.00109022 -0.00203407 -0.0930797 0.00227841 -0.00331884 -0.0932258 -0.0035285 -0.00148037 -0.0795 -0.00176714 0.00154974 -0.0795734 -0.00235103 7.08686e-05 -0.0795 -0.00162303 -0.00164067 -0.0796492 0.00122332 -0.00195746 -0.0795791 0.000444239 0.00213547 -0.0905551 0.00367065 -0.001569 -0.092731 0.00281234 0.00312888 -0.0912702 0.00425098 0.000637079 -0.0920224 -0.000415605 0.00399926 -0.0916333 -0.0030472 0.0024082 -0.0912896 -0.0015485 -0.004 -0.0905362 -0.0031314 -0.00202784 -0.0797269 -0.000783612 -0.00221397 -0.0902008 0.000877682 0.00236427 -0.0797304 0.0022974 0.000487788 -0.0901234 -0.00114753 -0.0027809 -0.0899829 0.000907088 -0.00284436 -0.1307 -0.00171974 -0.00464455 -0.1307 0.00550196 -0.000733959 -0.1307 0.00289367 0.00464465 -0.130805 -0.00456929 0.00274164 -0.131287 -0.002256 0.000587162 -0.131257 0.001346 -0.00191779 0.00240757 0.0904355 -0.00186427 0.000857636 0.0905281 -0.00341556 0.00118624 0.0969375 -0.00213787 0.00154408 0.0965 -0.000659262 0.000690845 0.0925 0.000956571 -0.000508031 0.0935 -0.00147445 -0.00149443 0.0955 0.000628942 -0.00224051 0.0995 0.00103289 -0.00137466 0.0995 -0.00178702 0.00240255 0.0995 -0.000269313 0.0012779 0.0985 0.00179454 -0.000374852 0.098 0.00193186 -0.000925776 0.0925 -0.000398614 -0.00176588 0.094246 0.00210537 0.000846137 0.094243 0.00281983 0.00265523 0.094246 0.000645493 0.00120146 0.0915 -0.000376928 -0.00194234 0.094243 -0.00186176 -1.38253e-05 0.0895 0.000110537 -0.00225476 0.0895 -0.000492014 0.00204662 0.0895 0.000943505 0.00213452 0.0895 -0.000984027 0.00070461 0.0895 -0.00217633 -0.00169437 0.0895 0.00148592 0.0002415 0.0895 0.00231351 -0.00109022 0.0895 -0.00203407 0.00227841 0.0930797 -0.00331884 -0.0035285 0.0932258 -0.00148037 0.000943077 0.0795604 0.00214964 -0.00141738 0.0796394 0.0017241 -0.00215897 0.0795 -0.000815393 -0.000900853 0.0797112 -0.00223657 0.00230668 0.0796304 0.000234446 0.00367065 0.0905551 -0.001569 0.00281234 0.092731 0.00312888 0.00425098 0.0912702 0.000637079 -0.000415605 0.0920224 0.00399926 -0.0030472 0.0916333 0.0024082 -0.0015485 0.0912896 -0.004 -0.0031314 0.0905362 -0.00202784 0.000877664 0.0902008 0.00236427 -0.00114753 0.0901234 -0.0027809 0.00141816 0.0795974 -0.00184883 0.000907088 0.0899829 -0.00284436 0.00505818 0.1307 0.0006708 -0.000259041 0.130939 0.00336912 0.000987446 0.131261 -0.00287916 0.094 -0.0013721 -0.000540928 0.096375 -0.000899609 -0.00231924 0.093 0.000480282 -0.00120874 0.098 -0.000266105 0.00213671 0.099 0.00172071 -0.00123139 0.0945 0.00134255 0.000689298 0.098 -0.00179236 0.00108004 0.0995 0.00156743 0.00163757 0.09075 -0.000305484 0.000634853 0.0939184 0.00224293 -0.00226721 0.094246 0.00126788 0.00233117 0.096871 -0.00250853 -0.000796727 0.0895 0.00204662 -0.000943505 0.0895 0.00183848 0.001395 0.0895 -0.00223031 -0.000323379 0.0895 -0.00125422 -0.00198782 0.0895 0.0002415 -0.00231351 0.0895 -3.87499e-05 0.00226472 0.0895 -0.00176714 0.00154974 0.0916357 -0.00392511 0.00120152 0.0795 -0.00044425 0.00226472 0.0796394 0.00136073 0.00186325 0.0796495 0.00231239 -0.000321115 0.0795 -0.000638 -0.00226218 0.0797895 -0.00178032 -0.00164427 0.0795 -0.00230165 0.000168634 0.0797192 -0.00198091 0.00138314 0.0927104 -0.0015485 -0.004 0.0920021 -0.00333948 -0.00210334 0.093684 -0.00219419 0.00226995 0.0916589 0.000876441 0.00399926 0.0916333 0.00362455 0.0014082 0.0909129 0.00233995 -0.00301392 0.0795725 0.000835572 -0.00220078 0.0903413 -0.00125513 -0.000137828 0.131301 0.00285325 -0.000685026 0.130833 0.00140015 -0.00443966 0.13091 -0.00455955 -0.00207158 0.130831 0.00116188 0.00336153</float_array>
                    <technique_common>
                        <accessor count="5037" source="#shape0-lib-positions-array" stride="3">
                            <param name="X" type="float"/>
                            <param name="Y" type="float"/>
                            <param name="Z" type="float"/>
                        </accessor>
                    </technique_common>
                </source>
                <source id="shape0-lib-normals" name="normal">
                    <float_array id="shape0-lib-normals-array" count="29997">-0.170695 -0.98524 -0.0129055 -0.198167 -0.97799 0.0653128 -0.128943 -0.991555 -0.0138594 -0.178863 -0.983872 0.00191453 -0.16933 -0.985418 0.0167018 -0.198167 -0.97799 -0.0653128 -0.12986 -0.991449 0.0128226 -0.986146 -0.16117 0.039247 -0.98524 -0.170694 0.012906 -0.98387 -0.178873 -0.00190685 -0.985417 -0.169334 -0.0166907 -0.986146 -0.161167 -0.0392543 -0.886379 -0.46296 0 -0.886379 -0.46296 0 -0.920034 -0.391839 0 -0.920034 -0.391839 0 -0.949249 -0.314526 0 -0.949249 -0.314526 0 -0.971039 -0.238921 0 -0.971039 -0.238921 0 -0.983502 -0.180897 0 -0.815544 -0.578644 -0.00767854 -0.80026 -0.599201 -0.0232855 -0.784764 -0.619795 0 -0.800383 -0.599293 0.0153042 -0.845093 -0.534558 -0.00813409 -0.83832 -0.545178 0 -0.83832 -0.545178 0 -0.845093 -0.534558 0.00813409 -0.693774 -0.720193 0 -0.693774 -0.720193 0 -0.748248 -0.663419 0 -0.748248 -0.663419 0 -0.784764 -0.619795 0 -0.814691 -0.578039 0.0463774 -0.578629 -0.815522 -0.0105763 -0.568945 -0.822166 -0.018555 -0.545178 -0.83832 0 -0.56898 -0.822217 0.0148953 -0.631869 -0.774947 -0.0140615 -0.619795 -0.784764 0 -0.619795 -0.784764 0 -0.631869 -0.774947 0.0140615 -0.180895 -0.983502 0 -0.278846 -0.960336 0 -0.278846 -0.960336 0 -0.353486 -0.93544 0 -0.353486 -0.93544 0 -0.429525 -0.903055 0 -0.429525 -0.903055 0 -0.499194 -0.86649 0 -0.499194 -0.86649 0 -0.545178 -0.83832 0 -0.578464 -0.81529 0.0261294 -0.83832 0.545178 0 -0.619795 0.784764 0 -0.12893 0.991557 0.013875 -0.198167 0.97799 -0.0653128 -0.178875 0.98387 -0.00191031 -0.169338 0.985417 -0.0166812 -0.198167 0.97799 0.0653128 -0.129844 0.991451 -0.0128408 -0.986146 0.161172 -0.0392401 -0.98387 0.178875 0.00191032 -0.985417 0.169338 0.0166812 -0.986147 0.161155 0.039286 -0.499194 0.86649 0 -0.499194 0.86649 0 -0.429525 0.903055 0 -0.429525 0.903055 0 -0.353486 0.93544 0 -0.353486 0.93544 0 -0.278846 0.960336 0 -0.278846 0.960336 0 -0.180901 0.983501 0 -0.170696 0.985239 0.0129027 -0.748248 0.663419 0 -0.748248 0.663419 0 -0.693774 0.720193 0 -0.693774 0.720193 0 -0.619795 0.784764 0 -0.631869 0.774947 -0.0140615 -0.578629 0.815522 0.0105763 -0.568945 0.822166 0.018555 -0.545178 0.83832 0 -0.545178 0.83832 0 -0.578464 0.81529 -0.0261294 -0.56898 0.822217 -0.0148954 -0.631869 0.774947 0.0140615 -0.985239 0.170696 -0.0129027 -0.983501 0.180901 0 -0.971039 0.238921 0 -0.971039 0.238921 0 -0.949249 0.314526 0 -0.949249 0.314526 0 -0.920034 0.391839 0 -0.920034 0.391839 0 -0.886379 0.46296 0 -0.886379 0.46296 0 -0.83832 0.545178 0 -0.845093 0.534558 -0.00813409 -0.815544 0.578644 0.00767854 -0.80026 0.599201 0.0232855 -0.784764 0.619795 0 -0.784764 0.619795 0 -0.814691 0.578039 -0.0463774 -0.800383 0.599293 -0.0153043 -0.845093 0.534558 0.00813409 0.986146 0.16117 0.039247 0.98524 0.170694 0.012906 0.98387 0.178873 -0.00190685 0.985417 0.169334 -0.0166907 0.986146 0.161167 -0.0392543 0.170694 0.98524 -0.012906 0.198167 0.97799 0.0653128 0.128923 0.991557 -0.0138824 0.178873 0.98387 0.00190685 0.169334 0.985417 0.0166907 0.198167 0.97799 -0.0653128 0.129864 0.991449 0.0128186 0.886379 0.46296 0 0.886379 0.46296 0 0.920034 0.391839 0 0.920034 0.391839 0 0.949249 0.314526 0 0.949249 0.314526 0 0.971039 0.238921 0 0.971039 0.238921 0 0.983502 0.180897 0 0.815544 0.578644 -0.00767854 0.80026 0.599201 -0.0232855 0.784764 0.619795 0 0.800383 0.599293 0.0153042 0.845093 0.534558 -0.00813409 0.83832 0.545178 0 0.83832 0.545178 0 0.845093 0.534558 0.00813409 0.693774 0.720193 0 0.693774 0.720193 0 0.748248 0.663419 0 0.748248 0.663419 0 0.784764 0.619795 0 0.814691 0.578039 0.0463774 0.578629 0.815522 -0.0105763 0.568945 0.822166 -0.018555 0.545178 0.83832 0 0.56898 0.822217 0.0148953 0.631869 0.774947 -0.0140615 0.619795 0.784764 0 0.619795 0.784764 0 0.631869 0.774947 0.0140615 0.180897 0.983502 0 0.278846 0.960336 0 0.278846 0.960336 0 0.353486 0.93544 0 0.353486 0.93544 0 0.429525 0.903055 0 0.429525 0.903055 0 0.499194 0.86649 0 0.499194 0.86649 0 0.545178 0.83832 0 0.578464 0.81529 0.0261294 0.83832 -0.545178 0 0.619795 -0.784764 0 0.170695 -0.98524 0.0129055 0.198167 -0.97799 -0.0653128 0.128943 -0.991555 0.0138594 0.178863 -0.983872 -0.00191453 0.16933 -0.985418 -0.0167018 0.198167 -0.97799 0.0653128 0.12986 -0.991449 -0.0128226 0.986146 -0.161172 -0.0392401 0.98387 -0.178875 0.00191032 0.985417 -0.169338 0.0166812 0.986147 -0.161155 0.039286 0.499194 -0.86649 0 0.499194 -0.86649 0 0.429525 -0.903055 0 0.429525 -0.903055 0 0.353486 -0.93544 0 0.353486 -0.93544 0 0.278846 -0.960336 0 0.278846 -0.960336 0 0.180895 -0.983502 0 0.748248 -0.663419 0 0.748248 -0.663419 0 0.693774 -0.720193 0 0.693774 -0.720193 0 0.619795 -0.784764 0 0.631869 -0.774947 -0.0140615 0.578629 -0.815522 0.0105763 0.568945 -0.822166 0.018555 0.545178 -0.83832 0 0.545178 -0.83832 0 0.578464 -0.81529 -0.0261294 0.56898 -0.822217 -0.0148954 0.631869 -0.774947 0.0140615 0.985239 -0.170696 -0.0129027 0.983501 -0.180901 0 0.971039 -0.238921 0 0.971039 -0.238921 0 0.949249 -0.314526 0 0.949249 -0.314526 0 0.920034 -0.391839 0 0.920034 -0.391839 0 0.886379 -0.46296 0 0.886379 -0.46296 0 0.83832 -0.545178 0 0.845093 -0.534558 -0.00813409 0.815544 -0.578644 0.00767854 0.80026 -0.599201 0.0232855 0.784764 -0.619795 0 0.784764 -0.619795 0 0.814691 -0.578039 -0.0463774 0.800383 -0.599293 -0.0153043 0.845093 -0.534558 0.00813409 0.179477 0.695896 -0.695354 0 0 1 0.00709064 0.0264626 -0.999625 -0.00709064 -0.0264626 0.999625 0 0 -1 0 0 -1 -0.109961 -0.0201058 -0.993733 0.172582 -0.0974665 -0.980161 0.00182515 0.0271971 0.999628 -0.00183608 -0.0276523 -0.999616 0.0232271 0.0495598 0.998501 -0.0448231 0.0441494 -0.998019 0 0 -1 -0.115618 0.14133 -0.983188 0 0 1 0 0 -1 0 0 -1 -0.0191167 -0.0224704 0.999565 0 0 -1 -0.13523 0.301337 -0.94388 -0.0415375 -0.00237014 0.999134 0.0447673 0.0038299 -0.99899 0 0 1 0.281493 -0.0482272 -0.958351 -0.15538 0.0282639 -0.98745 0.0487836 0.0236646 -0.998529 -0.0487836 -0.0236646 0.998529 0 0 -1 0 0 -1 0 0 1 -0.168882 0.257958 -0.951282 0 0 -1 0 0 1 -0.0505038 -0.013334 -0.998635 0.0505038 0.013334 0.998635 0.00338379 0.0115961 -0.999927 0.0114384 -0.0167727 -0.999794 -0.0276018 -0.00273447 -0.999615 0.0188933 0.0158292 -0.999696 -4.2371e-06 -2.60408e-06 1 0.00938601 0.00988567 -0.999907 -0.0471878 -0.0290011 0.998465 1.07005e-05 8.96505e-06 -1 8.61041e-06 2.89217e-05 -1 4.12885e-06 -7.63449e-07 -1 -1.00041e-05 2.06393e-05 1 1.51773e-05 -8.76262e-06 -1 0.0245054 0.0424447 -0.998798 0.0070681 0.033834 -0.999402 0 0 -1 1.12357e-05 -1.94607e-05 -1 9.62334e-06 -2.49043e-05 -1 0 0 -1 0 0 -1 9.15428e-06 -2.14752e-05 -1 0 0 -1 2.62599e-06 6.83212e-06 -1 2.89532e-06 8.95616e-07 -1 0 0 1 0.329465 -0.208047 -0.920961 -0.329465 0.208047 0.920961 -4.5872e-05 3.3936e-05 -1 0 0 -1 3.35353e-05 -1.38727e-05 -1 0 0 -1 0 0 -1 0 0 -1 0 0 -1 0 0 1 0 0 -1 0 0 1 0 0 1 0 0 -1 0.763738 -0.0394309 -0.644321 -0.0585806 0.0690513 -0.995892 0 0 1 0 0 -1 -1.36486e-05 -1.2644e-05 -1 1.36486e-05 1.2644e-05 1 -1.52299e-05 -1.30582e-05 -1 0 0 1 -0.0228 0.0686234 -0.997382 -1.7415e-05 -1.36305e-05 -1 0 0 -1 0 0 -1 -1.13336e-06 5.46889e-05 -1 -1.31665e-05 2.28051e-05 -1 -8.95354e-06 3.66113e-05 -1 0 0 -1 0 0 -1 0 0 -1 0 0 -1 0.00545061 -0.0156339 -0.999863 -0.0206618 -0.0475592 -0.998655 0 0 -1 0 0 -1 0 0 -1 0 0 -1 0 0 1 0 0 -1 0 0 -1 -6.03914e-06 -2.03365e-05 -1 1.27795e-07 -6.10718e-07 -1 5.25686e-07 2.54422e-06 -1 9.1905e-07 -4.71686e-06 -1 0.125378 0.0596286 -0.990315 -0.158733 -0.0604828 -0.985467 0.270024 -0.18272 -0.945357 3.92448e-06 1.86644e-06 -1 3.72429e-06 8.47957e-06 -1 2.93789e-06 -1.98802e-06 -1 -3.01993e-06 -1.1507e-06 1 -0.0666042 -0.066813 0.99554 -1.13945e-05 -1.14302e-05 1 0.0030288 0.0103796 -0.999942 1.22979e-05 -1.22119e-05 -1 0.0795854 -0.0790287 -0.99369 0 0 -1 0 0 -1 0 0 -1 0 0 -1 0 0 -1 0.0247259 0.0424558 -0.998792 0 0 -1 0 0 -1 0 0 1 -0.0705366 -0.05839 -0.995799 -0.0723369 -0.0681999 -0.995046 0.0228 -0.0686234 0.997382 0 0 1 0 0 -1 0 0 -1 0 0 -1 0 0 -1 -0.00226136 0.00328703 -0.999992 -0.00143324 -0.00491165 0.999987 -0.00246213 -0.00361265 0.99999 0 0 1 0.0791734 0.0891369 -0.992868 -0.073916 -0.000472536 -0.997264 -0.00614932 -0.0129722 -0.999897 0 0 1 0 0 1 0 0 -1 0.00470905 0.0156621 -0.999866 0.0896943 -0.00807229 -0.995937 -0.0910586 0.00366808 -0.995839 1.21589e-05 1.22538e-05 1 -7.28734e-06 -5.18558e-05 -1 0 0 -1 0 0 -1 0 0 -1 -0.0356982 -0.0948246 0.994854 0.00512341 0.0104285 -0.999933 -0.00284339 -0.00606696 0.999978 0 0 1 0.629464 -0.718798 0.295135 0 0 1 1.52299e-05 1.30582e-05 1 0.0524038 0.0487593 0.997435 0 0 1 2.80633e-06 2.64613e-06 -1 3.51019e-08 -1.03987e-06 -1 0.00246213 0.00361265 -0.99999 0 0 -1 0.00226136 -0.00328703 0.999992 3.43431e-06 9.2022e-07 -1 -5.68363e-06 2.16391e-05 -1 0 0 -1 0 0 -1 0.0191167 0.0224704 -0.999565 0 0 1 0 0 -1 -0.0100758 -0.00937505 -0.999905 0.024988 0.02527 0.999368 0.0501364 0.0473215 0.997621 0 0 -1 0.00439385 0.0873571 -0.996167 -2.66052e-06 2.28636e-06 -1 0.0722843 -0.0428951 -0.996461 -0.0262984 -0.047831 -0.998509 -0.0572074 0.0302395 -0.997904 4.23935e-06 -4.65804e-06 -1 2.69896e-06 -2.32011e-06 -1 0 0 -1 -0.181076 0.0761424 -0.980517 0 0 -1 -0.156479 -0.118745 -0.980517 0 0 -1 0 0 -1 5.57681e-07 9.80354e-06 -1 -2.41863e-06 0 -1 2.93847e-06 -3.26356e-07 -1 0.00167745 0.0685125 -0.997649 -4.19827e-06 -1.2156e-05 -1 0.00376814 0.00877285 -0.999954 1.6796e-06 0 -1 1.59862e-06 -2.66762e-07 -1 -3.57021e-06 -4.95731e-06 -1 4.74986e-07 -1.63063e-07 -1 1.57943e-06 2.6356e-07 -1 -4.09731e-06 5.0413e-06 -1 3.80475e-07 1.30617e-07 -1 3.06604e-07 1.65926e-07 -1 -0.0534218 -0.05456 -0.99708 -2.37935e-06 -5.1472e-07 -1 -9.76936e-06 -4.39298e-06 -1 -0.0384522 -0.00271802 -0.999257 -6.3314e-06 -8.48485e-06 -1 -1.05504e-05 -1.10129e-05 -1 0 0 -1 1.13384e-05 -4.80474e-05 -1 0 0 -1 0 0 -1 0 0 -1 0 0 -1 0 0 -1 0 0 -1 0 0 -1 -0.0212975 -0.0358874 -0.999129 5.00847e-06 8.43954e-06 -1 -0.0526764 -0.025281 -0.998292 0.00312742 -0.00181365 -0.999994 -7.68267e-07 2.83653e-06 -1 1.63939e-07 3.73742e-07 -1 1.10847e-07 4.37725e-07 -1 1.25798e-05 -4.85969e-06 -1 3.48727e-06 7.09906e-07 -1 -3.30091e-06 2.20429e-07 -1 -5.51368e-06 -1.53963e-06 -1 -3.12096e-07 1.23244e-06 -1 -4.5261e-07 1.03185e-06 -1 -3.46589e-06 -8.68851e-06 -1 0 0 -1 3.27258e-06 2.39773e-05 -1 -1.27005e-05 -1.17827e-05 -1 -1.17115e-06 3.68952e-07 -1 -3.46219e-07 3.76095e-07 -1 4.99996e-06 2.81699e-06 -1 -1.24215e-06 9.66808e-07 -1 -1.41491e-06 7.65711e-07 -1 -1.43156e-06 4.91456e-07 -1 -2.77583e-06 3.56506e-06 -1 -1.77064e-06 2.95468e-07 -1 7.60745e-06 -1.19329e-05 -1 -6.97643e-07 1.09431e-06 -1 5.40159e-06 -8.51778e-07 -1 5.34424e-06 -8.18322e-07 -1 -2.27437e-06 -3.79525e-07 -1 3.77759e-06 -5.47307e-06 -1 -2.39515e-07 -1.06207e-06 -1 0.0214415 -0.0206987 -0.999556 0.00144432 0.0479264 -0.99885 9.26481e-08 3.07432e-06 -1 0.00886084 0.0129801 -0.999876 -5.31303e-06 6.39499e-06 -1 0.307804 0.191523 -0.931974 5.66923e-06 1.7576e-06 -1 2.16071e-07 3.30722e-07 -1 -3.23357e-06 4.59976e-07 -1 8.31606e-07 9.03365e-07 -1 1.08153e-06 8.41789e-07 -1 -8.21308e-07 2.74476e-06 -1 -1.38341e-05 5.49895e-06 -1 0 0 -1 1.43832e-05 -9.16979e-06 -1 -0.00545532 0.052832 -0.998589 -5.10435e-07 4.9433e-06 -1 -7.77122e-07 5.42149e-06 -1 -1.86957e-06 -3.79879e-06 -1 1.57538e-06 -3.65452e-07 -1 3.46219e-07 -3.76095e-07 -1 -9.51482e-06 -4.87833e-06 -1 1.91499e-06 -1.49049e-06 -1 2.18132e-06 -1.18047e-06 -1 -6.44119e-06 2.04744e-06 -1 -5.83216e-06 2.01293e-06 -1 1.34062e-06 2.84576e-07 -1 2.57056e-06 5.22893e-06 -1 0 0 -1 1.98393e-05 4.03117e-05 -1 -0.0381761 -0.0208438 -0.999054 4.02824e-06 2.37488e-07 -1 0 0 -1 -5.9547e-06 -1.83019e-06 -1 1.56346e-05 -6.21467e-06 -1 -6.71467e-06 2.83053e-05 -1 0 0 -1 -5.97131e-07 4.77829e-07 -1 -2.58798e-07 -5.90001e-07 -1 -1.77965e-07 -7.02768e-07 -1 -3.37877e-06 9.3569e-07 -1 -3.34633e-06 9.11475e-07 -1 3.23866e-06 5.26964e-07 -1 3.4475e-07 -1.36139e-06 -1 2.78509e-06 2.56854e-06 -1 2.48719e-07 -5.67022e-07 -1 2.92472e-07 -4.47661e-07 -1 -8.94184e-07 -1.05986e-05 -1 0.331985 -0.023538 -0.942991 0.964185 -0.0505313 -0.260374 0.971619 -0.00711635 -0.236443 0.960323 0.050329 -0.27431 0.73341 0.0189722 -0.679522 0.0579541 -0.100683 -0.993229 0.285739 0.152382 -0.946115 0.688094 0.437701 -0.578744 0.100531 -0.058217 -0.993229 0.168681 0.229638 -0.958547 0.517156 0.823521 -0.233158 0.485352 -0.804606 -0.342115 0.0195913 -0.126961 -0.991714 0.274837 -0.171266 -0.946115 0.815636 -0.52968 -0.232758 0.864829 -0.440653 -0.240617 0.645543 -0.349884 -0.678863 0.00383908 -0.231538 -0.972818 0.214193 0.18463 -0.959184 0.177921 0.165919 -0.969956 0.204433 0.253673 -0.94544 0.277812 0.0527983 -0.959183 0.237044 0.0547294 -0.969956 0.302429 0.116092 -0.946076 0.253087 0.0887122 -0.963368 0.110688 0.233974 -0.965921 0.236358 -0.105461 -0.965926 0.241938 -0.0928711 -0.965837 0.241938 -0.0928712 -0.965837 0.25032 -0.0670731 -0.965837 0.25032 -0.0670731 -0.965837 0.25596 -0.04054 -0.965837 0.261283 -0.0400082 -0.964433 0.212847 0.147283 -0.965921 0.204433 -0.253673 -0.94544 0.183247 -0.183247 -0.965837 0.251752 -0.203865 -0.946076 0.203372 -0.174824 -0.963367 0.257972 0.0211263 -0.965921 0.68037 0.502703 -0.533279 0.568691 0.529349 -0.629587 0.576313 0.576313 -0.57942 0.518123 0.483172 -0.705757 0.434147 0.55933 -0.706163 0.441019 0.576669 -0.687717 0.769939 0.0708341 -0.634174 0.698879 0.110692 -0.706622 0.787256 0.210944 -0.579422 0.690293 0.159377 -0.705759 0.660593 0.253578 -0.706622 0.660593 0.253578 -0.706623 0.613643 0.355323 -0.705115 0.60861 -0.365087 -0.704489 0.660593 -0.253578 -0.706623 0.660593 -0.253578 -0.706622 0.68348 -0.183138 -0.706622 0.68348 -0.183138 -0.706623 0.698879 -0.110692 -0.706623 0.69888 -0.110691 -0.706622 0.709722 0.0143199 -0.704337 0.439867 -0.54588 -0.713114 0.44623 -0.54911 -0.706652 0.500343 -0.500343 -0.706621 0.500343 -0.500343 -0.706621 0.549902 -0.445302 -0.706621 0.549902 -0.445302 -0.706621 0.614542 -0.35377 -0.705114 0.750734 0.607933 -0.258488 0.683075 0.683075 -0.258489 0.683075 0.683075 -0.258489 0.620617 0.74022 -0.258669 0.612071 0.769049 -0.184208 0.96432 0.0568406 -0.258565 0.954121 0.151118 -0.258488 0.954121 0.151118 -0.258487 0.933098 0.250023 -0.258487 0.933098 0.250023 -0.258489 0.901852 0.346188 -0.258489 0.901853 0.346189 -0.258486 0.858997 0.441969 -0.258435 0.744206 0.338412 -0.575877 0.858237 -0.443457 -0.258411 0.901853 -0.346188 -0.258486 0.901852 -0.346189 -0.258489 0.933098 -0.250023 -0.258489 0.933099 -0.250023 -0.258487 0.954121 -0.151118 -0.258487 0.954121 -0.151118 -0.258488 0.964654 -0.0512122 -0.258497 0.791936 -0.0330326 -0.609709 0.627756 -0.756768 -0.182276 0.605512 -0.752702 -0.258447 0.683075 -0.683075 -0.258489 0.683075 -0.683075 -0.258489 0.750734 -0.607932 -0.258489 0.750734 -0.607932 -0.25849 0.814267 -0.519815 -0.258384 0.62923 -0.385425 -0.67492 -0.96585 0.258802 0.0124804 -0.965923 -0.258818 0.00241933 -0.970422 -0.241416 0 -0.982163 0.188031 -4.54231e-05 -0.707108 0.707105 3.51983e-05 -0.707271 0.706943 0 -0.258818 0.965926 0 -0.258818 0.965926 0 0.258819 0.965926 0 0.258819 0.965926 0 0.707106 0.707107 0 0.707106 0.707107 0 0.965927 0.258816 0 0.966111 0.258128 0.000109244 0.965927 -0.258816 5.45792e-05 0.966019 -0.258472 0 0.707106 -0.707107 0 0.707106 -0.707107 0 0.258819 -0.965926 0 0.258819 -0.965926 0 -0.258818 -0.965926 0 -0.258818 -0.965926 0 -0.707108 -0.707105 0 -0.707108 -0.707105 0 -0.927196 -0.347545 -0.139713 -0.243631 -0.122654 -0.962081 -0.176052 0.205145 -0.962768 -0.509127 0.657952 -0.554877 -0.579031 0.693901 -0.428047 -0.20775 0.262502 -0.942302 -0.370074 0.414398 -0.831456 -0.229326 0.334596 -0.914032 -0.176565 0.151734 -0.972523 -0.770583 0.369911 -0.519006 -0.430334 0.324375 -0.842374 -0.667772 0.49648 -0.554606 -0.667381 0.495998 -0.555508 -0.653518 0.389451 -0.649031 -0.780995 0.423728 -0.458805 -0.823586 -0.114243 -0.555566 -0.724308 -0.0479861 -0.687805 -0.748243 0.0457192 -0.661847 -0.45219 -0.0338128 -0.891281 -0.372784 -0.235753 -0.89747 -0.691885 -0.378398 -0.614906 -0.746254 -0.366946 -0.555388 -0.491674 -0.636795 -0.593927 -0.153059 -0.121213 -0.980755 -0.138869 -0.137698 -0.980691 -0.164797 -0.17202 -0.971211 0.00765816 -0.0903776 -0.995878 -0.302369 0.109569 -0.946873 -0.308846 0.0948846 -0.946367 -0.277557 0.0882262 -0.95665 -0.191143 0.0413496 -0.980691 -0.296961 0.0338049 -0.954291 -0.42652 -0.356067 -0.831443 -0.395195 -0.391864 -0.830821 -0.395195 -0.391864 -0.830821 -0.343982 -0.436927 -0.831127 -0.324646 -0.397279 -0.858356 -0.521824 0.193487 -0.83082 -0.543958 0.117673 -0.83082 -0.543957 0.117673 -0.830822 -0.554195 0.0471536 -0.83105 -0.35849 0.0675273 -0.931088 -0.646351 -0.459486 -0.609182 -0.669065 -0.494815 -0.554536 -0.590881 -0.585899 -0.554601 -0.59088 -0.585899 -0.554601 -0.515791 -0.652556 -0.555095 -0.644788 0.392208 -0.656065 -0.70618 0.261845 -0.657836 -0.788874 0.263306 -0.555291 -0.813304 0.17594 -0.5546 -0.813304 0.17594 -0.554601 -0.826983 0.0878697 -0.555318 -0.130437 0.122588 -0.983849 -0.508098 0.469155 -0.722309 -0.395195 0.391864 -0.830821 -0.590881 0.585899 -0.554601 -0.59088 0.585899 -0.554601 -0.61298 -0.78928 -0.0359444 -0.585869 -0.786716 -0.194512 -0.692891 -0.694262 -0.194684 -0.700617 -0.694711 -0.162827 -0.785028 -0.56971 -0.243233 -0.790544 -0.584005 -0.18433 -0.874091 -0.460033 -0.155995 -0.86703 -0.46373 -0.182248 -0.929902 -0.344799 -0.128046 -0.78021 -0.289295 -0.5546 -0.780208 -0.289294 -0.554603 -0.521824 -0.193487 -0.83082 -0.427623 -0.139724 -0.893093 -0.183277 -0.0682858 -0.980687 -0.191142 -0.0413493 -0.980691 -0.15122 -0.0265741 -0.988143 -0.542221 -0.124101 -0.831021 -0.506278 -0.109522 -0.855388 -0.813304 -0.17594 -0.5546 -0.813304 -0.17594 -0.5546 -0.954694 -0.206527 -0.214257 -0.967834 -0.244522 -0.0592161 -0.949552 0.215556 -0.227784 -0.958703 0.207394 -0.194616 -0.950798 0.190446 -0.244362 -0.994252 0.0721203 -0.0791334 -0.986672 0.0517098 -0.154289 -0.980087 -0.0766225 -0.183192 -0.993796 -0.0601302 -0.0935585 -0.971244 -0.150262 -0.184682 -0.930472 0.359164 -0.0722757 -0.928489 0.344275 -0.139219 -0.879512 0.450061 -0.15461 -0.876856 0.475738 -0.0692643 -0.822721 0.533921 -0.195084 -0.787266 0.585096 -0.194617 -0.786539 0.585097 -0.197531 -0.600682 0.782035 -0.166142 -0.703934 0.698 -0.131428 -0.702577 0.703349 -0.108099 0.707051 -0.707053 0.0124804 0.965923 -0.25882 0.00242009 0.961039 -0.276411 -3.72849e-05 0.756563 -0.653921 -4.51112e-05 0.258822 -0.965925 3.52586e-05 0.259043 -0.965866 1.78705e-07 -0.258819 -0.965926 -1.78551e-07 -0.25882 -0.965926 0 -0.707108 -0.707106 0 -0.707108 -0.707106 0 -0.965925 -0.25882 0 -0.965925 -0.25882 0 -0.965925 0.258821 0 -0.965925 0.258821 0 -0.707109 0.707105 0 -0.707109 0.707105 0 -0.258818 0.965926 0 -0.258818 0.965926 0 0.258819 0.965926 0 0.258819 0.965926 0 0.707107 0.707107 0 0.707107 0.707107 0 0.965925 0.258821 0 0.965986 0.258593 3.61671e-05 0.96585 0.2588 0.01248 0.707104 0.707106 0.00241964 0.719898 0.69408 -3.80226e-05 0.944679 0.327996 0 0.965925 -0.258821 0 0.965925 -0.258821 0 0.707107 -0.707107 0 0.707107 -0.707107 0 0.258819 -0.965926 0 0.258819 -0.965926 0 -0.258818 -0.965926 0 -0.258818 -0.965926 0 -0.707109 -0.707105 0 -0.707109 -0.707105 0 -0.965925 -0.258821 0 -0.965925 -0.258821 0 -0.965925 0.25882 0 -0.965925 0.25882 0 -0.707108 0.707106 0 -0.707108 0.707106 0 -0.25882 0.965926 0 -0.25882 0.965926 0 0.258821 0.965925 0 0.259043 0.965866 3.52284e-05 0.258802 0.96585 0.0124804 -0.258818 0.965923 0.00241933 -0.24114 0.97049 -3.83128e-05 0.188289 0.982114 0 0.707105 0.707109 0 0.707105 0.707108 3.04881e-08 0.965926 0.258818 4.16476e-08 0.965926 0.258818 0 0.965926 -0.258819 0 0.965926 -0.258819 0 0.707107 -0.707106 0 0.707107 -0.707106 0 0.258816 -0.965927 0 0.258129 -0.966111 0.000109153 -0.258816 -0.965927 5.46704e-05 -0.258472 -0.966019 0 -0.707107 -0.707106 0 -0.707107 -0.707106 0 -0.965926 -0.258819 0 -0.965926 -0.258819 0 -0.965926 0.258818 0 -0.965926 0.258818 0 -0.707105 0.707108 0 -0.706943 0.707271 3.51678e-05 -0.452466 -0.86371 -0.221989 -0.115398 -0.133148 -0.984355 0.208104 0.219356 -0.953192 0.0336361 -0.814107 -0.579739 -0.198598 -0.119094 -0.972818 0.0984055 -0.0608479 -0.993284 0.46748 -0.854859 -0.225121 0.0268464 -0.257423 -0.965926 0.0405399 -0.25596 -0.965837 0.0405401 -0.25596 -0.965837 0.0670731 -0.25032 -0.965837 0.067073 -0.25032 -0.965837 0.112694 -0.23536 -0.965353 -0.141634 -0.329185 -0.933583 -0.0547294 -0.237044 -0.969956 -0.0508155 -0.317267 -0.946974 0.0408738 -0.817495 -0.574483 0.172314 -0.801344 -0.572849 0.110691 -0.698879 -0.706623 0.183138 -0.68348 -0.706623 0.183138 -0.68348 -0.706622 0.26732 -0.655646 -0.706164 0.243936 -0.625481 -0.741127 -0.253333 -0.643327 -0.722463 -0.252428 -0.661 -0.706654 -0.183138 -0.68348 -0.706622 -0.174999 -0.757957 -0.628392 -0.110692 -0.698879 -0.706622 -0.0974483 -0.72368 -0.683221 -0.0895802 -0.752818 -0.652105 0.151119 -0.954121 -0.258487 0.250023 -0.933098 -0.258487 0.250023 -0.933098 -0.258489 0.322933 -0.910369 -0.258734 0.360083 -0.914933 -0.182314 -0.343962 -0.924875 -0.162164 -0.356775 -0.897764 -0.258324 -0.250023 -0.933098 -0.258489 -0.250023 -0.933099 -0.258487 -0.151118 -0.954121 -0.258487 -0.151118 -0.954121 -0.258488 -0.0548758 -0.96444 -0.258542 -0.707051 0.707053 0.0124804 -0.965923 0.25882 0.00242009 -0.961116 0.276145 0 -0.756392 0.654119 0 -0.258822 0.965925 0 -0.258821 0.965925 1.78552e-07 0.258819 0.965926 -1.78551e-07 0.25882 0.965926 0 0.707108 0.707106 0 0.707108 0.707106 0 0.965925 0.25882 0 0.965925 0.25882 0 0.965925 -0.258821 0 0.965925 -0.258821 0 0.707109 -0.707105 0 0.707109 -0.707105 0 0.258818 -0.965926 0 0.258818 -0.965926 0 -0.258819 -0.965926 0 -0.258819 -0.965926 0 -0.707107 -0.707107 0 -0.707107 -0.707107 0 -0.965925 -0.258821 0 -0.965925 -0.258821 0 -0.96585 -0.2588 0.01248 -0.707104 -0.707106 0.00241964 -0.719702 -0.694283 0 -0.944595 -0.328239 -4.44071e-05 -0.965925 0.258821 3.61983e-05 -0.965986 0.258593 0 -0.707107 0.707107 0 -0.707107 0.707107 0 -0.258819 0.965926 0 -0.258819 0.965926 0 0.258818 0.965926 0 0.258818 0.965926 0 0.707109 0.707105 0 0.707109 0.707105 0 0.965925 0.258821 0 0.965925 0.258821 0 0.965925 -0.25882 0 0.965925 -0.25882 0 0.707107 -0.707107 0 0.707108 -0.707106 -2.43905e-07 0.258822 -0.965925 -3.33181e-07 0.25882 -0.965926 0 -0.258821 -0.965925 0 -0.258821 -0.965925 0 0.96585 -0.258802 0.0124804 0.965923 0.258818 0.00241933 0.97049 0.24114 -3.83128e-05 0.982114 -0.188289 0 0.707108 -0.707105 0 0.707108 -0.707105 0 0.258818 -0.965926 0 0.258818 -0.965926 0 -0.258819 -0.965926 0 -0.258819 -0.965926 0 -0.707106 -0.707107 0 -0.707106 -0.707107 0 -0.965927 -0.258816 0 -0.96611 -0.258129 0.000109139 -0.965927 0.258816 5.46749e-05 -0.966019 0.258472 0 -0.707106 0.707107 0 -0.707106 0.707107 0 -0.258819 0.965926 0 -0.258819 0.965926 0 0.258818 0.965926 0 0.258818 0.965926 0 0.707108 0.707105 0 0.707271 0.706943 3.51678e-05 -0.2588 -0.96585 0.0124801 0.25882 -0.965923 0.00241959 0.241416 -0.970422 0 -0.188031 -0.982163 -4.54231e-05 -0.707105 -0.707108 3.51983e-05 -0.706943 -0.707271 0 -0.965926 -0.258818 0 -0.965926 -0.258818 0 -0.965926 0.258819 0 -0.965926 0.258819 0 -0.707107 0.707106 0 -0.707107 0.707106 0 -0.258816 0.965927 0 -0.258816 0.965927 1.87827e-17 0.258816 0.965927 -1.87827e-17 0.258816 0.965927 0 0.707107 0.707106 0 0.707107 0.707106 0 0.965926 0.258819 0 0.965926 0.258819 0 0.965926 -0.258818 0 0.965926 -0.258818 0 0.707105 -0.707108 0 0.707105 -0.707108 0 0.34025 0.84661 -0.409245 0.343668 0.835355 -0.42904 0.170384 0.409643 -0.896193 0.171689 0.352599 -0.91989 0.0238679 0.194182 -0.980675 0.0666517 0.552767 -0.830666 0.049647 0.292097 -0.955099 0.0423908 0.723509 -0.689012 0.158159 0.704812 -0.691539 0 0.877483 -0.479608 -0.0247724 0.832285 -0.553794 -0.0116426 0.836638 -0.547633 -0.0647453 0.485168 -0.872021 -0.0375931 0.223148 -0.97406 -0.307959 0.763632 -0.567474 -0.0277242 0.193414 -0.980725 -0.0539891 0.188105 -0.980664 -0.0872608 0.549008 -0.83125 -0.145908 0.536945 -0.830904 -0.114389 0.470411 -0.875002 -0.1646 0.408495 -0.897796 -0.223684 0.470572 -0.853538 -0.722321 -0.589739 0.361193 -0.110059 0.824723 -0.554724 -0.110059 0.824723 -0.554724 -0.218183 0.802918 -0.554724 -0.218182 0.802917 -0.554726 -0.308317 0.772512 -0.555128 0.0512665 0.188662 -0.980703 0.117716 0.542998 -0.831442 0.116364 0.428224 -0.89615 0.218183 0.802918 -0.554724 0.213551 0.894859 -0.391948 -0.455792 0.87108 -0.182957 -0.369945 0.925278 -0.0836677 -0.380782 0.908729 -0.170927 -0.256443 0.957956 -0.128674 -0.259613 0.95538 -0.140891 -0.130298 0.97639 -0.172295 -0.149034 0.983106 -0.106258 -0.0481612 0.981969 -0.182802 0 0.995221 -0.0976518 0.0442257 0.983418 -0.17588 -0.215281 0.626201 -0.749351 0.0817165 0.612341 -0.786359 0.110059 0.824723 -0.554724 0.110059 0.824723 -0.554724 0.131392 0.984587 -0.115432 0.143291 0.975091 -0.169306 0.258433 0.955655 -0.141194 0 0 -1 0 0 -1 -1.13138e-06 1.4592e-06 -1 -4.41782e-06 3.25816e-06 -1 0 0 -1 7.0287e-06 2.62313e-05 1 -2.2022e-05 2.81623e-06 1 -1.05032e-05 2.81432e-06 1 -7.02849e-06 1.1011e-05 -1 0 0 -1 0 0 -1 0 0 -1 0 0 -1 0 0 -1 0 0 -1 -1.11054e-07 -7.72492e-07 -1 1.56466e-06 -8.36328e-07 -1 3.73227e-06 2.45293e-07 -1 0 0 -1 0 0 -1 0 0 -1 0 0 -1 0 0 -1 -3.52774e-06 -3.47451e-07 -1 -1.64715e-06 -9.94884e-07 -1 -8.31053e-07 -2.52097e-07 -1 -9.25459e-07 -4.94668e-07 -1 -4.41444e-07 -8.83932e-07 -1 0 0 -1 0 0 -1 0 0 -1 0 0 -1 1.03951e-06 1.58901e-06 -1 3.53952e-07 -9.48405e-08 -1 2.4851e-06 4.6812e-06 -1 0 0 -1 1.57074e-06 2.26849e-06 -1 1.04927e-05 2.81151e-06 1 5.24529e-06 1.40546e-06 1 0 0 -1 0 0 -1 7.54794e-07 -1.64896e-06 -1 1.4497e-06 -1.40572e-06 -1 8.25899e-07 -4.52177e-07 -1 0 0 -1 0 0 -1 -3.96257e-06 6.20785e-06 -1 0 0 -1 0 0 -1 0 0 -1 0 0 -1 0 0 -1 0 0 -1 -3.93476e-06 2.34148e-06 -1 -4.42489e-06 4.35812e-07 -1 1.24091e-06 6.63278e-07 -1 0 0 -1 0 0 -1 0 0 -1 0 0 -1 0 0 -1 0 0 -1 0 0 -1 0 0 -1 0 0 -1 0 0 -1 0 0 -1 -1.04943e-05 -2.81193e-06 1 -4.08961e-06 -5.60748e-06 -1 -3.32694e-06 -4.64154e-06 -1 0 0 1 0 0 -1 5.43209e-07 9.04748e-07 -1 4.49785e-07 -3.97208e-07 -1 1.21019e-06 3.67108e-07 -1 0 0 -1 0 0 -1 0 0 -1 0 0 -1 0 0 -1 0 0 -1 0 0 -1 0 0 -1 0 0 -1 0 0 -1 0 0 -1 0 0 -1 0 0 -1 0 0 -1 0 0 -1 0 0 -1 0 0 -1 0 0 -1 0 0 -1 0 0 -1 0 0 -1 0 0 -1 0 0 -1 0 0 -1 0 0 -1 0 0 -1 0 0 -1 0 0 -1 0 0 -1 0 0 -1 0 0 -1 0 0 -1 0 0 -1 0 0 -1 0 0 -1 0 0 -1 0 0 -1 0 0 -1 0 0 -1 0 0 -1 0 0 -1 0 0 -1 0 0 -1 0 0 -1 0 0 -1 0 0 -1 0 0 -1 0 0 -1 0 0 -1 0 0 -1 0 0 -1 0 0 -1 0 0 -1 0 0 -1 0 0 -1 0 0 -1 0 0 -1 0 0 -1 0 0 -1 0 0 -1 0 0 -1 0 0 -1 0 0 -1 0 0 -1 0 0 -1 0 0 -1 0 0 -1 0 0 -1 0 0 -1 0 0 -1 0 0 -1 0 0 -1 0 0 -1 0 0 -1 0 0 -1 0 0 -1 0 0 -1 0 0 -1 0 0 -1 0 0 -1 0 0 -1 0 0 -1 -0.475726 0.879594 -2.44619e-07 -0.52387 0.851798 -2.38542e-06 -0.499998 0.866022 -0.0029245 -0.499324 0.864856 -0.0519612 -0.513521 0.857313 0.0361996 -0.835265 0.531824 -0.139629 -0.761515 0.59058 0.26704 -0.983043 0.178416 0.0423557 -0.970683 0.238307 0.0313727 -0.772266 -0.625368 -0.111892 -0.801888 -0.585136 0.120799 -0.523849 -0.851811 0.000156097 -0.475728 -0.879593 0.000158267 -0.5 -0.86602 -0.00295789 -0.499903 -0.865996 0.0121977 -0.494326 -0.868978 0.0228018 -0.515446 -0.840517 -0.166871 -0.621423 -0.773661 -0.123626 -0.706351 -0.706351 -0.0462121 -0.705449 -0.706845 -0.0520702 0.475726 -0.879594 0.000161087 0.52387 -0.851798 -2.38542e-06 0.499863 -0.866099 -0.0029408 0.502772 -0.864272 0.0159396 0.359595 -0.928871 -0.0888295 0.257797 -0.962106 -0.088843 0.257796 -0.962107 -0.0888375 0.155815 -0.983783 -0.0888374 0.167731 -0.973025 -0.158395 0.0516743 -0.986003 -0.15852 0.0508173 -0.986477 -0.155821 -0.0515158 -0.982977 -0.176356 -0.0845197 -0.992444 -0.0889438 -0.155815 -0.983783 -0.0888401 -0.155816 -0.983783 -0.0888374 -0.257797 -0.962106 -0.0888375 -0.257796 -0.962106 -0.088843 -0.35166 -0.9319 -0.0888678 0.523849 0.851811 0.000156097 0.475728 0.879593 0.000158267 0.5 0.86602 -0.00295789 0.499887 0.865566 -0.0301499 0.48536 0.874049 0.0215249 0.631219 0.770497 -0.0888655 0.704311 0.704311 -0.0888406 0.704311 0.704311 -0.0888406 0.774073 0.626832 -0.0888407 0.758799 0.631772 -0.158396 0.828066 0.537752 -0.158521 0.829167 0.537089 -0.154978 0.880725 0.448752 -0.15148 0.896796 0.433416 -0.0889225 0.929889 0.356951 -0.088845 0.929889 0.35695 -0.088843 0.962106 0.257797 -0.088843 0.962107 0.257796 -0.0888375 0.983783 0.155815 -0.0888374 0.983783 0.155816 -0.0888401 0.994681 0.0521291 -0.0888401 0.994681 0.0521296 -0.0888425 0.994681 -0.0521291 -0.0888425 0.994681 -0.0521296 -0.0888401 0.983783 -0.155815 -0.0888401 0.983783 -0.155816 -0.0888374 0.962106 -0.257797 -0.0888375 0.962106 -0.257796 -0.088843 0.929889 -0.356951 -0.088843 0.929889 -0.35695 -0.088845 0.887483 -0.452195 -0.0888448 0.887483 -0.452196 -0.0888431 0.835354 -0.542485 -0.088843 0.835354 -0.542486 -0.0888414 0.774073 -0.626832 -0.0888414 0.774073 -0.626832 -0.0888407 0.704311 -0.704311 -0.0888406 0.704311 -0.704311 -0.0888406 0.631219 -0.770497 -0.0888655 -0.374824 0.927096 0 -0.374824 0.927096 0 -0.190924 0.981605 0 -0.190924 0.981605 0 0 1 0 0 1 0 0.190924 0.981605 0 0.190924 0.981605 0 0.374824 0.927096 0 0.374824 0.927096 0 -0.611693 -0.791095 0 -0.611693 -0.791095 0 -0.745123 -0.666927 0 -0.745123 -0.666927 0 -0.853798 -0.520604 0 -0.853798 -0.520604 0 -0.93411 -0.356986 0 -0.93411 -0.356986 0 -0.983389 -0.181508 0 -0.983389 -0.181508 0 -1 0 0 -1 0 0 -0.983389 0.181508 0 -0.983389 0.181508 0 -0.93411 0.356986 0 -0.93411 0.356986 0 -0.853798 0.520604 0 -0.853798 0.520604 0 -0.745123 0.666927 0 -0.745123 0.666927 0 -0.611693 0.791095 0 -0.611693 0.791095 0 0.374824 -0.927096 0 0.374824 -0.927096 0 0.190924 -0.981605 0 0.190924 -0.981605 0 0 -1 0 0 -1 0 -0.190924 -0.981605 0 -0.190924 -0.981605 0 -0.374824 -0.927096 0 -0.374824 -0.927096 0 0.611693 0.791095 0 0.611693 0.791095 0 0.745123 0.666927 0 0.745123 0.666927 0 0.853798 0.520604 0 0.853798 0.520604 0 0.93411 0.356986 0 0.93411 0.356986 0 0.983389 0.181508 0 0.983389 0.181508 0 1 0 0 1 0 0 0.983389 -0.181508 0 0.983389 -0.181508 0 0.93411 -0.356986 0 0.93411 -0.356986 0 0.853798 -0.520604 0 0.853798 -0.520604 0 0.745123 -0.666927 0 0.745123 -0.666927 0 0.611693 -0.791095 0 0.611693 -0.791095 0 0.256685 -0.966495 0 0.999885 0.0151486 0 0.976023 0.217657 -0.00199466 0.964933 0.262497 0.000710758 0.999983 -0.00573691 -0.000527866 0.999886 0.0150689 0.000396097 -0.269857 -0.962879 -0.00641803 -0.387967 -0.921674 0 -0.604211 -0.796824 0 -0.69895 -0.715142 -0.00641792 -0.965352 -0.260952 0 -0.486821 0.873502 0 -0.486891 0.873463 0.000396312 -0.255137 0.966838 0.011392 -0.498186 0.866948 -0.0145602 -0.299519 0.954088 -0.00198567 -0.78278 -0.622299 0 -0.912547 -0.408971 0 -0.870597 -0.491974 0.00477585 -0.985385 -0.170139 -0.00828046 -0.965352 -0.260952 0 -0.996852 0.0792875 0 -0.979136 0.203119 -0.00601144 -0.946133 0.323779 0 -0.761454 0.64822 0 -0.824707 0.565473 -0.00993796 -0.664763 0.747054 -0.00031165 0.665474 -0.746397 -0.00601131 0.567093 -0.823654 0 0.256685 -0.966495 0 0.345349 -0.938438 -0.00828056 0.00924043 -0.999946 0.00477566 0.102095 -0.994775 0 -0.147535 -0.989057 0 0.979349 -0.202177 -0.000311816 0.942085 -0.335322 -0.00584185 0.902112 -0.431503 0 0.753466 -0.657487 0 0.965352 -0.260952 0 0.486821 0.873502 0 0.175604 0.984461 1.27658e-06 0.322963 0.946405 -0.00343229 0.255271 0.966869 0.000710057 0.504965 0.86314 -0.000527998 0.486891 0.873463 0.000396312 0.69895 -0.715142 -0.00641792 0.604211 -0.796824 0 0.387967 -0.921674 0 0.269857 -0.962879 -0.00641803 -0.256685 -0.966495 0 -0.940371 0.340151 8.29205e-07 -0.999885 0.0151486 0 -0.999886 0.0150689 0.000396097 -0.964905 0.262353 0.011387 -0.999892 0.00204609 -0.014575 -0.981092 0.19351 -0.00343437 0.147535 -0.989057 0 -0.102095 -0.994775 0 -0.00924043 -0.999946 0.00477566 -0.345349 -0.938438 -0.00828056 -0.256685 -0.966495 0 -0.567093 -0.823654 0 -0.665474 -0.746397 -0.00601131 -0.753466 -0.657487 0 -0.942101 -0.335328 0 -0.902067 -0.431481 -0.009938 -0.979349 -0.202177 -0.000311816 0.979136 0.203119 -0.00601144 0.996852 0.0792875 0 0.965352 -0.260952 0 0.985385 -0.170139 -0.00828046 0.870597 -0.491974 0.00477585 0.912547 -0.408971 0 0.78278 -0.622299 0 0.661524 0.749924 -0.000297671 0.761441 0.648209 -0.00580647 0.825532 0.564356 0 0.946133 0.323779 0 -0.256685 0.966495 0 -0.999885 -0.0151486 0 -0.976023 -0.217657 -0.00199466 -0.964933 -0.262497 0.000710758 -0.99997 -0.00767932 -0.000466787 -0.999885 -0.0151818 -0.0001655 0.269857 0.962879 -0.00641803 0.387967 0.921674 0 0.604211 0.796824 0 0.69895 0.715142 -0.00641792 0.965352 0.260952 0 0.486821 -0.873502 0 0.486891 -0.873463 0.000396312 0.255137 -0.966838 0.011392 0.498186 -0.866948 -0.0145602 0.299519 -0.954088 -0.00198567 0.78278 0.622299 0 0.912547 0.408971 0 0.870597 0.491974 0.00477585 0.985385 0.170139 -0.00828046 0.965352 0.260952 0 0.996852 -0.0792875 0 0.979136 -0.203119 -0.00601144 0.946133 -0.323779 0 0.761454 -0.64822 0 0.824707 -0.565473 -0.00993796 0.664763 -0.747054 -0.00031165 -0.665474 0.746397 -0.00601131 -0.567093 0.823654 0 -0.256685 0.966495 0 -0.345349 0.938438 -0.00828056 -0.00924043 0.999946 0.00477566 -0.102095 0.994775 0 0.147535 0.989057 0 -0.979344 0.202199 -0.000312714 -0.942085 0.335322 -0.00584185 -0.902112 0.431503 0 -0.753466 0.657487 0 -0.965352 0.260952 0 -0.486821 -0.873502 0 -0.186096 -0.982531 1.33004e-06 -0.327832 -0.944729 -0.00373343 -0.255271 -0.966869 0.000710057 -0.493338 -0.869837 -0.000466913 -0.486792 -0.873518 -0.000165362 -0.69895 0.715142 -0.00641792 -0.604211 0.796824 0 -0.387967 0.921674 0 -0.269857 0.962879 -0.00641803 0.256685 0.966495 0 0.999885 -0.0151486 0 0.999885 -0.0151842 -0.000177434 0.964917 -0.262357 0.0101595 0.999892 -0.000994929 -0.0146346 0.976023 -0.217656 -0.00198972 -0.147535 0.989057 0 0.102095 0.994775 0 0.00924043 0.999946 0.00477566 0.345349 0.938438 -0.00828056 0.256685 0.966495 0 0.567093 0.823654 0 0.665474 0.746397 -0.00601131 0.753466 0.657487 0 0.942101 0.335328 0 0.902067 0.431481 -0.009938 0.97751 0.21089 -0.000668996 -0.979136 -0.203119 -0.00601144 -0.996852 -0.0792875 0 -0.965352 0.260952 0 -0.985385 0.170139 -0.00828046 -0.870597 0.491974 0.00477585 -0.912547 0.408971 0 -0.78278 0.622299 0 -0.66478 -0.747039 -0.00031256 -0.76144 -0.648209 -0.00584181 -0.824748 -0.565501 0 -0.946133 -0.323779 0 -0.173625 0.825336 0.537286 -0.843623 0.174001 0.507961 -0.862592 0.0908326 0.497679 -0.0898916 0.861376 0.49995 -0.17509 0.848905 0.498703 -0.17509 0.848904 0.498703 -0.313185 0.808214 0.498703 -0.313185 0.808214 0.498703 -0.44264 0.745228 0.498703 -0.44264 0.745228 0.498703 -0.559885 0.661683 0.498703 -0.559884 0.661683 0.498703 -0.661683 0.559884 0.498703 -0.661683 0.559884 0.498703 -0.745228 0.44264 0.498703 -0.745228 0.44264 0.498703 -0.808214 0.313185 0.498703 -0.808214 0.313185 0.498703 -0.848139 0.178422 0.498824 -0.825336 -0.173625 0.537286 -0.174001 -0.843623 0.507961 -0.0908326 -0.862592 0.497679 -0.856992 -0.0865113 0.508016 -0.860667 -0.0962643 0.499985 -0.848905 -0.17509 0.498703 -0.848904 -0.17509 0.498703 -0.808214 -0.313185 0.498703 -0.808214 -0.313185 0.498703 -0.745228 -0.44264 0.498703 -0.745228 -0.44264 0.498703 -0.661683 -0.559885 0.498703 -0.661683 -0.559884 0.498703 -0.559884 -0.661683 0.498703 -0.559884 -0.661683 0.498703 -0.44264 -0.745228 0.498703 -0.44264 -0.745228 0.498703 -0.313185 -0.808214 0.498703 -0.313185 -0.808214 0.498703 -0.178422 -0.848139 0.498824 0.173625 -0.825336 0.537286 0.843623 -0.174001 0.507961 0.862592 -0.0908326 0.497679 0.0865113 -0.856992 0.508016 0.0962643 -0.860667 0.499985 0.17509 -0.848905 0.498703 0.17509 -0.848904 0.498703 0.313185 -0.808214 0.498703 0.313185 -0.808214 0.498703 0.44264 -0.745228 0.498703 0.44264 -0.745228 0.498703 0.559885 -0.661683 0.498703 0.559884 -0.661683 0.498703 0.661683 -0.559884 0.498703 0.661683 -0.559884 0.498703 0.745228 -0.44264 0.498703 0.745228 -0.44264 0.498703 0.808214 -0.313185 0.498703 0.808214 -0.313185 0.498703 0.848139 -0.178422 0.498824 0.825336 0.173625 0.537286 0.174001 0.843623 0.507961 0.0908326 0.862592 0.497679 0.856992 0.0865113 0.508016 0.860667 0.0962643 0.499985 0.848905 0.17509 0.498703 0.848904 0.17509 0.498703 0.808214 0.313185 0.498703 0.808214 0.313185 0.498703 0.745228 0.44264 0.498703 0.745306 0.442788 0.498455 0.661705 0.559903 0.498653 0.661695 0.559871 0.498703 0.559884 0.661683 0.498703 0.559884 0.661683 0.498703 0.44264 0.745228 0.498703 0.44264 0.745228 0.498703 0.313185 0.808214 0.498703 0.313185 0.808214 0.498703 0.178422 0.848139 0.498824 -0.885959 -0.0211455 0.46328 0.976267 -0.0687396 -0.205373 0.656981 0.0921993 -0.748248 0.665604 0.0637592 -0.743576 0.777088 -0.00202666 -0.629389 0.900615 0.0524778 -0.431438 0.889502 0.00895783 -0.456843 0.722227 0 0.691656 0.696996 0.111908 0.708289 0.97457 0.216465 0.0579355 0.999065 0 -0.043224 0.966584 0 0.25635 0.930683 0.104448 0.3506 0.8956 -1.94611e-05 0.444859 0.78921 1.97478e-05 0.614123 0 0.94392 0.330173 0.214629 -0.166558 0.962389 0.384964 0.196863 0.901692 0.423524 0 0.905885 -0.389845 0.119265 0.913125 -0.265533 -0.299238 0.916487 -0.770162 0.0165189 0.637634 -0.716383 0.126961 0.686059 -0.555571 -0.102531 0.825123 -0.945633 0.196283 0.259329 -0.935801 0 0.352528 -0.998343 0 0.057548 -0.993004 0.109984 -0.0429618 -0.976336 -0.0687739 -0.20503 -0.900615 0.0524761 -0.431438 -0.889508 0.00895854 -0.456831 -0.656983 0.0921785 -0.748249 -0.684869 -0.00922677 -0.728608 0 1 1.0207e-06 -8.63062e-07 1 -5.97812e-07 0 1 0 0 1 0 0 1 0 0 1 0 0 1 0 0 1 0 0 1 0 0 1 0 0 1 0 0 1 0 0 1 0 0 1 0 0 1 0 0 1 0 0 1 0 0 1 0 0 1 0 0 1 0 0 1 0 0 1 0 0 1 0 0 1 0 0 1 0 1.83851e-06 1 -2.77087e-07 0 0.895403 0.445256 -0.0687396 -0.976267 -0.205373 0 -0.566386 -0.82414 0.152776 -0.652046 -0.742627 0.0431283 -0.703068 -0.709813 -0.00202666 -0.777088 -0.629389 0.0524778 -0.900615 -0.431438 0.00895783 -0.889502 -0.456843 0.216465 -0.97457 0.0579355 0 -0.999065 -0.043224 0 -0.966584 0.25635 0.104448 -0.930683 0.3506 -1.94611e-05 -0.8956 0.444859 0.264155 -0.784925 0.560459 2.35394e-05 -0.777067 0.629418 0.210022 -0.666743 0.715084 0 -0.722227 0.691656 0 -0.418413 0.908257 0.139477 -0.388809 0.910699 -0.375342 -0.147135 0.915134 0.569237 0 0.822173 -0.247311 0.133629 0.959677 0.202547 0.384509 0.900626 0.127189 0.400133 0.907588 0 0.825557 0.564318 0.0373485 0.761057 0.647608 0.126961 0.716383 0.686059 0.000525858 0.635523 0.772082 -0.000234573 0.538412 0.842681 0.196283 0.945633 0.259329 0 0.935801 0.352528 0 0.998343 0.057548 0.109984 0.993004 -0.0429618 -0.0687739 0.976336 -0.20503 0.0524761 0.900615 -0.431438 0.00895854 0.889508 -0.456831 0.0921785 0.656983 -0.748249 -0.00922677 0.684869 -0.728608 0.885959 0.0211455 0.46328 -0.976267 0.0687396 -0.205373 -0.566386 0 -0.82414 -0.652046 -0.152776 -0.742627 -0.703068 -0.0431283 -0.709813 -0.777088 0.00202666 -0.629389 -0.900615 -0.0524778 -0.431438 -0.889502 -0.00895783 -0.456843 -0.722227 0 0.691656 -0.696996 -0.111908 0.708289 -0.97457 -0.216465 0.0579355 -0.999065 0 -0.043224 -0.966584 0 0.25635 -0.930683 -0.104448 0.3506 -0.8956 1.94611e-05 0.444859 -0.78921 -1.97478e-05 0.614123 0 -0.94392 0.330173 -0.214629 0.166558 0.962389 -0.384964 -0.196863 0.901692 -0.423524 0 0.905885 0.389845 -0.119265 0.913125 0.265533 0.299238 0.916487 0.770162 -0.0165189 0.637634 0.716383 -0.126961 0.686059 0.555571 0.102531 0.825123 0.945633 -0.196283 0.259329 0.935801 0 0.352528 0.998343 0 0.057548 0.993004 -0.109984 -0.0429618 0.976336 0.0687739 -0.20503 0.900615 -0.0524761 -0.431438 0.889508 -0.00895854 -0.456831 0.656983 -0.0921785 -0.748249 0.684869 0.00922677 -0.728608 0 -0.895403 0.445256 0.0687396 0.976267 -0.205373 0 0.566386 -0.82414 -0.152776 0.652046 -0.742627 -0.0431283 0.703068 -0.709813 0.00202666 0.777088 -0.629389 -0.0524778 0.900615 -0.431438 -0.00895783 0.889502 -0.456843 -0.216465 0.97457 0.0579355 0 0.999065 -0.043224 0 0.966584 0.25635 -0.104448 0.930683 0.3506 1.94611e-05 0.8956 0.444859 -0.264155 0.784925 0.560459 -2.35394e-05 0.777067 0.629418 -0.210022 0.666743 0.715084 0 0.722227 0.691656 0 0.418413 0.908257 -0.139477 0.388809 0.910699 0.375342 0.147135 0.915134 -0.569237 0 0.822173 0.247311 -0.133629 0.959677 -0.202547 -0.384509 0.900626 -0.127189 -0.400133 0.907588 0 -0.825557 0.564318 -0.0373485 -0.761057 0.647608 -0.126961 -0.716383 0.686059 -0.000525858 -0.635523 0.772082 0.000234573 -0.538412 0.842681 -0.196283 -0.945633 0.259329 0 -0.935801 0.352528 0 -0.998343 0.057548 -0.109984 -0.993004 -0.0429618 0.0687739 -0.976336 -0.20503 -0.0524761 -0.900615 -0.431438 -0.00895854 -0.889508 -0.456831 -0.0921785 -0.656983 -0.748249 0.00922677 -0.684869 -0.728608 1 0 1.0207e-06 1 8.63062e-07 -5.97812e-07 1 0 0 1 0 0 1 0 0 1 0 0 1 0 0 1 0 0 1 0 0 1 0 0 1 0 0 1 0 0 1 0 0 1 0 0 1 0 0 1 0 0 1 0 0 1 0 0 1 0 0 1 0 0 1 0 0 1 0 0 1 0 0 1 0 0 1 0 0 1 -1.83851e-06 -2.77087e-07 0 -1 1.0207e-06 8.63062e-07 -1 -5.97812e-07 0 -1 0 0 -1 0 0 -1 0 0 -1 0 0 -1 0 0 -1 0 0 -1 0 0 -1 0 0 -1 0 0 -1 0 0 -1 0 0 -1 0 0 -1 0 0 -1 0 0 -1 0 0 -1 0 0 -1 0 0 -1 0 0 -1 0 0 -1 0 0 -1 0 0 -1 0 0 -1 0 -1.83851e-06 -1 -2.77087e-07 -1 0 1.0207e-06 -1 -8.63062e-07 -5.97812e-07 -1 0 0 -1 0 0 -1 0 0 -1 0 0 -1 0 0 -1 0 0 -1 0 0 -1 0 0 -1 0 0 -1 0 0 -1 0 0 -1 0 0 -1 0 0 -1 0 0 -1 0 0 -1 0 0 -1 0 0 -1 0 0 -1 0 0 -1 0 0 -1 0 0 -1 0 0 -1 0 0 -1 1.83851e-06 -2.77087e-07 -1 0 0 -1 0 0 -1 0 0 -1 0 0 -1 0 0 -1 0 0 -1 0 0 -1 0 0 -1 0 0 -1 0 0 -1 0 0 -1 0 0 -1 0 0 -1 0 0 -1 0 0 -1 0 0 -1 0 0 -1 0 0 -1 0 0 -1 0 0 -1 0 0 -1 0 0 -1 0 0 -1 0 0 -1 0 0 -1 0 0 -1 0 0 -1 0 0 0 1 0 0 1 0 0 1 0 0 1 0 0 1 0 0 1 0 0 1 0 0 1 0 0 1 0 0 1 0 0 1 0 0 1 0 0 1 0 0 1 0 0 1 0 0 1 0 0 1 0 0 1 0 0 1 0 0 1 0 0 1 0 0 1 0 0 1 0 0 1 0 0 1 0 0 1 0 0 1 0 0 1 0 1 0 0 1 0 0 1 0 0 1 0 0 1 0 0 1 0 0 1 0 0 1 0 0 1 0 0 1 0 0 1 0 0 1 0 0 1 0 0 1 0 0 1 0 0 1 0 0 1 0 0 1 0 0 1 0 0 1 0 0 1 0 0 1 0 0 1 0 0 1 0 0 1 0 0 1 0 0 1 0 0 1 0 0 0 -1 0 0 -1 0 0 -1 0 0 -1 0 0 -1 0 0 -1 0 0 -1 0 0 -1 0 0 -1 0 0 -1 0 0 -1 0 0 -1 0 0 -1 0 0 -1 0 0 -1 0 0 -1 0 0 -1 0 0 -1 0 0 -1 0 0 -1 0 0 -1 0 0 -1 0 0 -1 0 0 -1 0 0 -1 0 0 -1 0 0 -1 0 0 -1 0 -0.0127968 -0.865955 -0.499959 -0.0704861 -0.850643 -0.520998 -0.056775 -0.838342 -0.542181 -0.0817319 -0.852983 -0.5155 0.108453 -0.859381 -0.499703 0.080145 -0.852079 -0.51724 0.0701286 -0.846329 -0.528023 0.0427173 -0.858448 -0.511118 0.0127968 -0.865955 -0.499959 0.861911 0.0401805 -0.505465 0.84928 0.00559299 -0.527913 0.84502 0 -0.534735 0.860964 -0.0317569 -0.507674 0.85112 -0.136187 -0.506999 0.854681 -0.142621 -0.499179 0.864824 -0.0715023 -0.496957 0.851077 0.136572 -0.506968 0.854391 0.142573 -0.499689 0.864771 0.0709646 -0.497128 0.0127968 0.865955 -0.499959 0.0704861 0.850643 -0.520998 0.056775 0.838342 -0.542181 0.0817262 0.852979 -0.515507 -0.108452 0.859381 -0.499703 -0.0801426 0.852078 -0.517243 -0.0701286 0.846329 -0.528023 -0.0427173 0.858448 -0.511118 -0.0127968 0.865955 -0.499959 -0.861911 -0.0401805 -0.505465 -0.84928 -0.00559299 -0.527913 -0.84502 0 -0.534735 -0.860964 0.0317569 -0.507674 -0.85112 0.136187 -0.506999 -0.854681 0.142621 -0.499179 -0.864824 0.0715023 -0.496957 -0.851077 -0.136572 -0.506968 -0.854391 -0.142573 -0.499689 -0.864771 -0.0709646 -0.497128 -0.107033 -0.859573 -0.499677 -0.17201 -0.848903 -0.499776 -0.209147 -0.825902 -0.523588 -0.241558 -0.831916 -0.499566 -0.306163 -0.81021 -0.499825 -0.342483 -0.780783 -0.522573 -0.372106 -0.782333 -0.499492 -0.432353 -0.750469 -0.499867 -0.46682 -0.714521 -0.521094 -0.492999 -0.712419 -0.499411 -0.547304 -0.671233 -0.499904 -0.578863 -0.628813 -0.519146 -0.601096 -0.623986 -0.499324 -0.64803 -0.574563 -0.499934 -0.675625 -0.52586 -0.516723 -0.693588 -0.51933 -0.499232 -0.731916 -0.462968 -0.499959 -0.754499 -0.408314 -0.513819 -0.76807 -0.401166 -0.499133 -0.796784 -0.339348 -0.499978 -0.813329 -0.279216 -0.510425 -0.822605 -0.272564 -0.499029 -0.840949 -0.206913 -0.499991 -0.840949 0.206913 -0.499991 -0.822605 0.272564 -0.499029 -0.813329 0.279216 -0.510425 -0.796784 0.339348 -0.499978 -0.76807 0.401166 -0.499133 -0.754499 0.408314 -0.513819 -0.731916 0.462968 -0.499959 -0.693588 0.51933 -0.499232 -0.675625 0.52586 -0.516723 -0.64803 0.574563 -0.499934 -0.601096 0.623986 -0.499324 -0.578863 0.628813 -0.519146 -0.547304 0.671233 -0.499904 -0.492999 0.712419 -0.499411 -0.46682 0.714521 -0.521094 -0.432353 0.750469 -0.499867 -0.372106 0.782333 -0.499491 -0.342483 0.780783 -0.522573 -0.306163 0.81021 -0.499825 -0.212778 0.840242 -0.498718 -0.234792 0.808614 -0.539459 -0.17201 0.848903 -0.499776 0.107033 0.859573 -0.499677 0.17201 0.848903 -0.499776 0.209147 0.825902 -0.523588 0.241558 0.831916 -0.499566 0.306163 0.81021 -0.499825 0.342483 0.780783 -0.522573 0.372106 0.782333 -0.499492 0.432353 0.750469 -0.499867 0.46682 0.714521 -0.521094 0.492999 0.712419 -0.499411 0.547304 0.671233 -0.499904 0.578863 0.628813 -0.519146 0.601096 0.623986 -0.499324 0.64803 0.574563 -0.499934 0.675625 0.52586 -0.516723 0.693588 0.51933 -0.499232 0.731916 0.462968 -0.499959 0.754499 0.408314 -0.513819 0.76807 0.401166 -0.499133 0.796784 0.339348 -0.499978 0.813329 0.279216 -0.510425 0.822605 0.272564 -0.499029 0.840949 0.206913 -0.499991 0.840949 -0.206913 -0.499991 0.822605 -0.272564 -0.499029 0.813329 -0.279216 -0.510425 0.796784 -0.339348 -0.499978 0.76807 -0.401166 -0.499133 0.754499 -0.408314 -0.513819 0.731916 -0.462968 -0.499959 0.693588 -0.51933 -0.499232 0.675625 -0.52586 -0.516723 0.64803 -0.574563 -0.499934 0.601096 -0.623986 -0.499324 0.578863 -0.628813 -0.519146 0.547304 -0.671233 -0.499904 0.492999 -0.712419 -0.499411 0.46682 -0.714521 -0.521094 0.432353 -0.750469 -0.499867 0.372106 -0.782333 -0.499491 0.342483 -0.780783 -0.522573 0.306163 -0.81021 -0.499825 0.212778 -0.840242 -0.498718 0.234792 -0.808614 -0.539459 0.17201 -0.848903 -0.499776 -0.0127968 0.865955 0.499959 -0.0704861 0.850643 0.520998 -0.056775 0.838342 0.542181 -0.0817281 0.85298 0.515505 0.108453 0.859381 0.499703 0.080146 0.85208 0.517239 0.0701286 0.846329 0.528023 0.0427173 0.858448 0.511118 0.0127968 0.865955 0.499959 0.861911 -0.0401805 0.505465 0.84928 -0.00559299 0.527913 0.84502 0 0.534735 0.860964 0.0317569 0.507674 0.85112 0.136187 0.506999 0.854681 0.142621 0.499178 0.864824 0.0714964 0.496959 0.851077 -0.136572 0.506968 0.854391 -0.142573 0.499688 0.864769 -0.070948 0.497132 0.0127968 -0.865955 0.499959 0.0704861 -0.850643 0.520998 0.056775 -0.838342 0.542181 0.0817319 -0.852983 0.5155 -0.108453 -0.859381 0.499703 -0.080145 -0.852079 0.51724 -0.0701286 -0.846329 0.528023 -0.0427173 -0.858448 0.511118 -0.0127968 -0.865955 0.499959 -0.861911 0.0401805 0.505465 -0.84928 0.00559299 0.527913 -0.84502 0 0.534735 -0.860964 -0.0317569 0.507674 -0.85112 -0.136187 0.506999 -0.854681 -0.142621 0.499178 -0.864824 -0.0714964 0.496959 -0.851077 0.136572 0.506968 -0.854391 0.142573 0.499688 -0.864769 0.070948 0.497132 -0.107033 0.859573 0.499678 -0.17201 0.848903 0.499776 -0.209147 0.825902 0.523588 -0.241558 0.831916 0.499566 -0.306163 0.81021 0.499825 -0.342483 0.780783 0.522573 -0.372106 0.782333 0.499492 -0.432353 0.750469 0.499867 -0.46682 0.714521 0.521094 -0.492999 0.712419 0.499411 -0.547304 0.671233 0.499904 -0.578863 0.628813 0.519146 -0.601096 0.623986 0.499324 -0.64803 0.574563 0.499934 -0.675625 0.52586 0.516723 -0.693588 0.51933 0.499232 -0.731916 0.462968 0.499959 -0.754499 0.408314 0.513819 -0.76807 0.401166 0.499133 -0.796784 0.339348 0.499978 -0.813329 0.279216 0.510425 -0.822605 0.272564 0.499029 -0.840949 0.206913 0.499991 -0.840949 -0.206913 0.499991 -0.822605 -0.272564 0.499029 -0.813329 -0.279216 0.510425 -0.796784 -0.339348 0.499978 -0.76807 -0.401166 0.499133 -0.754499 -0.408314 0.513819 -0.731916 -0.462968 0.499959 -0.693588 -0.51933 0.499232 -0.675625 -0.52586 0.516723 -0.64803 -0.574563 0.499934 -0.601096 -0.623986 0.499324 -0.578863 -0.628813 0.519146 -0.547304 -0.671233 0.499904 -0.492999 -0.712419 0.499411 -0.46682 -0.714521 0.521094 -0.432353 -0.750469 0.499867 -0.372106 -0.782333 0.499491 -0.342483 -0.780783 0.522573 -0.306163 -0.81021 0.499825 -0.212778 -0.840242 0.498718 -0.234792 -0.808614 0.539459 -0.17201 -0.848903 0.499776 0.107033 -0.859573 0.499677 0.17201 -0.848903 0.499776 0.209147 -0.825902 0.523588 0.241558 -0.831916 0.499566 0.306163 -0.81021 0.499825 0.342483 -0.780783 0.522573 0.372106 -0.782333 0.499492 0.432353 -0.750469 0.499867 0.46682 -0.714521 0.521094 0.492999 -0.712419 0.499411 0.547304 -0.671233 0.499904 0.578863 -0.628813 0.519146 0.601096 -0.623986 0.499324 0.64803 -0.574563 0.499934 0.675625 -0.52586 0.516723 0.693588 -0.51933 0.499232 0.731916 -0.462968 0.499959 0.754499 -0.408314 0.513819 0.76807 -0.401166 0.499133 0.796784 -0.339348 0.499978 0.813329 -0.279216 0.510425 0.822605 -0.272564 0.499029 0.840949 -0.206913 0.499991 0.840949 0.206913 0.499991 0.822605 0.272564 0.499029 0.813329 0.279216 0.510425 0.796784 0.339348 0.499978 0.76807 0.401166 0.499133 0.754499 0.408314 0.513819 0.731916 0.462968 0.499959 0.693588 0.51933 0.499232 0.675625 0.52586 0.516723 0.64803 0.574563 0.499934 0.601096 0.623986 0.499324 0.578863 0.628813 0.519146 0.547304 0.671233 0.499904 0.492999 0.712419 0.499411 0.46682 0.714521 0.521094 0.432353 0.750469 0.499867 0.372106 0.782333 0.499491 0.342483 0.780783 0.522573 0.306163 0.81021 0.499825 0.212778 0.840242 0.498718 0.234792 0.808614 0.539459 0.17201 0.848903 0.499776 0 0 1 0 0 1 0 0 1 0 0 1 0 0 1 0 0 1 0 0 1 0 0 1 0 0 1 0 0 1 0 0 1 0 0 1 0 0 1 0 0 1 0 0 1 0 0 1 0 0 1 0 0 1 0 0 1 0 0 1 0 0 1 0 0 1 0 0 1 0 0 1 0 0 1 0 0 1 0 0 1 0 0 1 0 0 1 0 0 1 0 0 1 0 0 1 0 0 1 0 0 1 0 0 1 0 0 1 0 0 1 0 0 1 0 0 1 0 0 1 0 0 1 0 0 1 0 0 1 0 0 1 0 0 1 0 0 1 0 0 1 0 0 1 0 0 1 0 0 1 0 0 1 0 0 1 0 0 1 0 0 1 0 0 1 0 0 1 0 0 1 0 0 1 0 0 1 0 0 1 0 0 1 0 0 1 0 0 1 0 0 1 0 0 1 0 0 1 0 0 1 0 0 1 0 0 1 0 0 1 0 0 1 0 0 1 0 0 1 0 0 1 0 0 1 0 0 1 0 0 1 0 0 1 0 0 1 0 0 1 0 0 1 0 0 1 0 0 1 0 0 1 0 0 1 0 0 1 0 0 1 0 0 1 0 0 1 0 0 1 0 0 1 0 0 1 0 0 1 0 0 1 0 0 1 0 0 1 0 0 1 0 0 1 0 0 1 0 0 1 0 0 1 0 0 1 0.524166 -0.0105477 -0.851551 -0.524166 -0.0105477 0.851551 -0.779092 -0.0836427 0.621305 -0.35238 -0.19375 0.915581 -0.433884 0 0.900969 -0.111965 0 0.993712 0 -0.144204 0.989548 0.111965 0 0.993712 0.781832 0 0.62349 0.806116 -0.0749636 0.58699 0.331012 0 0.943627 0.431019 -0.114721 0.89502 0.532766 9.28698e-05 0.846263 0.970069 -0.0997134 -0.221412 0.997047 0.0672041 -0.0371729 0.97369 -0.0503721 0.222239 0.965882 0 0.258983 0.779092 -0.0836427 -0.621305 0.818677 0 -0.574254 0.943806 0 -0.330501 0.35238 -0.19375 -0.915581 0.433884 0 -0.900969 0.111965 0 -0.993712 0 -0.144204 -0.989548 -0.111965 0 -0.993712 -0.781832 0 -0.62349 -0.806116 -0.0749636 -0.58699 -0.331012 0 -0.943627 -0.431019 -0.114721 -0.89502 -0.532766 9.28698e-05 -0.846263 -0.818677 0 0.574254 -0.943806 0 0.330501 -0.970069 -0.0997134 0.221412 -0.997047 0.0672041 0.0371729 -0.97369 -0.0503721 -0.222239 -0.965882 0 -0.258983 -0.0832096 0.77912 0.621328 -0.0703936 0 0.997519 0 0.0375191 0.999296 0 0.433884 0.900969 -0.19375 0.35238 0.915581 -0.00891281 0.525538 0.850723 -0.000816905 -0.532014 0.846735 -0.114721 -0.431019 0.89502 0.0876728 -0.248895 0.964554 -0.0800739 -0.807556 0.58433 0 -0.781832 0.62349 -0.0997219 -0.970068 -0.221412 0.0667429 -0.997081 -0.037088 -0.0503747 -0.97369 0.222239 0 -0.965894 0.258939 -0.0830628 -0.77913 -0.621335 0 -0.818354 -0.574715 0 -0.943927 -0.330154 -0.0703936 0 -0.997519 0 -0.0375191 -0.999296 0 -0.433884 -0.900969 -0.19375 -0.35238 -0.915581 -0.00885979 -0.525583 -0.850696 -0.000787268 0.532039 -0.84672 -0.114721 0.431019 -0.89502 0.0876728 0.248895 -0.964554 -0.0799991 0.807535 -0.584369 0 0.781832 -0.62349 0 0.818422 0.574618 0 0.94387 0.330316 -0.0997181 0.970069 0.221412 0.0670673 0.997062 0.0370056 -0.0503728 0.97369 -0.222239 0 0.965884 -0.258977 -0.524152 0.0105644 -0.851559 0.524203 0.0105046 0.851529 0.779099 0.0835326 0.621311 0.35238 0.19375 0.915581 0.433884 0 0.900969 0.111965 0 0.993712 0 0.144204 0.989548 -0.111965 0 0.993712 -0.781832 0 0.62349 -0.806036 0.0746839 0.587135 -0.331012 0 0.943627 -0.431019 0.114721 0.89502 -0.532859 -0.000204651 0.846204 -0.970069 0.0997181 -0.221412 -0.997062 -0.0670673 -0.0370056 -0.97369 0.0503728 0.222239 -0.965884 0 0.258977 -0.779089 0.0836802 -0.621303 -0.818694 0 -0.57423 -0.94387 0 -0.330316 -0.35238 0.19375 -0.915581 -0.433884 0 -0.900969 -0.111965 0 -0.993712 0 0.144204 -0.989548 0.111965 0 -0.993712 0.781832 0 -0.62349 0.80606 0.0747662 -0.587093 0.331012 0 -0.943627 0.431019 0.114721 -0.89502 0.532832 -0.000172633 -0.846221 0.818626 0 0.574327 0.943927 0 0.330154 0.970068 0.0997219 0.221412 0.997081 -0.0667429 0.037088 0.97369 0.0503747 -0.222239 0.965894 0 -0.258939 0.0832096 -0.77912 0.621328 0.0703936 0 0.997519 0 -0.0375191 0.999296 0 -0.433884 0.900969 0.19375 -0.35238 0.915581 0.00891281 -0.525538 0.850723 0.000816905 0.532014 0.846735 0.114721 0.431019 0.89502 -0.0876728 0.248895 0.964554 0.0800739 0.807556 0.58433 0 0.781832 0.62349 0.0997219 0.970068 -0.221412 -0.0667429 0.997081 -0.037088 0.0503747 0.97369 0.222239 0 0.965894 0.258939 0.0830628 0.77913 -0.621335 0 0.818354 -0.574715 0 0.943927 -0.330154 0.0703936 0 -0.997519 0 0.0375191 -0.999296 0 0.433884 -0.900969 0.19375 0.35238 -0.915581 0.00885979 0.525583 -0.850696 0.000787268 -0.532039 -0.84672 0.114721 -0.431019 -0.89502 -0.0876728 -0.248895 -0.964554 0.0799991 -0.807535 -0.584369 0 -0.781832 -0.62349 0 -0.818422 0.574618 0 -0.94387 0.330316 0.0997181 -0.970069 0.221412 -0.0670673 -0.997062 0.0370056 0.0503728 -0.97369 -0.222239 0 -0.965884 -0.258977 0.147153 0.989106 -0.00401959 0.223936 0.974184 0.02859 0.223826 0.974621 -0.00391722 0.212357 0.977105 0.0130663 0.205736 0.977978 0.0350818 0.977978 0.205736 0.0350823 0.977107 0.212347 0.0130897 0.96113 0.263191 0.0834214 0.981105 0.193163 -0.0109705 0.981839 0.188231 -0.0236981 0.981619 0.186835 -0.0389367 0.603625 0.797139 -0.0143438 0.59173 0.806048 -0.0119421 0.510272 0.859093 0.0397715 0.663951 0.729477 0.164417 0.645941 0.763387 0 0.739541 0.673111 0 0.759886 0.64335 0.093133 0.859396 0.510172 0.0341003 0.864805 0.502108 -0.000242388 0.211767 0.977188 -0.0161016 0.220278 0.975437 0 0.303744 0.952754 0 0.361286 0.932346 0.0142396 0.381817 0.924238 0 0.456836 0.889551 0 0.504917 0.863077 0.0125307 0.520416 0.853913 0.000326934 0.529015 0.848352 -0.0210471 0.563885 0.825853 0 0.597397 0.801946 0 0.613481 0.789345 0.0239744 0.661197 0.748732 -0.0471027 0.677109 0.735883 0 0.72157 0.692342 0 0.735671 0.676914 0.0239805 0.775672 0.629295 -0.0481808 0.791708 0.610845 0.00815056 0.825876 0.563698 -0.0131609 0.869247 0.492829 0.0391073 0.864685 0.502314 0 0.90767 0.419684 0 0.932359 0.361292 0.0132157 0.939388 0.342856 0 0.975231 0.221187 0 0.975854 0.218393 -0.00357737 0.205736 -0.977978 0.0350823 0.212347 -0.977107 0.0130897 0.211784 -0.977184 -0.0160697 0.223938 -0.97419 0.0283849 0.148477 -0.98891 -0.00344858 0.0685371 -0.968858 -0.237943 0.98162 -0.186835 -0.0389302 0.981838 -0.188228 -0.0237365 0.949899 -0.260116 0.173295 0.974621 -0.223826 -0.00391722 0.977105 -0.212357 0.0130663 0.977978 -0.205736 0.0350818 0.520849 -0.853649 2.35276e-05 0.456836 -0.889551 0 0.504937 -0.863065 0.012536 0.510279 -0.859105 0.0394278 0.563619 -0.807468 -0.174154 0.529132 -0.84854 0 0.613658 -0.789572 0 0.596734 -0.801056 0.0471024 0.675441 -0.734071 -0.0701357 0.661932 -0.749564 0 0.735883 -0.677109 0 0.720732 -0.691538 0.0481804 0.787717 -0.611731 -0.0727166 0.777481 -0.628904 -0.0016541 0.859129 -0.510294 0.0387096 0.864688 -0.502309 1.60147e-05 0.7599 -0.642991 0.0954736 0.795291 -0.605814 -0.0223923 0.741697 -0.670033 -0.0306859 0.572386 -0.819984 0 0.613658 -0.789572 0 0.642991 -0.7599 0.0954737 0.677109 -0.735883 0 0.735883 -0.677109 0 0.977188 -0.211767 -0.0161016 0.975437 -0.220278 0 0.939388 -0.342856 0 0.932359 -0.361292 0.0132157 0.90767 -0.419684 0 0.864696 -0.502296 0 0.868898 -0.493355 0.0402132 0.381817 -0.924238 0 0.361286 -0.932346 0.0142396 0.303744 -0.952754 0 0.221187 -0.975231 0 0.218393 -0.975854 -0.00357737 -0.977978 -0.205736 0.0350823 -0.977107 -0.212347 0.0130897 -0.96113 -0.263191 0.0834214 -0.981105 -0.193163 -0.0109705 -0.981839 -0.188231 -0.0236981 -0.981619 -0.186835 -0.0389367 -0.147153 -0.989106 -0.00401959 -0.223936 -0.974184 0.02859 -0.223826 -0.974621 -0.00391722 -0.212357 -0.977105 0.0130663 -0.205736 -0.977978 0.0350818 -0.864684 -0.502315 3.74516e-06 -0.510293 -0.859127 0.0387481 -0.645941 -0.763387 0 -0.665005 -0.722729 0.188232 -0.61043 -0.792015 -0.00934269 -0.859105 -0.510279 0.0394278 -0.819984 -0.572386 0 -0.763387 -0.645941 0 -0.775458 -0.602688 0.188232 -0.735883 -0.677109 0 -0.211767 -0.977188 -0.0161016 -0.220278 -0.975437 0 -0.303744 -0.952754 0 -0.361286 -0.932346 0.0142396 -0.381817 -0.924238 0 -0.456836 -0.889551 0 -0.504998 -0.863029 0.0125521 -0.520753 -0.853707 -0.000497624 -0.529015 -0.848352 -0.0210471 -0.563885 -0.825853 0 -0.597397 -0.801946 0 -0.613481 -0.789345 0.0239744 -0.661197 -0.748732 -0.0471027 -0.677109 -0.735883 0 -0.72157 -0.692342 0 -0.735671 -0.676914 0.0239805 -0.775672 -0.629295 -0.0481808 -0.791426 -0.611224 0.00706121 -0.825868 -0.563692 -0.0139397 -0.869238 -0.492824 0.0393695 -0.864686 -0.502312 0 -0.90767 -0.419684 0 -0.932359 -0.361292 0.0132157 -0.939388 -0.342856 0 -0.975231 -0.221187 0 -0.975854 -0.218393 -0.00357737 -0.205736 0.977978 0.0350823 -0.212347 0.977107 0.0130897 -0.211784 0.977184 -0.0160697 -0.223938 0.97419 0.0283849 -0.148477 0.98891 -0.00344858 -0.0685371 0.968858 -0.237943 -0.98162 0.186835 -0.0389302 -0.981838 0.188228 -0.0237365 -0.949899 0.260116 0.173295 -0.974621 0.223826 -0.00391722 -0.977105 0.212357 0.0130663 -0.977978 0.205736 0.0350818 -0.520849 0.853649 2.35276e-05 -0.456836 0.889551 0 -0.504937 0.863065 0.012536 -0.510279 0.859105 0.0394278 -0.563619 0.807468 -0.174154 -0.529132 0.84854 0 -0.613658 0.789572 0 -0.596734 0.801056 0.0471024 -0.675441 0.734071 -0.0701357 -0.661932 0.749564 0 -0.735883 0.677109 0 -0.720732 0.691538 0.0481804 -0.788116 0.611116 -0.0735584 -0.77654 0.63 0.00927961 -0.859099 0.510276 0.0395785 -0.864694 0.502298 3.15813e-05 -0.7599 0.642991 0.0954736 -0.789572 0.613658 0 -0.819999 0.572366 0 -0.572386 0.819984 0 -0.613658 0.789572 0 -0.642991 0.7599 0.0954737 -0.677109 0.735883 0 -0.735883 0.677109 0 -0.977188 0.211767 -0.0161016 -0.975437 0.220278 0 -0.939388 0.342856 0 -0.932359 0.361292 0.0132157 -0.90767 0.419684 0 -0.86471 0.502271 0 -0.869071 0.492729 0.0439829 -0.825794 0.563641 -0.0193409 -0.381817 0.924238 0 -0.361286 0.932346 0.0142396 -0.303744 0.952754 0 -0.221187 0.975231 0 -0.218393 0.975854 -0.00357737 0.84861 0.0330589 -0.527985 0.592014 0 -0.805928 0.835652 -0.031117 -0.548377 0.864403 -0.0537159 -0.499921 0.854943 -0.142665 -0.498718 0.821228 -0.123934 -0.556979 0.832226 -0.131364 -0.53865 0.851134 0.161999 -0.499326 0.840509 0.140875 -0.523163 0.832208 0.131342 -0.538682 0.846364 0.141233 -0.513539 0.866975 0.0552433 -0.495281 0.0712019 0.819146 -0.569149 0.0962713 0.850399 -0.517255 -0.122672 0.857352 -0.499899 -0.104679 0.854067 -0.509521 -0.0830522 0.837332 -0.54035 -0.0652433 0.783297 -0.618215 -0.84861 -0.0330589 -0.527985 -0.592014 0 -0.805928 -0.835652 0.031117 -0.548377 -0.864403 0.0537159 -0.499921 -0.854943 0.142665 -0.498718 -0.821228 0.123934 -0.556979 -0.832226 0.131364 -0.53865 -0.851134 -0.161999 -0.499326 -0.840509 -0.140875 -0.523163 -0.832208 -0.131342 -0.538682 -0.846364 -0.141233 -0.513539 -0.866975 -0.0552433 -0.495281 -0.0712019 -0.819146 -0.569149 -0.0962713 -0.850399 -0.517255 0.122672 -0.857352 -0.499899 0.104679 -0.854067 -0.509521 0.0830522 -0.837332 -0.54035 0.0652433 -0.783297 -0.618215 0.194103 -0.844401 -0.499311 0.209165 -0.825976 -0.523463 0.263066 -0.825159 -0.499909 0.330817 -0.800787 -0.4993 0.342345 -0.780468 -0.523134 0.395655 -0.770419 -0.499912 0.458459 -0.735204 -0.49929 0.46625 -0.713649 -0.522796 0.51739 -0.694544 -0.499916 0.573525 -0.649454 -0.499279 0.577498 -0.62733 -0.52245 0.624931 -0.599617 -0.49992 0.674018 -0.5445 -0.499218 0.67255 -0.523466 -0.523125 0.753947 -0.428771 -0.497715 0.750287 -0.406035 -0.521733 0.786104 -0.363475 -0.499927 0.813943 -0.297072 -0.499245 0.8071 -0.277077 -0.521362 0.835313 -0.228738 -0.499931 0.852498 -0.155272 -0.499137 0.830801 -0.158129 -0.533634 0.835313 0.228738 -0.499931 0.8071 0.277077 -0.521362 0.813943 0.297072 -0.499245 0.786104 0.363475 -0.499927 0.750287 0.406035 -0.521733 0.753739 0.42734 -0.499257 0.715328 0.488243 -0.499924 0.673048 0.523854 -0.522095 0.67286 0.545885 -0.499268 0.624931 0.599617 -0.49992 0.577498 0.62733 -0.52245 0.573525 0.649454 -0.499279 0.51739 0.694544 -0.499916 0.46625 0.713649 -0.522796 0.458459 0.735204 -0.49929 0.395655 0.770419 -0.499912 0.342345 0.780468 -0.523134 0.330817 0.800787 -0.4993 0.263066 0.825159 -0.499909 0.209165 0.825976 -0.523463 0.194103 0.844401 -0.499311 0.119852 0.857769 -0.499868 0.0782558 0.914949 -0.395909 -0.194103 0.844401 -0.499311 -0.209165 0.825976 -0.523463 -0.263066 0.825159 -0.499909 -0.330817 0.800787 -0.4993 -0.342345 0.780468 -0.523134 -0.395655 0.770419 -0.499912 -0.458459 0.735204 -0.49929 -0.46625 0.713649 -0.522796 -0.51739 0.694544 -0.499916 -0.573525 0.649454 -0.499279 -0.577498 0.62733 -0.52245 -0.624931 0.599617 -0.49992 -0.67286 0.545885 -0.499268 -0.673048 0.523854 -0.522095 -0.715328 0.488243 -0.499924 -0.753739 0.42734 -0.499257 -0.750287 0.406035 -0.521733 -0.786104 0.363475 -0.499927 -0.813943 0.297072 -0.499245 -0.8071 0.277077 -0.521362 -0.835313 0.228738 -0.499931 -0.852498 0.155272 -0.499137 -0.830801 0.158129 -0.533634 -0.835313 -0.228738 -0.499931 -0.8071 -0.277077 -0.521362 -0.813943 -0.297072 -0.499245 -0.786104 -0.363475 -0.499927 -0.750287 -0.406035 -0.521733 -0.753739 -0.42734 -0.499257 -0.715328 -0.488243 -0.499924 -0.673048 -0.523854 -0.522095 -0.67286 -0.545885 -0.499268 -0.624931 -0.599617 -0.49992 -0.577498 -0.62733 -0.52245 -0.573525 -0.649454 -0.499279 -0.51739 -0.694544 -0.499916 -0.46625 -0.713649 -0.522796 -0.458459 -0.735204 -0.49929 -0.395655 -0.770419 -0.499912 -0.342345 -0.780468 -0.523134 -0.330817 -0.800787 -0.4993 -0.263066 -0.825159 -0.499909 -0.209165 -0.825976 -0.523463 -0.194103 -0.844401 -0.499311 -0.119852 -0.857769 -0.499868 -0.0782558 -0.914949 -0.395909 0.00564873 -0.0156126 -0.999862 0.21921 0 -0.975678 -0.00288033 0.00822675 -0.999962 -0.619231 0 0.785209 -0.619231 0 0.785209 -0.899786 0 0.436331 -0.899786 0 0.436331 -1 0 0 -1 0 0 -0.899786 0 -0.436331 -0.899786 0 -0.436331 -0.619094 0 -0.785317 -0.611098 0.0154487 -0.791404 -0.00564871 -0.0156126 0.999862 -0.21921 0 0.975678 0.00288033 0.00822677 0.999962 0.619231 0 -0.785209 0.619231 0 -0.785209 0.899786 0 -0.436331 0.899786 0 -0.436331 1 0 0 1 0 0 0.899786 0 0.436331 0.899786 0 0.436331 0.619094 0 0.785317 0.611098 0.0154487 0.791404 0 0.619231 -0.785209 0 0.619231 -0.785209 0 0.899786 -0.436331 0 0.899786 -0.436331 0 1 0 0 1 0 0 0.899786 0.436331 0 0.899786 0.436331 0 0.619094 0.785317 -0.0154487 0.611098 0.791404 -0.00822677 0.00288033 0.999962 0.0156126 -0.00564871 0.999862 0 -0.21921 0.975678 0 -0.619231 0.785209 0 -0.619231 0.785209 0 -0.899786 0.436331 0 -0.899786 0.436331 0 -1 0 0 -1 0 0 -0.899786 -0.436331 0 -0.899786 -0.436331 0 -0.619094 -0.785317 -0.0154487 -0.611098 -0.791404 -0.00822675 -0.00288033 -0.999962 0.0156126 0.00564873 -0.999862 0 0.21921 -0.975678 -0.00564873 0.0156126 -0.999862 -0.21921 0 -0.975678 0.00288033 -0.00822675 -0.999962 0.619231 0 0.785209 0.619231 0 0.785209 0.899786 0 0.436331 0.899786 0 0.436331 1 0 0 1 0 0 0.899786 0 -0.436331 0.899786 0 -0.436331 0.619094 0 -0.785317 0.611098 -0.0154487 -0.791404 0.00564871 0.0156126 0.999862 0.21921 0 0.975678 -0.00288033 -0.00822677 0.999962 -0.619231 0 -0.785209 -0.619231 0 -0.785209 -0.899786 0 -0.436331 -0.899786 0 -0.436331 -1 0 0 -1 0 0 -0.899786 0 0.436331 -0.899786 0 0.436331 -0.619094 0 0.785317 -0.611098 -0.0154487 0.791404 -0.0156126 -0.00564873 -0.999862 0 -0.21921 -0.975678 0.00822675 0.00288033 -0.999962 0 0.619231 0.785209 0 0.619231 0.785209 0 0.899786 0.436331 0 0.899786 0.436331 0 1 0 0 1 0 0 0.899786 -0.436331 0 0.899786 -0.436331 0 0.619094 -0.785317 0.0154487 0.611098 -0.791404 -0.0156126 0.00564871 0.999862 0 0.21921 0.975678 0.00822677 -0.00288033 0.999962 0 -0.619231 -0.785209 0 -0.619231 -0.785209 0 -0.899786 -0.436331 0 -0.899786 -0.436331 0 -1 0 0 -1 0 0 -0.899786 0.436331 0 -0.899786 0.436331 0 -0.619094 0.785317 0.0154487 -0.611098 0.791404 -0.0490672 0.998796 0 -0.0796418 0.963503 0.255576 -0.146208 0.985656 -0.0842982 -0.179665 0.983728 0 -0.24298 0.970031 0 -0.270571 0.891955 0.362226 -0.33689 0.941544 0 -0.426504 0.904486 0 -0.427538 0.903953 -0.00898928 -0.513083 0.85829 0.00920806 -0.720515 0.591311 0.362229 -0.514103 0.857729 0 -0.595699 0.803208 0 -0.591311 0.720515 0.362229 -0.671559 0.740951 0 -0.740951 0.671559 0 -0.803208 0.595699 0 -0.857729 0.514103 0 -0.82203 0.439385 0.362225 -0.903989 0.427556 0 -0.941544 0.33689 0 -0.926287 0.301037 0.226647 -0.965825 0.241927 -0.0930252 -0.978361 0.204404 0.0320628 -0.988293 0.146599 -0.0422619 -0.945168 0.0862518 0.31499 -0.998796 0.0490672 0 -0.998796 -0.0490672 0 -0.963503 -0.0796418 0.255576 -0.985656 -0.146208 -0.0842982 -0.983728 -0.179665 0 -0.970031 -0.24298 0 -0.891955 -0.270571 0.362226 -0.941544 -0.33689 0 -0.899723 -0.436461 0 -0.900029 -0.425682 0.0935048 -0.850016 -0.520956 -0.0779599 -0.857729 -0.514103 0 -0.809331 -0.587353 0 -0.801532 -0.594456 -0.0645675 -0.745362 -0.661634 0.081704 -0.439385 -0.82203 0.362225 -0.740951 -0.671559 0 -0.671559 -0.740951 0 -0.591311 -0.720515 0.362229 -0.595699 -0.803208 0 -0.514103 -0.857729 0 -0.427556 -0.903989 0 -0.33689 -0.941544 0 -0.292954 -0.918409 0.2659 -0.242204 -0.966933 -0.0798631 -0.209052 -0.977905 0 -0.14673 -0.989177 0 -0.0913604 -0.927601 0.362229 -0.0490672 -0.998796 0 0.0490672 -0.998796 -2.1018e-16 0.0913604 -0.927601 0.362229 0.82203 -0.439385 0.362225 0.14673 -0.989177 0 0.24298 -0.970031 0 0.270571 -0.891955 0.362226 0.33689 -0.941544 0 0.426504 -0.904486 0 0.427538 -0.903953 -0.00898928 0.513083 -0.85829 0.00920806 0.514103 -0.857729 0 0.592788 -0.805359 0 0.595489 -0.802924 -0.0265501 0.668598 -0.743072 0.0286611 0.671559 -0.740951 2.09298e-06 0.747862 -0.663854 2.89136e-06 0.737329 -0.668276 0.0987607 0.806625 -0.58539 -0.0817053 0.803208 -0.595699 0 0.857729 -0.514103 0 0.927601 0.0913604 0.362229 0.903989 -0.427556 0 0.941544 -0.33689 0 0.926287 -0.301037 0.226647 0.965825 -0.241927 -0.0930252 0.976752 -0.214374 0 0.989177 -0.14673 0 0.927601 -0.0913604 0.362229 0.998796 -0.0490672 -1.42212e-16 0.998796 0.0490672 1.42212e-16 0.989177 0.14673 0 0.970031 0.24298 0 0.891955 0.270571 0.362226 0.941544 0.33689 0 0.899723 0.436461 0 0.900029 0.425682 0.0935048 0.850016 0.520956 -0.0779599 0.857729 0.514103 0 0.803208 0.595699 0 0.720515 0.591311 0.362229 0.740951 0.671559 0 0.668872 0.743377 0 0.671241 0.7406 0.0307709 0.592544 0.805028 -0.0286608 0.242204 0.966933 -0.0798631 0.292954 0.918409 0.2659 0.595699 0.803208 0 0.514103 0.857729 0 0.439385 0.82203 0.362225 0.427556 0.903989 0 0.33689 0.941544 0 0.0490672 0.998796 0 0.0862518 0.945168 0.31499 0.146599 0.988293 -0.0422619 0.198575 0.97978 0.0244731 0 0 1 0 0 1 0 0 1 0 0 1 0 0 1 0 0 1 0 0 1 0 0 1 0 0 1 0 0 -1 0 0 1 0 0 1 0 0 1 0 0 1 0 0 1 0 0 1 0 0 1 0 0 1 0 0 1 0 0 1 0 0 -1 0 0 -1 0 0 -1 0 0 1 0 0 1 0 0 1 0 0 1 0 0 1 0 0 1 0 0 -1 0 0 1 0 0 1 0 0 1 0 0 1 0 0 1 0 0 1 0 0 1 0 0 1 0 0 1 0 0 1 0 0 1 0 0 1 0 0 1 0 0 1 0 0 -1 0 0 1 0 0 1 0 0 1 0 0 1 0 0 1 0 0 -1 0 0 -1 0 0 1 0 0 1 0 0 1 0 0 1 0 0 1 0 0 1 0 0 1 0 0 1 0 0 1 0 0 1 0 0 1 0 0 1 0 0 1 0 0 -1 0 0 1 0 0 1 0 0 1 0 0 1 0 0 1 0 0 1 0 0 1 0 0 1 0 0 1 0 0 1 0 0 1 0 0 1 0 0 1 0 0 1 0 0 1 0 0 1 0 0 1 0 0 1 0 0 1 0 0 1 0 0 1 0 0 1 0 0 1 0 0 1 0 0 1 0 0 1 0 0 1 0 0 1 0 0 1 0 0 1 0 0 1 0 0 1 0 0 1 0 0 1 0 0 1 0 0 1 0 0 1 0 0 1 0 0 1 0 0 1 0 0 1 0 0 -1 0 0 -1 0 0 1 0 0 1 0 0 1 0 0 1 0 0 -1 0 0 1 0 0 1 0 0 1 0 0 -1 0 0 -1 0 0 1 0 0 1 0 0 -1 0 0 -1 0 0 1 0 0 1 0 0 1 0 0 1 0 0 1 0 0 1 0 0 1 0 0 1 0 0 1 0 0 1 0 0 1 0 0 1 0 0 1 0 0 1 0 0 1 0 0 -1 0 0 -1 0 0 -1 0 0 1 0 0 1 0 0 1 0 0 1 0 0 1 0 0 1 0 0 1 0 0 1 0 0 1 0 0 -1 0 0 1 0 0 1 0 0 1 0 0 1 0 0 1 0 0 1 0 0 1 0 0 1 0 0 1 0 0 1 0 0 1 0 0 1 0 0 1 0 0 1 0 0 1 0 0 -1 0 0 1 0 0 1 0 0 1 0 0 1 0 0 1 0 0 -1 0 0 -1 0 0 1 0 0 1 0 0 1 0 0 1 0 0 1 0 0 1 0 0 1 0 0 1 0 0 -1 0 0 -1 0 0 1 0 0 1 0 0 1 0 0 1 0 0 1 0 0 -1 0 0 1 0 0 1 0 0 1 0 0 1 0 0 1 0 0 1 0 0 1 0 0 1 0 0 1 0 0 1 0 0 1 0 0 1 0 0 -1 0 0 1 0 0 1 0 0 1 0 0 1 0 0 1 0 0 1 0 0 1 0 0 1 0 0 1 0 0 1 0 0 1 0 0 1 0 0 -1 0 0 -1 0 0 -1 0 0 1 0 0 1 0 0 -1 0 0 1 0 0 1 0 0 -1 0 0 -1 0 0 1 0 0 1 0 0 1 0 0 1 0 0 1 0 0 1 0 0 1 0 0 1 0 0 1 0 0 1 0 0 1 0 0 1 0 0 1 0 0 1 0 0 1 0 0 1 0 0 1 -0.118156 0.464614 0.877595 0 0 1 0 0 1 0 0 1 0 0 1 0 0 1 0 0 1 0.118156 -0.464614 0.877595 0 0 1 0 0 1 0 0 1 0 0 1 0 0 1 0 0 1 0 0 1 0 0 1 0 0 1 0 0 1 0 0 1 0 0 1 0 0 1 0 0 1 0 0 1 0 0 1 0 0 1 0 0 1 0 0 1 0 0 1 0 0 1 0 0 1 0 0 1 0 0 1 0 0 1 0 0 1 0 0 1 0 0 1 0 0 1 0 0 1 -0.464614 -0.118156 0.877595 0 0 1 0 0 1 0 0 1 0 0 1 0 0 1 0 0 1 0 0 1 0 0 1 0 0 1 0 0 1 0 0 1 0.118445 0.465752 0.876953 0 0 1 0 0 1 0 0 1 0 0 1 0 0 1 0 0 1 0 0 1 0 0 1 0 0 1 0 0 1 0 0 1 0 0 1 0 0 1 0 0 1 0 0 1 0 0 1 0 0 1 0 0 1 0 0 1 0 0 1 0 0 1 0 0 1 0 0 1 0 0 1 0 0 1 0 0 1 0 0 1 0 0 1 0 0 1 0 0 1 0 0 1 0 0 1 0 0 1 0 0 1 0 0 1 0 0 1 0 0 1 0 0 1 0 0 1 0 0 1 0 0 1 0 0 1 0 0 1 0 0 1 0 0 1 0 0 1 0 0 1 0 0 1 0.464614 0.118156 0.877595 -0.289219 0.153808 -0.944826 -0.27594 -0.110488 -0.954803 0.634408 0.513733 -0.577586 -0.775419 0.471681 -0.419813 -0.843009 0.431382 -0.321319 0.615169 0.768576 -0.175664 0.576369 -0.751252 -0.321588 0.515762 -0.794205 -0.321291 0.509865 -0.828863 -0.230269 0.467682 -0.853378 -0.230259 -0.362418 -0.874777 -0.321589 -0.403606 -0.856541 -0.32162 -0.452888 -0.878537 -0.151875 -0.533923 -0.843697 -0.0556957 -0.88553 0.341817 -0.31464 -0.884082 0.339367 -0.321292 -0.907867 0.268995 -0.321589 -0.929686 0.1184 -0.348805 -0.983109 0.0515231 -0.175618 0.528727 0.830444 -0.175528 0.499571 0.831855 -0.241757 0.466838 0.860264 -0.204958 0.424066 0.859724 -0.28468 0.379215 0.913014 -0.150336 0.275757 0.924427 -0.263425 0.129191 0.94876 -0.288382 0.0617568 0.940393 -0.334436 -0.261542 0.914679 -0.308153 -0.325955 0.885809 -0.330296 -0.451202 0.879833 -0.149366 -0.516411 0.853012 -0.0754397 -0.537999 0.828445 -0.155678 -0.611337 0.784708 -0.102473 -0.617725 0.762828 -0.191073 -0.698153 0.69892 -0.15522 -0.69821 0.69821 -0.158133 -0.75749 0.626367 -0.184049 0.636774 0.413526 -0.65078 0.587732 0.401684 -0.702297 0.781675 0.20945 -0.587464 0.680407 0.261184 -0.684711 0.695138 0.262553 -0.669215 0.787398 -0.210984 -0.579215 0.709965 -0.112447 -0.695202 0.722617 -0.118039 -0.681096 0.769836 -0.0403455 -0.636965 0.726985 -0.0177821 -0.686424 0.714462 -0.387734 -0.582414 0.659827 -0.336199 -0.672011 0.693099 -0.450103 -0.563046 0.59186 -0.449161 -0.669296 0.636079 -0.515087 -0.574534 0.578754 -0.578754 -0.574534 0.578754 -0.578754 -0.574534 0.523806 -0.628695 -0.574778 0.33301 -0.729031 -0.598012 0.318174 -0.781037 -0.537351 0.180241 -0.67267 -0.717655 0.180241 -0.672665 -0.717659 0.128038 -0.808404 -0.574534 0.0640624 -0.732356 -0.677902 0.0428361 -0.81736 -0.574533 -0.0428359 -0.81736 -0.574533 -0.0428361 -0.81736 -0.574532 -0.128039 -0.808405 -0.574532 -0.128038 -0.808402 -0.574536 -0.253365 -0.779449 -0.572945 -0.18314 -0.683483 -0.706619 -0.222085 -0.671334 -0.707099 -0.32124 -0.630468 -0.706623 -0.406343 -0.580336 -0.705759 -0.476435 -0.656114 -0.585255 -0.517309 -0.666065 -0.537354 -0.495355 -0.506429 -0.7058 -0.521109 -0.521109 -0.675938 -0.853507 -0.132047 -0.504073 -0.864104 -0.0150955 -0.503088 -0.793304 0.200739 -0.57478 -0.810656 0.11482 -0.574154 -0.794204 0.515762 -0.321293 -0.500344 0.500344 -0.70662 -0.387358 0.445377 -0.807213 -0.417458 0.515518 -0.748312 -0.357742 0.527775 -0.770373 -0.385382 0.593435 -0.706623 -0.32124 0.630468 -0.706623 -0.361765 0.783978 -0.504485 -0.325146 0.799966 -0.504316 -0.174221 0.78274 -0.597466 -0.13024 0.859129 -0.494909 -0.0691872 0.790941 -0.607968 -0.042308 0.862626 -0.504069 0.0283388 0.863053 -0.504319 0.159071 0.785419 -0.598175 0.235467 0.843442 -0.482867 0.197948 0.529446 -0.824926 0.278241 0.603041 -0.747612 0.320153 0.471194 -0.821875 0.509196 0.585896 -0.630433 0.496215 0.510673 -0.702128 0.52896 0.52896 -0.663628 0.690771 0.351966 -0.631629 0.686736 0.351812 -0.636099 0.687826 0.10894 -0.717654 0.682467 0.109213 -0.722711 0.817361 0.0428362 -0.574531 0.186777 0.0167324 -0.98226 0.702815 -0.269785 -0.65823 0.677597 -0.249997 -0.691638 -0.17184 -0.19429 -0.965776 -0.148978 -0.212769 -0.965678 -0.102524 -0.157873 -0.982123 -0.137473 -0.329837 -0.933975 -0.150562 -0.341049 -0.92791 -0.0474887 -0.193229 -0.980004 -0.0405404 -0.255961 -0.965837 -0.00985179 -0.187984 -0.982123 -0.0226341 -0.258752 -0.965679 0.0226342 -0.258752 -0.965679 0.0229972 -0.17089 -0.985022 0.0828065 -0.309038 -0.947438 0.0497608 -0.120115 -0.991512 0.162376 -0.303837 -0.938785 0.204621 -0.315089 -0.926741 0.196841 -0.287324 -0.937389 0.15146 -0.211752 -0.965516 0.183247 -0.183247 -0.965837 0.144029 -0.131482 -0.9808 -0.337892 -0.203811 -0.918853 -0.601114 -0.423909 -0.677469 -0.633741 -0.513193 -0.578796 -0.363684 -0.185307 -0.912905 -0.819178 -0.496859 -0.286493 -0.866328 -0.441417 -0.233725 -0.212047 -0.0976675 -0.972367 -0.786434 -0.261943 -0.559382 -0.883984 -0.345293 -0.315191 -0.830484 -0.44893 -0.329785 -0.853033 -0.221865 -0.472347 -0.784276 -0.152436 -0.601394 -0.250677 -0.048723 -0.966844 -0.240113 -0.00419466 -0.970736 -0.259885 -0.00266527 -0.965636 -0.25492 -0.0499886 -0.965669 -0.708506 -0.0493211 -0.703979 -0.562662 0.0376582 -0.825829 -0.92902 -0.0292406 -0.368873 -0.703175 0.0863497 -0.705754 -0.257244 0.0315895 -0.96583 -0.393456 0.151033 -0.906852 -0.365532 0.124189 -0.922477 -0.226584 0.0670048 -0.971684 -0.84194 0.428991 -0.327269 -0.264205 0.134619 -0.955025 -0.719063 0.553027 -0.420844 -0.435148 0.367653 -0.821874 -0.259687 0.199943 -0.944767 -0.313314 0.203468 -0.927596 0.115409 0.140602 -0.983317 0.227902 0.352357 -0.907692 0.185386 0.323443 -0.92791 0.0845666 0.245588 -0.965679 0.0280544 0.260556 -0.965051 0.0805716 0.414537 -0.906459 0.0449386 0.418569 -0.907073 0.0135629 0.258795 -0.965837 -0.0226342 0.258752 -0.965679 -0.0229972 0.17089 -0.985022 -0.0980353 0.34375 -0.93393 -0.0984193 0.33409 -0.937389 -0.0597876 0.167255 -0.984099 -0.117652 0.230905 -0.965837 -0.112009 0.20343 -0.972661 -0.112861 0.0996886 -0.988597 0 0 1 0 0 1 0 0 1 0 0 1 0 0 1 0 0 1 0 0 1 0 0 1 0 0 1 0 0 1 0 0 1 0 0 1 0 0 1 0 0 1 0 0 1 0 0 1 0 0 1 0 0 1 0 0 1 0 0 1 0 0 1 0 0 1 0 0 1 0 0 1 0 0 1 0 0 1 0 0 1 0 0 1 0 0 1 0 0 1 0 0 1 0 0 1 0 0 1 0 0 1 0 0 1 0 0 1 0 0 1 0 0 1 0 0 1 0 0 1 0 0 1 0 0 1 0 0 1 0 0 1 0 0 1 0 0 1 0 0 1 0 0 1 0 0 1 0 0 1 0 0 1 0 0 1 0 0 1 0 0 1 0 0 1 0 0 1 0 0 1 0 0 1 0 0 1 0 0 1 0 0 1 0 0 1 0 0 1 0 0 1 0 0 1 0 0 1 0 0 1 0 0 1 0 0 1 0 0 1 0 0 1 0 0 1 0 0 1 0 0 1 0 0 1 0 0 1 0 0 1 0 0 1 0 0 1 0 0 1 0 0 1 0 0 1 0 0 1 0 0 1 0 0 1 0 0 1 0 0 1 0.00459514 -0.00552066 0.999974 0 0 1 0 0 1 0 0 1 0 0 1 0 0 1 0 0 1 -0.0225096 0.0419585 0.998866 8.37506e-05 -0.000371564 1 0 0 1 0 0 1 0 0 1 0 0 1 0 0 1 0 0 1 0 0 1 -0.00365751 -0.0162267 0.999862 -0.118826 -0.205284 0.971462 -0.0106384 -0.0127811 0.999862 0 0 1 0 0 1 0 0 1 0 0 1 0 0 1 0 0 1 0.00365751 0.0162267 0.999862 0.118826 0.205284 0.971462 0.0106384 0.0127811 0.999862 0 0 1 0 0 1 0 0 1 -0.000407633 0.00190671 0.999998 -0.00195914 0.00010474 0.999998 0 0 1 -0.00459514 0.00552066 0.999974 0.0225096 -0.0419585 0.998866 -8.37506e-05 0.000371564 1 0 0 1 0 0 1 0 0 1 0 0 1 0.00195914 -0.00010474 0.999998 0 0 1 0 0 1 0 0 1 0 0 1 0 0 1 0 0 1 0 0 1 0 0 1 0 0 1 0 0 1 0 0 1 0 0 1 0 0 1 0 0 1 0 0 1 0 0 1 0 0 1 0 0 1 0 0 1 0 0 1 0 0 1 0.000407633 -0.00190671 0.999998 0 0 1 0 0 1 0 0 1 0 0 1 0 0 1 0 0 1 0 0 1 -0.63974 0.768591 0 -0.63974 0.768591 0 -0.776422 0.630213 0 -0.776422 0.630213 0 -0.883731 0.467994 0 -0.883731 0.467994 0 -0.957609 0.288071 0 -0.957609 0.288071 0 -0.99526 0.09725 0 -0.99526 0.09725 0 -0.99526 -0.09725 0 -0.99526 -0.09725 0 -0.957609 -0.288071 0 -0.957609 -0.288071 0 -0.883731 -0.467994 0 -0.883731 -0.467994 0 -0.776422 -0.630213 0 -0.776422 -0.630213 0 -0.63974 -0.768591 0 -0.63974 -0.768591 0 -0.352604 -0.935773 0 -0.352604 -0.935773 0 -0.179203 -0.983812 0 -0.179203 -0.983812 0 0 -1 0 0 -1 0 0.179203 -0.983812 0 0.179203 -0.983812 0 0.352604 -0.935773 0 0.352604 -0.935773 0 0.63974 -0.768591 0 0.63974 -0.768591 0 0.776422 -0.630213 0 0.776422 -0.630213 0 0.883731 -0.467994 0 0.883731 -0.467994 0 0.957609 -0.288071 0 0.957609 -0.288071 0 0.99526 -0.09725 0 0.99526 -0.09725 0 0.99526 0.09725 0 0.99526 0.09725 0 0.957609 0.288071 0 0.957609 0.288071 0 0.883731 0.467994 0 0.883731 0.467994 0 0.776422 0.630213 0 0.776422 0.630213 0 0.63974 0.768591 0 0.63974 0.768591 0 0.352604 0.935773 0 0.352604 0.935773 0 0.179203 0.983812 0 0.179203 0.983812 0 0 1 0 0 1 0 -0.179203 0.983812 0 -0.179203 0.983812 0 -0.352604 0.935773 0 -0.352604 0.935773 0 -0.796093 0.605174 -7.91644e-06 -0.10805 -0.993543 0.0346062 -0.468408 -0.883512 2.9615e-07 -0.370138 -0.928977 2.29811e-07 -0.319112 -0.947085 0.0346165 -0.267528 -0.96355 -2.69435e-06 -0.161782 -0.986826 -8.65472e-06 -0.559849 -0.825716 0.0690094 -0.515554 -0.856857 0 -0.647386 -0.762162 0 -0.687288 -0.72556 0.0346172 -0.725996 -0.687699 1.97433e-07 -0.796093 -0.605174 6.93324e-08 -0.827193 -0.56085 0.0346176 -0.856857 -0.515554 3.75083e-07 -1 0 0 -0.994138 -0.108118 1.72016e-07 -0.986235 -0.161685 0.0346175 -0.976621 -0.214971 -9.43574e-08 -0.92898 -0.370129 -6.29692e-07 -0.945396 -0.318541 0.0689852 -0.907575 -0.419889 -8.42441e-06 -0.991768 0.107861 0.0690088 -0.998533 0.0541384 -4.47699e-07 -0.976621 0.214971 7.76739e-08 -0.962973 0.267368 0.0346172 -0.947653 0.319301 1.38202e-07 -0.883513 0.468407 -2.23164e-06 -0.854814 0.514325 0.0690086 -0.907575 0.419889 -2.30814e-08 -0.724266 0.686061 0.0689923 -0.762161 0.647388 -7.44091e-06 -0.647386 0.762162 -6.12271e-06 -0.604806 0.795621 0.0346129 -0.561187 0.827689 3.35636e-07 -0.468408 0.883512 5.15457e-07 -0.419638 0.907031 0.0346175 -0.370138 0.928977 3.55379e-07 -0.267528 0.96355 4.32144e-07 -0.214842 0.976035 0.034617 -0.161782 0.986826 -1.48074e-07 -3.88713e-06 1 -4.96661e-06 0.0540102 0.996153 0.0690093 -0.0541393 0.998533 -4.83196e-08 0.419889 0.907575 -3.55902e-07 0.467292 0.881406 0.0690089 0.370138 0.928977 -4.04423e-07 0.214976 0.976619 -5.06256e-07 0.266891 0.961254 0.0689963 0.161782 0.986826 -6.62125e-06 0.856857 0.515554 -8.62739e-06 0.796093 0.605174 -3.1478e-06 0.761704 0.646999 0.034616 0.725996 0.687699 -1.54045e-07 0.605174 0.796094 -5.43481e-07 0.645843 0.760345 0.0690099 0.561187 0.827689 1.08979e-07 0.905413 0.418889 0.0689919 0.883513 0.468406 -8.23487e-06 0.947653 0.319301 -6.90009e-06 0.962974 0.267364 0.0346115 0.976621 0.214971 -2.41846e-06 0.947653 -0.319301 -9.89056e-06 0.976621 -0.214971 -9.79298e-07 0.986235 -0.161685 0.0346176 0.994138 -0.108118 1.25866e-08 0.998534 0.0541349 -6.3021e-09 0.997617 0 0.0690006 0.994138 0.108118 -4.02781e-06 0.905413 -0.418889 0.0689851 0.928974 -0.370145 -5.15492e-06 0.856857 -0.515554 -9.07943e-06 0.827192 -0.560852 0.0346061 0.796093 -0.605174 -6.77157e-06 0.725996 -0.687699 -3.64301e-06 0.687285 -0.725563 0.0346152 0.647386 -0.762162 2.3692e-07 0.31911 -0.947085 0.0346171 0.370138 -0.928977 -1.72357e-07 0.515554 -0.856857 -2.4007e-07 0.467292 -0.881406 0.0690093 0.561187 -0.827689 2.56947e-07 -0.0541393 -0.998533 -6.46566e-06 0.0541393 -0.998533 -5.93289e-06 0.10806 -0.993542 0.0346136 0.161782 -0.986826 -1.25559e-08 0.267528 -0.96355 -2.07628e-08 -0.241677 -0.964827 -0.103446 -0.290285 -0.95694 0 -0.14673 -0.989177 0 -0.0978837 -0.993839 -0.0519955 -0.0490672 -0.998796 -1.24552e-06 -0.33689 -0.941544 0 -0.427556 -0.903989 0 -0.470759 -0.880728 -0.0519943 -0.514103 -0.857729 0 -0.595699 -0.803208 0 -0.633535 -0.771965 -0.0519949 -0.671559 -0.740951 0 -0.77301 -0.634393 0 -0.736976 -0.667956 -0.103447 -0.803208 -0.595699 0 -0.857729 -0.514103 0 -0.880728 -0.470759 -0.0519943 -0.903989 -0.427556 0 -0.95694 -0.290285 0 -0.936493 -0.335082 -0.103446 -0.970031 -0.24298 0 -0.989177 -0.14673 0 -0.993839 -0.0978839 -0.0519952 -0.998796 -0.0490672 -8.4374e-07 -0.998796 0.0490672 -1.01713e-06 -0.993838 0.0978852 -0.051997 -0.989177 0.14673 -3.10418e-06 -0.956941 0.290284 -2.4159e-06 -0.964827 0.241677 -0.103446 -0.941544 0.33689 0 -0.903989 0.427556 0 -0.880728 0.470759 -0.0519943 -0.857729 0.514103 0 -0.803208 0.595699 0 -0.771965 0.633535 -0.0519949 -0.740951 0.671559 0 -0.634393 0.77301 0 -0.667956 0.736976 -0.103447 -0.595699 0.803208 0 -0.471397 0.881921 0 -0.511344 0.853127 -0.103446 -0.427556 0.903989 0 -0.290285 0.95694 0 -0.335082 0.936493 -0.103444 -0.24298 0.970031 -8.34515e-07 -0.0980191 0.995185 -4.83583e-06 -0.145943 0.98387 -0.103446 -0.0490672 0.998796 -9.17399e-07 0.0490672 0.998796 -2.80533e-06 0.0978825 0.993839 -0.0519967 0.14673 0.989177 0 0.290285 0.95694 0 0.241677 0.964827 -0.103446 0.33689 0.941544 0 0.471397 0.881921 0 0.425262 0.899139 -0.103446 0.514103 0.857729 0 0.595699 0.803208 0 0.633535 0.771965 -0.0519949 0.671559 0.740951 0 0.740951 0.671559 0 0.771965 0.633535 -0.0519949 0.803208 0.595699 0 0.881921 0.471397 0 0.853127 0.511344 -0.103446 0.903989 0.427556 0 0.95694 0.290285 0 0.936493 0.335082 -0.103446 0.970031 0.24298 0 0.989177 0.14673 0 0.993839 0.0978843 -0.0519949 0.998796 0.0490672 1.90528e-17 0.995185 -0.0980168 -3.806e-17 0.993437 -0.048804 -0.103447 0.989177 -0.14673 0 0.970031 -0.24298 0 0.955646 -0.289892 -0.0519945 0.941544 -0.33689 -6.69634e-07 0.903989 -0.427556 -1.6553e-06 0.880729 -0.470758 -0.0519953 0.857729 -0.514103 0 0.803208 -0.595699 0 0.771965 -0.633535 -0.0519949 0.740951 -0.671559 0 0.634393 -0.77301 0 0.667956 -0.736976 -0.103447 0.595699 -0.803208 0 0.471397 -0.881921 0 0.511344 -0.853127 -0.103446 0.427556 -0.903989 0 0.290284 -0.95694 0 0.335082 -0.936493 -0.103446 0.24298 -0.970031 -1.12442e-06 0.098018 -0.995185 -2.7032e-06 0.145943 -0.98387 -0.103447 0.0490672 -0.998796 -6.14867e-07 -0.0200601 0.184137 -0.982696 -0.098675 0.292875 -0.951045 0.014539 0.0253271 -0.999574 0.0729998 0.216515 -0.973546 0.0621602 0.162664 -0.984722 -0.120038 0.0918175 -0.988514 -0.147445 0.245046 -0.958234 -0.0275148 0.129857 -0.991151 -0.438632 0.174803 -0.881502 -0.205161 -0.0569514 -0.97707 -0.444923 -0.192258 -0.874689 -0.139764 -0.118764 -0.983037 -0.125917 -0.0988557 -0.987103 -0.0231673 -0.0304802 -0.999267 -0.10973 -0.291948 -0.950119 -0.135448 -0.292766 -0.946542 -0.1095 -0.202561 -0.973128 0.0172485 -0.230165 -0.972999 0.0425253 -0.186315 -0.981569 0.0154129 -0.0333139 -0.999326 0.28243 -0.302625 -0.910303 0.230568 -0.303424 -0.924539 0.298655 -0.118786 -0.94694 0.296358 -0.114297 -0.948213 0.11681 -0.00633247 -0.993134 0.300049 0.0310274 -0.953419 0.280549 0.0459907 -0.958737 0.203051 0.0176418 -0.979009 0.158625 0.107648 -0.981453 0.163174 0.112195 -0.980197 0.168863 0.178262 -0.969385 0.0483189 0.0195516 -0.998641 -0.306307 0.950036 -0.060059 0.1238 -0.374966 -0.918735 -0.693905 0.711416 0.111281 -0.0633314 0.291473 -0.95448 -0.349877 0.260619 -0.899813 -0.0283731 0.0300179 -0.999147 -0.0461311 0.0312634 -0.998446 -0.403008 0.184349 -0.896437 -0.160593 0.00766148 -0.986991 0.0650831 0.0314946 -0.997383 -0.237542 0.0283223 -0.970964 -0.195727 0.0320215 -0.980136 -0.206996 -0.0111905 -0.978278 -0.368078 0.0532097 -0.928271 -0.61933 -0.110628 -0.777298 -0.223377 -0.0657331 -0.972513 -0.235098 -0.124643 -0.963947 -0.521872 -0.328363 -0.787291 -0.6897 -0.72011 -0.0758649 -0.641572 -0.640324 -0.42234 -0.0778757 -0.384495 -0.919836 -0.069754 -0.471305 -0.879207 -0.0510916 -0.231844 -0.97141 5.18384e-05 -0.181036 -0.983477 -0.0744495 -0.390129 -0.917745 0.22178 -0.971681 -0.0815495 0.0295261 -0.189435 -0.981449 0.0428725 -0.194747 -0.979916 0.392971 -0.304371 -0.867716 -0.126486 0.0748256 -0.989142 0.20698 -0.219853 -0.953323 0.383035 -0.325339 -0.864545 0.162938 -0.0863212 -0.982853 0.262465 -0.233593 -0.936241 0.186413 -0.0479212 -0.981302 0.179568 -0.0498513 -0.982482 0.382538 0.17379 -0.907448 0.23515 0.0936059 -0.967441 0.275888 0.0820597 -0.957681 0.6897 0.72011 -0.0758649 0.641572 0.640324 -0.42234 0.0236423 0.0393 -0.998948 0.0899131 0.195456 -0.976582 0.512705 0.848824 -0.128967 0.0104064 0.405682 -0.913955 -0.044589 0.405299 -0.913096 0.0056615 0.052175 -0.998622 0.212721 0.330594 -0.919488 0.0631251 0.449463 -0.891066 0.0645338 0.941248 0.331493 -0.159008 0.867297 0.471713 -0.242648 0.904119 0.351698 -0.32972 0.868912 0.369157 -0.454953 0.867748 0.200079 -0.548814 0.830968 0.0910787 -0.583934 0.714816 0.384785 -0.709739 0.621242 0.33216 -0.782877 0.526511 0.331496 -0.874516 0.413538 0.253393 -0.873239 0.281673 0.397636 -0.938881 0.245687 0.241124 -0.986111 0.114121 0.120673 -0.946936 -0.262149 0.185985 -0.584833 -0.726726 0.360333 -0.524016 -0.827874 0.200079 -0.425734 -0.903756 -0.0444567 0.336034 -0.882951 0.32784 0.427025 -0.781878 0.45422 0.487323 -0.810703 0.324464 0.589664 -0.695948 0.409821 0.923844 -0.147683 0.353132 0.915891 0.292831 0.27458 0.584833 0.726726 0.360333 0.565848 0.766055 0.30492 0.352611 0.886112 0.300783 0.19659 0.922592 0.331928 -0.278793 0.790371 0.545516 -0.457303 0.792072 0.404346 -0.630787 0.606901 0.483507 -0.804321 0.55612 0.209281 -0.885685 0.414482 0.209204 -0.86511 0.163116 0.474318 -0.928515 0.0154063 0.370974 -0.991961 -0.053704 0.114584 -0.877403 -0.155109 0.453988 -0.844286 -0.145958 0.515633 -0.788124 -0.539629 0.296075 -0.723738 -0.623082 0.296601 -0.646868 -0.613895 0.452432 -0.457303 -0.792072 0.404347 -0.244751 -0.77007 0.589143 -0.0766838 -0.964588 0.252369 0.078772 -0.96443 0.252328 0.0713806 -0.952507 0.296032 0.177734 -0.938318 0.296598 0.229859 -0.782661 0.578453 0.216397 -0.753488 0.620829 0.797016 -0.548704 0.252369 0.874607 -0.413996 0.252328 0.899267 -0.409858 0.152759 0.895171 -0.276124 0.349893 0.915267 -0.273035 0.296205 0.94454 -0.142173 0.296025 0.935572 -0.0137196 0.35287 0.975459 0.00605014 0.220098 0.921418 0.168533 0.350121 0.895835 0.156205 0.41603 0.874674 0.416974 0.247138 0.79697 0.551169 0.247087 0.789681 0.537381 0.296018 0.723738 0.623082 0.296601 0.646868 0.613895 0.452432 0.455305 0.788612 0.413266 0.457598 0.795521 0.397178 0.244751 0.77007 0.589143 0.0240574 0.796339 0.604372 -0.0676985 0.96352 0.258933 -0.141908 0.839869 0.523911 0.198197 0.916552 0.347349 0.345049 0.896237 -0.278747 0.714775 0.291524 0.635696 0.81246 -0.551213 0.189929 0.719853 -0.667627 0.189964 0.719415 -0.667519 0.191993 0.622171 -0.780647 -0.0591168 0.424028 -0.765376 0.484149 0.0571697 -0.205214 -0.977046 -0.100431 -0.821083 0.561905 -0.189604 -0.936132 0.296154 -0.303049 -0.887997 0.345864 -0.886645 -0.427407 0.176587 -0.919872 -0.274336 0.280312 -0.73589 0.673933 0.0654209 -0.619061 0.782613 0.0654334 0.0409227 0.110156 -0.993072 -0.0511068 -0.0496716 -0.997457 0.311261 0.71569 -0.625223 0.335513 0.581126 -0.741434 0.507692 0.786132 0.352485 0.556185 0.736385 -0.38522 0.595983 0.575118 0.560396 0.0782633 0.097759 -0.992128 0.121557 0.0748695 -0.989757 0.0905169 0.0596514 -0.994107 0.0825593 0.0362822 -0.995925 0.102972 0.0421009 -0.993793 0.111729 0.0233019 -0.993465 0.53111 0.020255 0.847061 0.999942 -0.00952784 -0.00499644 0.640177 -0.0870114 0.763284 0.0922247 -0.0284476 0.995332 0.111444 -0.0120768 -0.993697 0.136579 -0.0730365 -0.987933 0.0999831 -0.0493949 -0.993762 0.0497312 -0.0389796 -0.998002 0.103507 -0.118939 -0.987492 0.458606 -0.425524 0.780135 0.0178257 -0.06955 0.997419 0.0943151 -0.156812 0.983115 0.0701158 -0.121444 0.990119 0.056407 -0.0800652 0.995192 0.156604 -0.741534 0.652382 0.0257952 -0.233333 0.972055 0.0238479 -0.220231 0.975156 -0.0348543 -0.257965 -0.965525 -0.045659 -0.200045 0.978722 -0.153631 -0.51125 -0.845589 -0.368991 -0.639111 0.674821 -0.368992 -0.639113 0.674818 -0.556185 -0.736385 -0.38522 -0.595983 -0.575118 0.560396 -0.139159 -0.157416 -0.977678 -0.137879 -0.1518 -0.978747 -0.904997 -0.425351 0.007519 -0.098608 -0.0400294 0.994321 -0.770891 -0.215495 0.599407 -0.896672 -0.157814 0.413612 -0.00620038 0.0124678 0.999903 -0.145383 -0.00176488 0.989374 -0.605873 0.106872 -0.78835 -0.577357 0.186233 -0.79497 -0.709697 0.320862 0.627198 -0.174313 0.0678755 -0.982348 -0.0873265 0.0457522 -0.995129 -0.331652 0.615974 -0.714551 -0.485835 0.462121 -0.741895 -0.265983 0.272676 0.924609 -0.456951 0.542089 -0.70522 -0.368992 0.639113 0.674817 -0.12458 0.161787 -0.97893 -0.0749611 0.212513 -0.974279 -0.0452649 0.0732619 -0.996285 -0.0050285 0.128813 -0.991656 -0.00603098 0.11011 -0.993901 -0.00267093 0.105569 -0.994408 0.0243244 0.254922 -0.966656 0 0 -1 0 0 -1 0 0 -1 0 0 -1 0 0 -1 0 0 -1 0 0 -1 0 0 -1 0 0 -1 0 0 -1 0 0 -1 0 0 -1 0 0 -1 0 0 -1 0 0 -1 0 0 -1 0 0 -1 0 0 -1 0 0 -1 0 0 -1 0.0659552 0.975487 0.209942 0.965121 0.0836552 0.248079 0.483753 -0.796344 0.363071 0.0506492 -0.0179899 -0.998554 0.208138 -0.12859 -0.96961 0.071042 -0.0636492 -0.995441 -0.0931024 0.0459956 -0.994594 -0.380575 0.217479 -0.898813 -0.19502 -0.310937 -0.930207 -0.0283439 -0.183579 -0.982596 0.163551 -0.0785847 -0.9834 0.0976392 -0.0380197 -0.994495 -0.0742594 0.00319382 -0.997234 -0.151369 0.0323088 -0.987949 0.0265042 0.0185904 -0.999476 -0.0508964 -0.125693 -0.990763 0.00563888 -0.100387 -0.994933 0.109935 -0.178764 -0.977731 0.0818508 -0.180335 -0.980194 0.0563793 -0.110336 -0.992294 0.307409 -0.398108 -0.864298 -0.102434 0.0347539 -0.994133 0.87877 0.373437 0.297168 0.862322 0.408109 0.299745 0.212776 0.0904199 -0.972908 0.073158 0.0446477 -0.99632 0.655136 0.727389 0.204213 0.557938 0.804287 0.204519 0.115337 0.103455 -0.987924 0.0761714 0.0718787 -0.994501 0.27753 0.419488 -0.864295 0.277452 0.922211 0.269345 0.0336619 0.228728 -0.972908 0 0.085706 -0.99632 -0.282026 0.937414 0.204243 -0.375442 0.903961 0.204688 -0.0666064 0.22139 -0.972908 -0.0363786 0.0776028 -0.99632 -0.645699 0.720643 0.252481 -0.693917 0.674102 0.253111 -0.0985354 0.109972 -0.989038 -0.0480715 0.0455133 -0.997806 -0.0761264 0.0633529 -0.995084 -0.889318 0.374812 0.261972 -0.821711 0.263011 0.505585 -0.93831 -0.274836 0.209857 -0.961563 -0.17761 0.209407 -0.0842804 -0.0155674 -0.99632 -0.080002 -0.0152056 -0.996679 -0.096601 -0.0505205 -0.99404 -0.795257 -0.568957 0.209415 -0.775102 -0.595987 0.209801 -0.0592521 -0.0423912 -0.997343 -0.0813071 -0.053582 -0.995248 -0.0644522 -0.0621398 -0.995984 -0.484013 -0.850909 0.204169 -0.355627 -0.912016 0.204343 -0.0101681 -0.106563 -0.994254 0.00245496 -0.123501 -0.992341 0.473975 -0.832167 0.287829 0.609841 -0.78977 0.0660047 0.790813 -0.575079 0.209522 0.775102 -0.595987 0.209801 0.61404 -0.592009 -0.521997 0.675752 -0.70663 0.209841 0.614404 -0.760618 0.209684 0.1063 -0.102486 -0.989038 0.868802 -0.41745 0.266304 0.8782 -0.428262 0.212973 0.913273 -0.285378 0.290674 0.0525014 -0.0438382 -0.997658 0.165852 -0.0306345 -0.985675 0.960315 -0.17738 0.215247 0.936627 -0.182322 0.299146 0.975079 -0.0432826 0.217597 0.979051 -0.0406973 0.199508 0.238004 -0.0105647 -0.971207 0.981905 0.100307 0.160625 0.884614 0.382693 0.266465 0.946013 0.247325 0.209499 0.279788 0.0404625 -0.959209 0.0328897 -0.0450136 -0.998445 0.710402 0.433553 -0.554401 0.646273 0.707498 0.285968 0.761583 0.613229 0.209622 0.809409 0.548458 0.209882 0.063071 0.039779 -0.997216 0.068629 0.0818886 -0.994276 0.547479 0.827516 0.124434 0.276402 0.927297 0.252431 0.3578 0.898847 0.253087 0.423917 0.904297 0.0504114 0.438581 0.873876 0.20973 0.52674 0.823776 0.209613 0.0626748 0.133698 -0.989038 0.141138 0.959011 0.245719 0.147818 0.966609 0.209324 0.0269091 0.068967 -0.997256 0.0425405 0.141398 -0.989038 0 0.810553 -0.585666 -0.270741 0.924511 0.26829 -0.141138 0.959011 0.245719 -0.147818 0.966609 0.209324 -0.0659552 0.975487 0.209942 -0.00229145 0.0624484 -0.998046 -0.0214994 0.146086 -0.989038 -0.423917 0.904297 0.0504114 -0.681676 0.725662 0.0934455 -0.51622 0.780268 -0.353126 -0.520029 0.828007 0.2097 -0.438581 0.873876 0.20973 -0.0503335 0.117068 -0.991848 -0.277531 0.419488 -0.864295 -0.765683 0.637206 0.0877397 -0.859674 0.510419 -0.0207996 -0.809485 0.529877 0.252912 -0.757942 0.601336 0.252823 -0.188491 0.0531663 -0.980635 -0.950497 0.230801 0.208052 -0.0889305 0.0327642 -0.995499 -0.959371 -0.175977 0.220543 -0.979395 -0.0357929 0.198759 -0.946536 -0.0209038 0.321921 -0.966448 0.0830553 0.243065 -0.231039 -0.00844353 -0.972908 -0.928691 -0.35671 -0.101442 -0.781995 -0.547599 0.297689 -0.842737 -0.459601 0.280288 -0.902303 -0.374747 0.213106 -0.16415 -0.0671145 -0.98415 -0.15337 -0.0472726 -0.987037 -0.61404 -0.592009 -0.521997 -0.480306 -0.833042 0.274494 -0.611533 -0.76294 0.209644 -0.675752 -0.70663 0.209841 -0.0625484 -0.0607984 -0.996188 -0.227981 -0.318456 -0.920115 -0.35628 -0.910291 0.210798 -0.0426796 -0.198777 -0.979115 0.193961 -0.971951 0.133009 0.174373 -0.963175 0.204664 0.0774719 -0.975831 0.204332 0.069645 -0.960768 0.268467 -0.08384 -0.959716 0.268173 -0.0728214 -0.994955 0.0690087 -0.50554 0.781613 0.365391 -0.507621 0.751258 0.421821 -0.624434 0.700526 0.345464 -0.912299 0.110834 0.394242 -0.834645 -0.432066 0.341596 -0.662736 -0.593838 0.45622 -0.641237 -0.640169 0.423082 -0.574792 -0.740698 0.347822 -0.334774 -0.86023 0.384616 -0.26106 -0.830591 0.4919 -0.222536 -0.929337 0.294635 -0.175443 -0.919438 0.351929 0.343759 -0.869007 0.355889 0.365996 -0.776957 0.512236 0.641237 -0.640169 0.423082 0.662736 -0.593838 0.45622 0.761385 -0.536275 0.364283 0.886019 -0.295568 0.357226 0.762523 0.449537 0.465269 0.772538 0.499796 0.39165 0.722866 0.599681 0.34329 0.026534 0.895394 0.444484 -0.026534 0.895394 0.444484 0.279554 -0.367456 0.887032 0.36757 -0.455043 0.811066 0.562001 -0.413668 0.716263 0.853356 0.200588 0.481195 0.585602 0.466691 0.662775 0.263051 0.466265 0.844631 0.0129523 0.0258075 0.999583 0.0789396 0.661855 0.745464 -0.0789396 0.661855 0.745464 -0.181385 0.42658 0.886075 -0.316871 0.631368 0.707791 -0.44675 0.243605 0.860855 -0.617748 0.514094 0.595058 -0.791207 0.37999 0.479165 -0.624258 -0.0324278 0.780545 -0.922433 -0.169202 0.347115 -0.661497 -0.193756 0.724486 -0.498947 -0.172159 0.84936 -0.586734 -0.452721 0.671406 -0.397641 -0.4777 0.78338 -0.017432 -0.0696463 0.997419 -0.268029 -0.884267 0.382403 -0.103404 -0.792468 0.601084 -0.0682731 -0.932812 0.353838 0.0425335 -0.602492 0.796991 0.0845629 -0.448491 0.889778 0.243111 -0.830981 0.500368 -0.0509341 -0.0154386 -0.998583 -0.0325715 0.0380293 -0.998746 -0.0538294 0.0293522 0.998119 -0.20748 0.172666 0.96288 0.112545 -0.0783316 -0.990554 -0.00448458 0.0175292 -0.999836 -0.0251765 0.0372602 -0.998988 -0.0477806 0.0475093 -0.997727 -0.09684 0.0750379 -0.992467 -0.236179 0.883771 -0.403941 -0.0338515 0.0434062 -0.998484 0.0200092 0.046782 -0.998705 -0.000896528 0.00912494 -0.999958 0.00446999 0.00912488 -0.999948 0.0446145 0.227988 0.972641 0.258457 0.862948 -0.434189 0.111231 0.260869 -0.958945 0.249642 0.359868 -0.898985 0.0429262 0.160223 -0.986147 0.545878 0.556924 -0.625982 0.203095 0.167633 0.964703 -0.109734 -0.0481941 0.992792 0.33566 0.0907096 0.937606 -0.00133284 -0.0205552 0.999788 0.0665322 0.0372997 -0.997087 0.0623755 -0.00614438 -0.998034 0.109877 0.0179713 -0.993783 0.0167828 -0.0824788 -0.996451 0.300133 -0.146363 0.942602 0.150894 -0.0866262 0.984747 0.0202524 -0.0143391 0.999692 0.0754754 -0.0831383 -0.993676 0.117489 -0.031497 -0.992575 0.00703158 -0.0533711 -0.99855 0.0123225 0.130803 -0.991332 0.0418265 -0.0639308 -0.997077 -0.0484317 -0.117424 -0.9919 0.000419161 -0.00425797 -0.999991 -0.00286945 -0.00585663 -0.999979 -0.0527523 -0.233672 0.970883 -0.226104 -0.859853 -0.457744 -0.226654 -0.845451 -0.483571 -0.14284 -0.18236 -0.972801 0.026683 -0.0989755 -0.994732 -0.145083 -0.129917 -0.980853 -0.155694 -0.126631 0.979655 -0.351939 -0.129534 0.927017 -0.0102248 -0.00182556 0.999946 -0.309459 -0.00211145 0.950911 0.0979774 0.169166 0.980705 0.194395 0.228859 0.953852 0.208531 0.241596 0.947706 0.188159 0.178233 0.965831 0.258849 0.196772 0.945663 0.201021 0.164589 0.965661 0.222075 0.133618 0.965831 0.222075 0.133618 0.965831 0.235219 0.108824 0.965831 0.23522 0.108824 0.965831 0.245607 0.0827546 0.965831 0.287117 0.085335 0.954087 0.253114 0.0557145 0.965831 0.323242 0.0351547 0.945663 0.2571 0.0373921 0.965661 0.259173 0 0.965831 0.299334 -0.010809 0.954087 0.257654 -0.0280215 0.965831 0.317546 -0.0698972 0.945663 0.255581 -0.0466578 0.965661 0.245607 -0.0827545 0.965831 0.245607 -0.0827547 0.965831 0.23522 -0.108824 0.965831 0.235219 -0.108824 0.965831 0.222075 -0.133618 0.965831 0.250914 -0.163585 0.954087 0.206326 -0.156845 0.965831 0.236057 -0.223605 0.945663 0.194942 -0.171745 0.965661 0.167785 -0.197532 0.965831 0.179825 -0.222991 0.958091 0.105716 0.199402 0.974199 0.170484 0.251444 0.952739 -0.114282 0.20084 0.972935 -0.100363 0.251892 0.962537 -0.0981063 0.240024 0.965797 -0.0693364 0.249727 0.965831 -0.0696657 0.291316 0.954087 -0.0419296 0.255759 0.965831 -0.0176031 0.324672 0.945663 -0.0234181 0.258748 0.965661 0.0140313 0.258794 0.965831 0.0269987 0.298311 0.954087 0.0419296 0.255759 0.965831 0.0869863 0.313297 0.945663 0.0604265 0.252681 0.965661 0.0959302 0.240767 0.965831 0.0949209 0.239413 0.966267 -0.130623 0.192655 0.972534 -0.125487 0.236694 0.963446 -0.0979774 -0.169166 0.980705 -0.194395 -0.228859 0.953852 -0.208531 -0.241596 0.947706 -0.188159 -0.178233 0.965831 -0.258849 -0.196772 0.945663 -0.201021 -0.164589 0.965661 -0.222075 -0.133618 0.965831 -0.222075 -0.133618 0.965831 -0.235219 -0.108824 0.965831 -0.23522 -0.108824 0.965831 -0.245607 -0.0827546 0.965831 -0.287117 -0.085335 0.954087 -0.253114 -0.0557145 0.965831 -0.323242 -0.0351547 0.945663 -0.2571 -0.0373921 0.965661 -0.259173 0 0.965831 -0.299334 0.010809 0.954087 -0.257654 0.0280215 0.965831 -0.317546 0.0698972 0.945663 -0.255581 0.0466578 0.965661 -0.245607 0.0827545 0.965831 -0.245607 0.0827547 0.965831 -0.23522 0.108824 0.965831 -0.235219 0.108824 0.965831 -0.222075 0.133618 0.965831 -0.250914 0.163585 0.954087 -0.206326 0.156845 0.965831 -0.236057 0.223605 0.945663 -0.194942 0.171745 0.965661 -0.167785 0.197532 0.965831 -0.179825 0.222991 0.958091 -0.105716 -0.199402 0.974199 -0.170484 -0.251444 0.952739 0.130623 -0.192655 0.972534 0.125487 -0.236694 0.963446 0.114282 -0.20084 0.972935 0.100363 -0.251892 0.962537 0.0981063 -0.240024 0.965797 0.0693364 -0.249727 0.965831 0.0696657 -0.291316 0.954087 0.0419296 -0.255759 0.965831 0.0176031 -0.324672 0.945663 0.0234181 -0.258748 0.965661 -0.0140313 -0.258794 0.965831 -0.0269987 -0.298311 0.954087 -0.0419296 -0.255759 0.965831 -0.0869863 -0.313297 0.945663 -0.0604265 -0.252681 0.965661 -0.0959302 -0.240767 0.965831 -0.0949209 -0.239413 0.966267 -0.0383099 -0.706587 0.706589 -0.11448 -0.698303 0.706589 -0.114481 -0.698304 0.706587 -0.18931 -0.681833 0.706587 -0.18931 -0.681832 0.706588 -0.261919 -0.657367 0.706588 -0.261919 -0.657367 0.706589 -0.331457 -0.625195 0.706589 -0.331458 -0.625196 0.706587 -0.397111 -0.585694 0.706587 -0.397111 -0.585694 0.706587 -0.458107 -0.539326 0.706587 -0.458107 -0.539325 0.706588 -0.513733 -0.486634 0.706588 -0.513733 -0.486634 0.706587 -0.563336 -0.428237 0.706587 -0.563336 -0.428237 0.706587 -0.606334 -0.364819 0.706587 -0.606333 -0.364819 0.706589 -0.642223 -0.297124 0.706589 -0.642223 -0.297124 0.706588 -0.670583 -0.225946 0.706588 -0.670583 -0.225946 0.706588 -0.691081 -0.152118 0.706588 -0.691081 -0.152118 0.706588 -0.703477 -0.076508 0.706588 -0.703478 -0.0765078 0.706587 -0.707626 0 0.706587 -0.707626 0 0.706587 -0.703478 0.0765081 0.706587 -0.703477 0.0765077 0.706588 -0.691081 0.152118 0.706588 -0.691081 0.152118 0.706588 -0.670583 0.225946 0.706588 -0.670583 0.225946 0.706588 -0.642223 0.297124 0.706588 -0.642223 0.297124 0.706589 -0.606333 0.364818 0.706589 -0.606334 0.364819 0.706587 -0.563336 0.428237 0.706587 -0.563336 0.428237 0.706587 -0.513733 0.486634 0.706587 -0.513733 0.486634 0.706588 -0.458107 0.539325 0.706588 -0.458107 0.539326 0.706587 -0.397111 0.585694 0.706587 -0.397111 0.585694 0.706587 -0.331458 0.625196 0.706587 -0.331457 0.625195 0.706589 -0.261919 0.657366 0.706589 -0.261919 0.657367 0.706588 -0.18931 0.681832 0.706588 -0.18931 0.681833 0.706587 -0.114481 0.698304 0.706587 -0.114481 0.698303 0.706589 -0.0383105 0.706587 0.706589 -0.03831 0.706589 0.706587 0.0383106 0.706589 0.706587 0.0383099 0.706587 0.706589 0.11448 0.698303 0.706589 0.114481 0.698304 0.706587 0.18931 0.681833 0.706587 0.18931 0.681832 0.706588 0.261919 0.657367 0.706588 0.261919 0.657367 0.706589 0.331457 0.625195 0.706589 0.331458 0.625196 0.706587 0.397111 0.585694 0.706587 0.397111 0.585694 0.706587 0.458107 0.539326 0.706587 0.458107 0.539325 0.706588 0.513733 0.486634 0.706588 0.513733 0.486634 0.706587 0.563336 0.428237 0.706587 0.563336 0.428237 0.706587 0.606334 0.364819 0.706587 0.606333 0.364819 0.706589 0.642223 0.297124 0.706589 0.642223 0.297124 0.706588 0.670583 0.225946 0.706588 0.670583 0.225946 0.706588 0.691081 0.152118 0.706588 0.691081 0.152118 0.706588 0.703477 0.076508 0.706588 0.703478 0.0765078 0.706587 0.707626 0 0.706587 0.707626 0 0.706587 0.703478 -0.0765081 0.706587 0.703477 -0.0765077 0.706588 0.691081 -0.152118 0.706588 0.691081 -0.152118 0.706588 0.670583 -0.225946 0.706588 0.670583 -0.225946 0.706588 0.642223 -0.297124 0.706588 0.642223 -0.297124 0.706589 0.606333 -0.364818 0.706589 0.606334 -0.364819 0.706587 0.563336 -0.428237 0.706587 0.563336 -0.428237 0.706587 0.513733 -0.486634 0.706587 0.513733 -0.486634 0.706588 0.458107 -0.539325 0.706588 0.458107 -0.539326 0.706587 0.397111 -0.585694 0.706587 0.397111 -0.585694 0.706587 0.331458 -0.625196 0.706587 0.331457 -0.625195 0.706589 0.261919 -0.657366 0.706589 0.261919 -0.657367 0.706588 0.18931 -0.681832 0.706588 0.18931 -0.681833 0.706587 0.114481 -0.698304 0.706587 0.114481 -0.698303 0.706589 0.0383105 -0.706587 0.706589 0.03831 -0.706589 0.706587 -0.0383106 -0.706589 0.706587 -0.0523 -0.964604 0.258463 -0.156285 -0.953295 0.258463 -0.156284 -0.953295 0.258467 -0.258438 -0.930809 0.258467 -0.258438 -0.930809 0.258465 -0.357561 -0.897411 0.258465 -0.357562 -0.897411 0.258464 -0.452492 -0.853491 0.258464 -0.452492 -0.853491 0.258466 -0.542118 -0.799565 0.258466 -0.542118 -0.799565 0.258465 -0.625389 -0.736264 0.258465 -0.625389 -0.736264 0.258465 -0.701327 -0.664332 0.258465 -0.701326 -0.664332 0.258466 -0.769042 -0.584611 0.258466 -0.769042 -0.584611 0.258465 -0.827742 -0.498036 0.258465 -0.827742 -0.498036 0.258463 -0.876737 -0.405622 0.258463 -0.876737 -0.405622 0.258463 -0.915453 -0.308452 0.258463 -0.915453 -0.308452 0.258464 -0.943436 -0.207666 0.258464 -0.943436 -0.207666 0.258463 -0.960358 -0.104445 0.258463 -0.960357 -0.104446 0.258466 -0.96602 0 0.258466 -0.96602 0 0.258466 -0.960358 0.104445 0.258466 -0.960358 0.104446 0.258463 -0.943436 0.207666 0.258463 -0.943436 0.207666 0.258464 -0.915453 0.308452 0.258464 -0.915453 0.308452 0.258463 -0.876737 0.405622 0.258463 -0.876737 0.405622 0.258463 -0.827742 0.498036 0.258463 -0.827742 0.498035 0.258465 -0.769042 0.584611 0.258465 -0.769042 0.584611 0.258466 -0.701327 0.664332 0.258466 -0.701327 0.664332 0.258465 -0.625389 0.736264 0.258465 -0.625389 0.736264 0.258465 -0.542118 0.799565 0.258465 -0.542118 0.799564 0.258466 -0.452492 0.853491 0.258466 -0.452492 0.853491 0.258464 -0.357561 0.897411 0.258464 -0.357562 0.89741 0.258465 -0.258438 0.930809 0.258465 -0.258438 0.930809 0.258467 -0.156285 0.953294 0.258467 -0.156284 0.953295 0.258463 -0.0522997 0.964604 0.258463 -0.0523 0.964604 0.258465 0.0522997 0.964604 0.258465 0.0523 0.964604 0.258463 0.156285 0.953295 0.258463 0.156284 0.953295 0.258467 0.258438 0.930809 0.258467 0.258438 0.930809 0.258465 0.357561 0.897411 0.258465 0.357562 0.897411 0.258464 0.452492 0.853491 0.258464 0.452492 0.853491 0.258466 0.542118 0.799565 0.258466 0.542118 0.799565 0.258465 0.625389 0.736264 0.258465 0.625389 0.736264 0.258465 0.701327 0.664332 0.258465 0.701326 0.664332 0.258466 0.769042 0.584611 0.258466 0.769042 0.584611 0.258465 0.827742 0.498036 0.258465 0.827742 0.498036 0.258463 0.876737 0.405622 0.258463 0.876737 0.405622 0.258463 0.915453 0.308452 0.258463 0.915453 0.308452 0.258464 0.943436 0.207666 0.258464 0.943436 0.207666 0.258463 0.960358 0.104445 0.258463 0.960357 0.104446 0.258466 0.96602 0 0.258466 0.96602 0 0.258466 0.960358 -0.104445 0.258466 0.960358 -0.104446 0.258463 0.943436 -0.207666 0.258463 0.943436 -0.207666 0.258464 0.915453 -0.308452 0.258464 0.915453 -0.308452 0.258463 0.876737 -0.405622 0.258463 0.876737 -0.405622 0.258463 0.827742 -0.498036 0.258463 0.827742 -0.498035 0.258465 0.769042 -0.584611 0.258465 0.769042 -0.584611 0.258466 0.701327 -0.664332 0.258466 0.701327 -0.664332 0.258465 0.625389 -0.736264 0.258465 0.625389 -0.736264 0.258465 0.542118 -0.799565 0.258465 0.542118 -0.799564 0.258466 0.452492 -0.853491 0.258466 0.452492 -0.853491 0.258464 0.357561 -0.897411 0.258464 0.357562 -0.89741 0.258465 0.258438 -0.930809 0.258465 0.258438 -0.930809 0.258467 0.156285 -0.953294 0.258467 0.156284 -0.953295 0.258463 0.0522997 -0.964604 0.258463 0.0523 -0.964604 0.258465 -0.0522997 -0.964604 0.258465 0.0341946 -0.297208 -0.9542 0.0380194 -0.256305 -0.965848 0.071288 -0.24965 -0.965709 0.0788359 -0.314731 -0.945901 0.0872915 -0.243963 -0.965848 0.118997 -0.274484 -0.9542 0.110784 -0.234232 -0.965848 0.140688 -0.218206 -0.965709 0.166804 -0.278295 -0.945901 0.154352 -0.208119 -0.965848 0.193552 -0.228122 -0.9542 0.174008 -0.191988 -0.965848 0.197973 -0.167971 -0.965708 0.240405 -0.21789 -0.945901 0.208119 -0.154352 -0.965848 0.251438 -0.162114 -0.9542 0.222246 -0.133209 -0.965848 0.238207 -0.10327 -0.965709 0.293304 -0.138722 -0.945901 0.243963 -0.0872915 -0.965848 0.28767 -0.0821449 -0.9542 0.251344 -0.0629584 -0.965848 0.256305 -0.0380193 -0.965848 0.256305 -0.0380194 -0.965848 0.259594 -0.00425103 -0.965709 0.324063 -0.0159202 -0.945901 0.258798 0.0127139 -0.965848 0.297208 0.0341946 -0.9542 0.256305 0.0380194 -0.965848 0.24965 0.071288 -0.965709 0.314731 0.0788359 -0.945901 0.243963 0.0872915 -0.965848 0.274484 0.118997 -0.9542 0.234232 0.110784 -0.965848 0.218206 0.140688 -0.965709 0.278295 0.166804 -0.945901 0.208119 0.154352 -0.965848 0.228122 0.193552 -0.9542 0.191988 0.174008 -0.965848 0.167971 0.197973 -0.965708 0.21789 0.240405 -0.945901 0.154352 0.208119 -0.965848 0.162114 0.251438 -0.9542 0.133209 0.222246 -0.965848 0.10327 0.238207 -0.965709 0.138722 0.293304 -0.945901 0.0872915 0.243963 -0.965848 0.0821449 0.28767 -0.9542 0.0629584 0.251344 -0.965848 0.0380193 0.256305 -0.965848 0.0380194 0.256305 -0.965848 0.00425103 0.259594 -0.965709 0.0159202 0.324063 -0.945901 -0.0127139 0.258798 -0.965848 -0.0341946 0.297208 -0.9542 -0.0380194 0.256305 -0.965848 -0.071288 0.24965 -0.965709 -0.0788359 0.314731 -0.945901 -0.0872915 0.243963 -0.965848 -0.118997 0.274484 -0.9542 -0.110784 0.234232 -0.965848 -0.140688 0.218206 -0.965709 -0.166804 0.278295 -0.945901 -0.154352 0.208119 -0.965848 -0.193552 0.228122 -0.9542 -0.174008 0.191988 -0.965848 -0.197973 0.167971 -0.965708 -0.240405 0.21789 -0.945901 -0.208119 0.154352 -0.965848 -0.251438 0.162114 -0.9542 -0.222246 0.133209 -0.965848 -0.238207 0.10327 -0.965709 -0.293304 0.138722 -0.945901 -0.243963 0.0872915 -0.965848 -0.28767 0.0821449 -0.9542 -0.251344 0.0629584 -0.965848 -0.256305 0.0380193 -0.965848 -0.256305 0.0380194 -0.965848 -0.259594 0.00425103 -0.965709 -0.324063 0.0159202 -0.945901 -0.258798 -0.0127139 -0.965848 -0.297208 -0.0341946 -0.9542 -0.256305 -0.0380194 -0.965848 -0.24965 -0.071288 -0.965709 -0.314731 -0.0788359 -0.945901 -0.243963 -0.0872915 -0.965848 -0.274484 -0.118997 -0.9542 -0.234232 -0.110784 -0.965848 -0.218206 -0.140688 -0.965709 -0.278295 -0.166804 -0.945901 -0.208119 -0.154352 -0.965848 -0.228122 -0.193552 -0.9542 -0.191988 -0.174008 -0.965848 -0.167971 -0.197973 -0.965708 -0.21789 -0.240405 -0.945901 -0.154352 -0.208119 -0.965848 -0.162114 -0.251438 -0.9542 -0.133209 -0.222246 -0.965848 -0.10327 -0.238207 -0.965709 -0.138722 -0.293304 -0.945901 -0.0872915 -0.243963 -0.965848 -0.0821449 -0.28767 -0.9542 -0.0629584 -0.251344 -0.965848 -0.0380193 -0.256305 -0.965848 -0.0380194 -0.256305 -0.965848 -0.00425103 -0.259594 -0.965709 -0.0159202 -0.324063 -0.945901 0.0127139 -0.258798 -0.965848 0.103817 -0.699875 -0.706681 0.103817 -0.699876 -0.70668 0.171916 -0.68633 -0.70668 0.171916 -0.686328 -0.706681 0.23836 -0.666173 -0.706681 0.23836 -0.666171 -0.706682 0.302509 -0.6396 -0.706682 0.302509 -0.639602 -0.706681 0.363744 -0.606871 -0.706681 0.363744 -0.606871 -0.706681 0.421477 -0.568295 -0.706681 0.421477 -0.568296 -0.706681 0.47515 -0.524247 -0.706681 0.475149 -0.524246 -0.706682 0.524246 -0.475148 -0.706682 0.524247 -0.47515 -0.706681 0.568296 -0.421477 -0.706681 0.568295 -0.421477 -0.706681 0.606871 -0.363744 -0.706681 0.606871 -0.363745 -0.70668 0.639602 -0.302509 -0.706681 0.639601 -0.302508 -0.706682 0.666172 -0.23836 -0.706682 0.666173 -0.238361 -0.706681 0.686328 -0.171916 -0.706681 0.68633 -0.171917 -0.70668 0.699876 -0.103817 -0.70668 0.699875 -0.103817 -0.706681 0.706681 -0.0347169 -0.706681 0.706681 -0.0347171 -0.70668 0.706681 0.0347169 -0.70668 0.706681 0.0347171 -0.706681 0.699875 0.103817 -0.706681 0.699876 0.103817 -0.70668 0.68633 0.171916 -0.70668 0.686328 0.171916 -0.706681 0.666173 0.23836 -0.706681 0.666171 0.23836 -0.706682 0.6396 0.302509 -0.706682 0.639602 0.302509 -0.706681 0.606871 0.363744 -0.706681 0.606871 0.363744 -0.706681 0.568295 0.421477 -0.706681 0.568296 0.421477 -0.706681 0.524247 0.47515 -0.706681 0.524246 0.475149 -0.706682 0.475148 0.524246 -0.706682 0.47515 0.524247 -0.706681 0.421477 0.568296 -0.706681 0.421477 0.568295 -0.706681 0.363744 0.606871 -0.706681 0.363745 0.606871 -0.70668 0.302509 0.639602 -0.706681 0.302508 0.639601 -0.706682 0.23836 0.666172 -0.706682 0.238361 0.666173 -0.706681 0.171916 0.686328 -0.706681 0.171917 0.68633 -0.70668 0.103817 0.699876 -0.70668 0.103817 0.699875 -0.706681 0.0347169 0.706681 -0.706681 0.0347171 0.706681 -0.70668 -0.0347169 0.706681 -0.70668 -0.0347171 0.706681 -0.706681 -0.103817 0.699875 -0.706681 -0.103817 0.699876 -0.70668 -0.171916 0.68633 -0.70668 -0.171916 0.686328 -0.706681 -0.23836 0.666173 -0.706681 -0.23836 0.666171 -0.706682 -0.302509 0.6396 -0.706682 -0.302509 0.639602 -0.706681 -0.363744 0.606871 -0.706681 -0.363744 0.606871 -0.706681 -0.421477 0.568295 -0.706681 -0.421477 0.568296 -0.706681 -0.47515 0.524247 -0.706681 -0.475149 0.524246 -0.706682 -0.524246 0.475148 -0.706682 -0.524247 0.47515 -0.706681 -0.568296 0.421477 -0.706681 -0.568295 0.421477 -0.706681 -0.606871 0.363744 -0.706681 -0.606871 0.363745 -0.70668 -0.639602 0.302509 -0.706681 -0.639601 0.302508 -0.706682 -0.666172 0.23836 -0.706682 -0.666173 0.238361 -0.706681 -0.686328 0.171916 -0.706681 -0.68633 0.171917 -0.70668 -0.699876 0.103817 -0.70668 -0.699875 0.103817 -0.706681 -0.706681 0.0347169 -0.706681 -0.706681 0.0347171 -0.70668 -0.706681 -0.0347169 -0.70668 -0.706681 -0.0347171 -0.706681 -0.699875 -0.103817 -0.706681 -0.699876 -0.103817 -0.70668 -0.68633 -0.171916 -0.70668 -0.686328 -0.171916 -0.706681 -0.666173 -0.23836 -0.706681 -0.666171 -0.23836 -0.706682 -0.6396 -0.302509 -0.706682 -0.639602 -0.302509 -0.706681 -0.606871 -0.363744 -0.706681 -0.606871 -0.363744 -0.706681 -0.568295 -0.421477 -0.706681 -0.568296 -0.421477 -0.706681 -0.524247 -0.47515 -0.706681 -0.524246 -0.475149 -0.706682 -0.475148 -0.524246 -0.706682 -0.47515 -0.524247 -0.706681 -0.421477 -0.568296 -0.706681 -0.421477 -0.568295 -0.706681 -0.363744 -0.606871 -0.706681 -0.363745 -0.606871 -0.70668 -0.302509 -0.639602 -0.706681 -0.302508 -0.639601 -0.706682 -0.23836 -0.666172 -0.706682 -0.238361 -0.666173 -0.706681 -0.171916 -0.686328 -0.706681 -0.171917 -0.68633 -0.70668 -0.103817 -0.699876 -0.70668 -0.103817 -0.699875 -0.706681 -0.0347169 -0.706681 -0.706681 -0.0347171 -0.706681 -0.70668 0.0347169 -0.706681 -0.70668 0.0347171 -0.706681 -0.706681 0.141742 -0.955548 -0.258529 0.141742 -0.955548 -0.258528 0.23472 -0.937054 -0.258528 0.23472 -0.937054 -0.258528 0.325437 -0.909535 -0.258528 0.325437 -0.909536 -0.258525 0.41302 -0.873258 -0.258525 0.41302 -0.873257 -0.258529 0.496625 -0.828569 -0.258529 0.496625 -0.828569 -0.258528 0.575448 -0.775902 -0.258528 0.575448 -0.775902 -0.258527 0.648729 -0.715762 -0.258527 0.648729 -0.715762 -0.258528 0.715762 -0.648729 -0.258528 0.715762 -0.648729 -0.258527 0.775902 -0.575448 -0.258527 0.775902 -0.575448 -0.258528 0.828569 -0.496625 -0.258528 0.828569 -0.496625 -0.258529 0.873257 -0.413019 -0.258529 0.873258 -0.413021 -0.258525 0.909536 -0.325438 -0.258525 0.909535 -0.325436 -0.258528 0.937054 -0.23472 -0.258528 0.937054 -0.23472 -0.258528 0.955548 -0.141742 -0.258528 0.955548 -0.141742 -0.258529 0.96484 -0.0473997 -0.258529 0.964839 -0.0473991 -0.258531 0.964839 0.0473996 -0.258531 0.96484 0.0473991 -0.258529 0.955548 0.141742 -0.258529 0.955548 0.141742 -0.258528 0.937054 0.23472 -0.258528 0.937054 0.23472 -0.258528 0.909535 0.325437 -0.258528 0.909536 0.325437 -0.258525 0.873258 0.41302 -0.258525 0.873257 0.41302 -0.258529 0.828569 0.496625 -0.258529 0.828569 0.496625 -0.258528 0.775902 0.575448 -0.258528 0.775902 0.575448 -0.258527 0.715762 0.648729 -0.258527 0.715762 0.648729 -0.258528 0.648729 0.715762 -0.258528 0.648729 0.715762 -0.258527 0.575448 0.775902 -0.258527 0.575448 0.775902 -0.258528 0.496625 0.828569 -0.258528 0.496625 0.828569 -0.258529 0.413019 0.873257 -0.258529 0.413021 0.873258 -0.258525 0.325438 0.909536 -0.258525 0.325436 0.909535 -0.258528 0.23472 0.937054 -0.258528 0.23472 0.937054 -0.258528 0.141742 0.955548 -0.258528 0.141742 0.955548 -0.258529 0.0473997 0.96484 -0.258529 0.0473991 0.964839 -0.258531 -0.0473996 0.964839 -0.258531 -0.0473991 0.96484 -0.258529 -0.141742 0.955548 -0.258529 -0.141742 0.955548 -0.258528 -0.23472 0.937054 -0.258528 -0.23472 0.937054 -0.258528 -0.325437 0.909535 -0.258528 -0.325437 0.909536 -0.258525 -0.41302 0.873258 -0.258525 -0.41302 0.873257 -0.258529 -0.496625 0.828569 -0.258529 -0.496625 0.828569 -0.258528 -0.575448 0.775902 -0.258528 -0.575448 0.775902 -0.258527 -0.648729 0.715762 -0.258527 -0.648729 0.715762 -0.258528 -0.715762 0.648729 -0.258528 -0.715762 0.648729 -0.258527 -0.775902 0.575448 -0.258527 -0.775902 0.575448 -0.258528 -0.828569 0.496625 -0.258528 -0.828569 0.496625 -0.258529 -0.873257 0.413019 -0.258529 -0.873258 0.413021 -0.258525 -0.909536 0.325438 -0.258525 -0.909535 0.325436 -0.258528 -0.937054 0.23472 -0.258528 -0.937054 0.23472 -0.258528 -0.955548 0.141742 -0.258528 -0.955548 0.141742 -0.258529 -0.96484 0.0473997 -0.258529 -0.964839 0.0473991 -0.258531 -0.964839 -0.0473996 -0.258531 -0.96484 -0.0473991 -0.258529 -0.955548 -0.141742 -0.258529 -0.955548 -0.141742 -0.258528 -0.937054 -0.23472 -0.258528 -0.937054 -0.23472 -0.258528 -0.909535 -0.325437 -0.258528 -0.909536 -0.325437 -0.258525 -0.873258 -0.41302 -0.258525 -0.873257 -0.41302 -0.258529 -0.828569 -0.496625 -0.258529 -0.828569 -0.496625 -0.258528 -0.775902 -0.575448 -0.258528 -0.775902 -0.575448 -0.258527 -0.715762 -0.648729 -0.258527 -0.715762 -0.648729 -0.258528 -0.648729 -0.715762 -0.258528 -0.648729 -0.715762 -0.258527 -0.575448 -0.775902 -0.258527 -0.575448 -0.775902 -0.258528 -0.496625 -0.828569 -0.258528 -0.496625 -0.828569 -0.258529 -0.413019 -0.873257 -0.258529 -0.413021 -0.873258 -0.258525 -0.325438 -0.909536 -0.258525 -0.325436 -0.909535 -0.258528 -0.23472 -0.937054 -0.258528 -0.23472 -0.937054 -0.258528 -0.141742 -0.955548 -0.258528 -0.141742 -0.955548 -0.258529 -0.0473997 -0.96484 -0.258529 -0.0473991 -0.964839 -0.258531 0.0473996 -0.964839 -0.258531 0.0473991 -0.96484 -0.258529 -0.5 -0.866026 1.4134e-07 -0.5 -0.866025 3.66044e-08 -0.866026 -0.5 3.7807e-08 -0.866026 -0.5 0 -1 0 0 -1 0 0 -0.866026 0.5 0 -0.866026 0.5 0 -0.499999 0.866026 0 -0.499999 0.866026 0 0 1 0 0 1 0 0.258819 0.965926 0 0.258819 0.965926 0 0.475477 0.879728 0 0.499986 0.866004 -0.00716916 0.847317 0.530982 0.0105363 0.866026 0.5 0 1 0 0 1 0 0 0.866026 -0.5 0 0.866026 -0.5 0 0.5 -0.866025 0 0.5 -0.866025 0 1.59928e-06 -1 0 0 -1 -4.65661e-07 -0.258819 -0.965926 -1.48489e-07 -0.258819 -0.965926 3.14207e-07 -0.258821 0.965925 3.53734e-07 -0.706635 0.706635 -0.0365334 -0.575063 0.818109 0 -0.965926 0.25882 0 -0.995721 0.0889341 -0.025124 -0.965926 -0.258819 9.71795e-08 -0.706635 -0.706635 -0.0365337 -0.81811 -0.575062 0 -0.0889614 -0.996035 0 -0.135253 -0.990762 0.00990781 0.574935 -0.817933 0.0208788 0.761932 -0.646902 -0.0312686 0.995956 -0.0889552 0.012565 0.995956 0.0889552 -0.012565 0.817852 0.57488 0.0251238 0.707107 0.707107 0 0.258821 0.965925 0 0.0889368 0.99572 -0.0251239 -0.420941 0.907001 0.0125648 -0.575015 0.818046 -0.012565 -0.906786 0.420841 0.0251239 -0.965926 0.258819 0 -0.907073 -0.420973 0 -0.925653 -0.378245 0.00990829 -0.420882 -0.906875 0.0208785 -0.17927 -0.983303 -0.0312687 0.258819 -0.965926 2.04077e-07 0.706635 -0.706635 -0.0365336 0.575062 -0.81811 0 0.965926 -0.258819 0 0.995721 -0.088934 -0.0251239 0.965926 0.258819 4.66463e-08 0.706635 0.706635 -0.0365336 0.81811 0.575062 0 0.258819 0.965926 0 0.0889333 0.995721 -0.025124 0 0 -1 0 0 -1 0 0 -1 0 0 -1 0 0 -1 0 0 -1 0 0 -1 0 0 -1 0 0 -1 0 0 -1 0 0 -1 0 0 -1 0 0 -1 0 0 -1 0 0 -1 0 0 -1 0 0 -1 0 0 -1 0 0 -1 0 0 -1 0 0 -1 0 0 -1 0 0 -1 0 0 -1 0 0 -1 0 0 -1 0 0 -1 0 0 -1 0 0 -1 0 0 -1 0 0 -1 0 0 -1 0 0 -1 0 0 -1 0 0 -1 0 0 -1 -0.499999 -0.866026 0 -0.499999 -0.866026 0 -0.866026 -0.5 0 -0.866026 -0.5 0 -1 0 0 -1 0 0 -0.866026 0.5 0 -0.866026 0.5 0 -0.5 0.866025 0 -0.5 0.866025 0 -1.59927e-06 1 0 0 1 -4.65661e-07 0.258819 0.965926 -5.09317e-07 0.258819 0.965926 0 0.5 0.866025 0 0.5 0.866025 3.66044e-08 0.866026 0.5 3.7807e-08 0.866026 0.5 0 1 0 0 1 0 0 0.866026 -0.5 0 0.866026 -0.5 0 0.499999 -0.866026 0 0.499999 -0.866026 0 0 -1 0 0 -1 0 -0.258819 -0.965926 0 -0.258819 -0.965926 0 -0.258819 0.965926 2.04077e-07 -0.706635 0.706635 -0.0365336 -0.575062 0.81811 0 -0.965926 0.258819 0 -0.995721 0.088934 -0.0251239 -0.965926 -0.258819 4.66463e-08 -0.706635 -0.706635 -0.0365336 -0.81811 -0.575062 0 -0.258819 -0.965926 0 -0.0889333 -0.995721 -0.025124 0.420941 -0.907001 0.0125648 0.575015 -0.818046 -0.012565 0.906786 -0.420841 0.0251239 0.965926 -0.258819 0 0.907073 0.420973 0 0.925653 0.378245 0.00990829 0.420882 0.906875 0.0208785 0.17927 0.983303 -0.0312687 -0.574935 0.817933 0.0208788 -0.65509 0.755551 0 -0.965926 0.258819 0 -0.965926 0.258819 0 -0.965926 -0.25882 0 -0.906786 -0.420842 -0.0251238 -0.575017 -0.818045 0.0125648 -0.420942 -0.907 -0.0125652 0.0889368 -0.99572 0.0251239 0.258821 -0.965925 0 0.707107 -0.707107 0 0.817852 -0.57488 -0.0251238 0.965926 -0.25882 0 0.965281 0.258646 -0.0365337 0.996035 0.0889622 0 0.707107 0.707107 0 0.707107 0.707107 0 0.0889614 0.996035 0 0.135253 0.990762 0.00990781 0 0 -1 0 0 -1 0 0 -1 0 0 -1 0 0 -1 0 0 -1 0 0 -1 0 0 -1 0 0 -1 0 0 -1 0 0 -1 0 0 -1 0 0 -1 0 0 -1 0 0 -1 0 0 -1 0 0 -1 0 0 -1 0 0 -1 0 0 -1 0 0 -1 0 0 -1 0 0 -1 0 0 -1 0 0 -1 0 0 -1 0 0 -1 0 0 -1 0 0 -1 0 0 -1 0 0 -1 0 0 -1 0 0 -1 0 0 -1 0 0 -1 0 0 -1 0 0 -1 0 0 -1 0 0 -1 0 0 -1 0 0 -1 0 0 -1 0 0 -1 0 0 -1 0 0 -1 0 0 -1 0 0 -1 0 0 -1 0 0 -1 0 0 -1 0 0 -1 0 0 -1 0 0 -1 0 0 -1 0 0 -1 0 0 -1 0 0 -1 0 0 -1 0 0 -1 0 0 -1 0 0 -1 -0.258816 0.965927 0 -0.258816 0.965927 0 -0.707107 0.707107 0 -0.707107 0.707107 0 -0.965926 0.258817 0 -0.965926 0.258817 0 -0.965926 -0.258819 0 -0.965926 -0.258819 0 -0.707139 -0.707074 0 -0.707107 -0.707107 -2.43155e-06 -0.25882 -0.965926 -4.84754e-07 -0.258821 -0.965925 -4.45007e-07 0.258813 -0.965928 4.44993e-07 0.258821 -0.965925 0 0.707108 -0.707105 0 0.707108 -0.707105 0 0.965925 -0.258821 0 0.965925 -0.258821 0 0.965926 0.25882 0 0.965926 0.25882 0 0.707108 0.707105 0 0.707108 0.707105 0 0.258816 0.965927 0 0.258816 0.965927 0 0 0 1 0 0 1 0 0 1 0 0 1 0 0 1 0 0 1 0 0 1 0 0 1 0 0 1 0 0 1 0 0 1 0 0 1 0 0 1 0 0 1 0 0 1 0 0 1 0 0 1 0 0 1 0 0 1 0 0 1 0 0 1 0 0 1 0 0 1 0 0 1 -0.258819 0.965926 0 -0.258819 0.965926 0 -0.707106 0.707107 0 -0.707106 0.707107 0 -0.965926 0.258819 0 -0.965926 0.258819 0 -0.965926 -0.25882 0 -0.965926 -0.25882 0 -0.707107 -0.707106 0 -0.707107 -0.707106 0 -0.258817 -0.965926 0 -0.258817 -0.965926 0 0.258817 -0.965926 0 0.258817 -0.965926 0 0.707107 -0.707106 0 0.707107 -0.707106 0 0.965926 -0.25882 0 0.965926 -0.25882 0 0.965926 0.258819 0 0.965926 0.258819 0 0.707106 0.707107 0 0.707106 0.707107 0 0.25882 0.965926 0 0.25882 0.965926 0 -0.258816 0.965927 0 -0.258816 0.965927 0 -0.707108 0.707105 0 -0.707108 0.707105 0 -0.965926 0.25882 0 -0.965926 0.25882 0 -0.965925 -0.258821 0 -0.965925 -0.258821 0 -0.707108 -0.707105 0 -0.707108 -0.707105 0 -0.258904 -0.965903 0 -0.258821 -0.965925 -4.52303e-06 0.258589 -0.965987 1.17127e-05 0.258821 -0.965925 -9.44297e-07 0.707101 -0.707112 -2.02626e-06 0.707107 -0.707107 -2.43155e-06 0.965916 -0.258854 1.9465e-06 0.965926 -0.258819 0 0.965926 0.258817 0 0.965926 0.258817 0 0.707107 0.707107 0 0.707107 0.707107 0 0.258816 0.965927 0 0.258816 0.965927 0 0 0 1 0 0 1 0 0 1 0 0 1 0 0 1 0 0 1 0 0 1 0 0 1 0 0 1 0 0 1 0 0 1 0 0 1 0 0 1 0 0 1 0 0 1 0 0 1 0 0 1 0 0 1 0 0 1 0 0 1 0 0 1 0 0 1 0 0 1 0 0 1 -0.25882 0.965926 0 -0.25882 0.965926 0 -0.707106 0.707107 0 -0.707106 0.707107 0 -0.965926 0.258819 0 -0.965926 0.258819 0 -0.965926 -0.25882 0 -0.965926 -0.25882 0 -0.707107 -0.707106 0 -0.707107 -0.707106 0 -0.258817 -0.965926 0 -0.258817 -0.965926 0 0.258817 -0.965926 0 0.258817 -0.965926 0 0.707107 -0.707106 0 0.707107 -0.707106 0 0.965926 -0.25882 0 0.965926 -0.25882 0 0.965926 0.258819 0 0.965926 0.258819 0 0.707106 0.707107 0 0.707106 0.707107 0 0.258819 0.965926 0 0.258819 0.965926 0 -0.258695 0.965959 2.46605e-06 -0.258821 0.965925 -4.40475e-06 -0.707017 0.707196 6.78547e-06 -0.707108 0.707105 0 -0.965925 0.258821 0 -0.965925 0.258821 0 -0.965926 -0.25882 0 -0.965926 -0.25882 0 -0.707108 -0.707105 0 -0.707108 -0.707105 0 -0.258816 -0.965927 0 -0.258816 -0.965927 0 0.258816 -0.965927 0 0.258816 -0.965927 0 0.707107 -0.707107 0 0.707107 -0.707107 0 0.965926 -0.258817 0 0.965926 -0.258817 0 0.965926 0.258819 0 0.965926 0.258819 0 0.707115 0.707099 0 0.707107 0.707107 -6.07887e-07 0.258853 0.965917 -1.23561e-06 0.258821 0.965925 -3.02098e-06 0 0 1 0 0 1 0 0 1 0 0 1 0 0 1 0 0 1 0 0 1 0 0 1 0 0 1 0 0 1 0 0 1 0 0 1 0 0 1 0 0 1 0 0 1 0 0 1 0 0 1 0 0 1 0 0 1 0 0 1 0 0 1 0 0 1 0 0 1 0 0 1 -0.258817 0.965926 0 -0.258817 0.965926 0 -0.707107 0.707106 0 -0.707107 0.707106 0 -0.965926 0.25882 0 -0.965926 0.25882 0 -0.965926 -0.258819 0 -0.965926 -0.258819 0 -0.707106 -0.707107 0 -0.707106 -0.707107 0 -0.25882 -0.965926 0 -0.25882 -0.965926 0 0.258819 -0.965926 0 0.258819 -0.965926 0 0.707106 -0.707107 0 0.707106 -0.707107 0 0.965926 -0.258819 0 0.965926 -0.258819 0 0.965926 0.25882 0 0.965926 0.25882 0 0.707107 0.707106 0 0.707107 0.707106 0 0.258817 0.965926 0 0.258817 0.965926 0 -0.25879 0.965934 0 -0.258821 0.965925 -1.66611e-06 -0.707153 0.707061 -3.44486e-06 -0.707107 0.707107 0 -0.965926 0.258819 0 -0.965926 0.258819 0 -0.965959 -0.258696 0 -0.965926 -0.258817 -6.61513e-06 -0.707302 -0.706911 1.45787e-05 -0.707107 -0.707107 0 -0.258816 -0.965927 0 -0.258816 -0.965927 0 0.258816 -0.965927 0 0.258816 -0.965927 0 0.707108 -0.707105 0 0.707108 -0.707105 0 0.965926 -0.25882 0 0.965926 -0.25882 0 0.965925 0.258821 0 0.965925 0.258821 0 0.707108 0.707105 0 0.707108 0.707105 0 0.258821 0.965925 0 0.258821 0.965925 0 0 0 1 0 0 1 0 0 1 0 0 1 0 0 1 0 0 1 0 0 1 0 0 1 0 0 1 0 0 1 0 0 1 0 0 1 0 0 1 0 0 1 0 0 1 0 0 1 0 0 1 0 0 1 0 0 1 0 0 1 0 0 1 0 0 1 0 0 1 0 0 1 -0.258817 0.965926 0 -0.258817 0.965926 0 -0.707107 0.707106 0 -0.707107 0.707106 0 -0.965926 0.25882 0 -0.965926 0.25882 0 -0.965926 -0.258819 0 -0.965926 -0.258819 0 -0.707106 -0.707107 0 -0.707106 -0.707107 0 -0.258819 -0.965926 0 -0.258819 -0.965926 0 0.25882 -0.965926 0 0.25882 -0.965926 0 0.707106 -0.707107 0 0.707106 -0.707107 0 0.965926 -0.258819 0 0.965926 -0.258819 0 0.965926 0.25882 0 0.965926 0.25882 0 0.707107 0.707106 0 0.707107 0.707106 0 0.258817 0.965926 0 0.258817 0.965926 0 0.0425061 0.865243 0.499548 0.12711 0.85691 0.499548 0.127111 0.85691 0.499548 0.210491 0.840325 0.499548 0.210491 0.840325 0.499548 0.291843 0.815647 0.499548 0.291843 0.815647 0.499548 0.370385 0.783113 0.499548 0.370385 0.783113 0.499548 0.44536 0.743038 0.499548 0.44536 0.743038 0.499548 0.516046 0.695808 0.499548 0.516047 0.695807 0.499548 0.581763 0.641876 0.499548 0.581762 0.641876 0.499548 0.641876 0.581762 0.499548 0.641876 0.581762 0.499548 0.695808 0.516046 0.499548 0.695807 0.516047 0.499548 0.743038 0.44536 0.499548 0.743038 0.44536 0.499548 0.783113 0.370385 0.499548 0.783113 0.370385 0.499548 0.815647 0.291843 0.499548 0.815647 0.291843 0.499548 0.840325 0.210491 0.499548 0.840325 0.210491 0.499548 0.85691 0.12711 0.499548 0.85691 0.127111 0.499548 0.865243 0.0425062 0.499548 0.865243 0.0425061 0.499548 0.865243 -0.0425063 0.499548 0.865243 -0.0425061 0.499548 0.85691 -0.12711 0.499548 0.85691 -0.127111 0.499548 0.840325 -0.210491 0.499548 0.840325 -0.210491 0.499548 0.815647 -0.291843 0.499548 0.815647 -0.291843 0.499548 0.783113 -0.370385 0.499548 0.783113 -0.370385 0.499548 0.743038 -0.44536 0.499548 0.743038 -0.44536 0.499548 0.695808 -0.516046 0.499548 0.695807 -0.516047 0.499548 0.641876 -0.581763 0.499548 0.641876 -0.581762 0.499548 0.581762 -0.641876 0.499548 0.581762 -0.641876 0.499548 0.516046 -0.695808 0.499548 0.516047 -0.695807 0.499548 0.44536 -0.743038 0.499548 0.44536 -0.743038 0.499548 0.370385 -0.783113 0.499548 0.370385 -0.783113 0.499548 0.291843 -0.815647 0.499548 0.291843 -0.815647 0.499548 0.210491 -0.840325 0.499548 0.210491 -0.840325 0.499548 0.12711 -0.85691 0.499548 0.127111 -0.85691 0.499548 0.0425062 -0.865243 0.499548 0.0425061 -0.865243 0.499548 -0.0425063 -0.865243 0.499548 -0.0425061 -0.865243 0.499548 -0.12711 -0.85691 0.499548 -0.127111 -0.85691 0.499548 -0.210491 -0.840325 0.499548 -0.210491 -0.840325 0.499548 -0.291843 -0.815647 0.499548 -0.291843 -0.815647 0.499548 -0.370385 -0.783113 0.499548 -0.370385 -0.783113 0.499548 -0.44536 -0.743038 0.499548 -0.44536 -0.743038 0.499548 -0.516046 -0.695808 0.499548 -0.516047 -0.695807 0.499548 -0.581763 -0.641876 0.499548 -0.581762 -0.641876 0.499548 -0.641876 -0.581762 0.499548 -0.641876 -0.581762 0.499548 -0.695808 -0.516046 0.499548 -0.695807 -0.516047 0.499548 -0.743038 -0.44536 0.499548 -0.743038 -0.44536 0.499548 -0.783113 -0.370385 0.499548 -0.783113 -0.370385 0.499548 -0.815647 -0.291843 0.499548 -0.815647 -0.291843 0.499548 -0.840325 -0.210491 0.499548 -0.840325 -0.210491 0.499548 -0.85691 -0.12711 0.499548 -0.85691 -0.127111 0.499548 -0.865243 -0.0425062 0.499548 -0.865243 -0.0425061 0.499548 -0.865243 0.0425063 0.499548 -0.865243 0.0425061 0.499548 -0.85691 0.12711 0.499548 -0.85691 0.127111 0.499548 -0.840325 0.210491 0.499548 -0.840325 0.210491 0.499548 -0.815647 0.291843 0.499548 -0.815647 0.291843 0.499548 -0.783113 0.370385 0.499548 -0.783113 0.370385 0.499548 -0.743038 0.44536 0.499548 -0.743038 0.44536 0.499548 -0.695808 0.516046 0.499548 -0.695807 0.516047 0.499548 -0.641876 0.581763 0.499548 -0.641876 0.581762 0.499548 -0.581762 0.641876 0.499548 -0.581762 0.641876 0.499548 -0.516046 0.695808 0.499548 -0.516047 0.695807 0.499548 -0.44536 0.743038 0.499548 -0.44536 0.743038 0.499548 -0.370385 0.783113 0.499548 -0.370385 0.783113 0.499548 -0.291843 0.815647 0.499548 -0.291843 0.815647 0.499548 -0.210491 0.840325 0.499548 -0.210491 0.840325 0.499548 -0.12711 0.85691 0.499548 -0.127111 0.85691 0.499548 -0.0425062 0.865243 0.499548 -0.0425061 0.865243 0.499548 0.0425063 0.865243 0.499548 0 0 1 0 0 1 0 0 1 0 0 1 0 0 1 0 0 1 0 0 1 0 0 1 0 0 1 0 0 1 0 0 1 0 0 1 0 0 1 0 0 1 0 0 1 0 0 1 0 0 1 0 0 1 0 0 1 0 0 1 0 0 1 0 0 1 0 0 1 0 0 1 0 0 1 0 0 1 0 0 1 0 0 1 0 0 1 0 0 1 0 0 1 0.00251625 -0.00251625 0.999994 -0.000246847 -0.000921244 1 0 0 1 0 0 1 0 0 1 0 0 1 -4.25817e-07 0.00184026 0.999998 0 0 1 -0.00251624 -0.00251624 0.999994 -0.000921129 0.000247044 1 0 0 1 0 0 1 0 0 1 0 0 1 0.00184038 0 0.999998 0 0 1 0 0 1 0 0 1 0 0 1 0 0 1 0 0 1 0 0 1 0 0 1 0 0 1 0 0 1 0 0 1 0 0 1 0 0 1 0 0 1 0 0 1 0 0 1 0 0 1 0 0 1 0 0 1 0 0 1 5.23731e-07 0.00226341 0.999997 0 0 1 0 0 1 0 0 1 0 -0.00226034 0.999997 0 0 1 0 0 1 0 0 1 -0.303469 -0.1303 -0.94389 0 0 -1 0 0 -1 0.594645 0.468366 -0.653476 0.489781 0.870565 0.0472262 -0.363709 0.826198 -0.430247 -0.230851 0.966943 -0.108305 -0.667335 0.688227 -0.284619 -0.00350552 -0.357288 0.933988 0.00363811 -0.353717 0.935346 -0.855803 -0.199793 -0.477162 0 0 -1 0 0 -1 0 0 -1 0 0 -1 -0.439975 0.55849 -0.703214 -0.836981 0.537409 -0.103217 -0.953166 -0.177418 -0.244943 -0.996979 -0.063531 -0.0446815 -0.243336 -0.735112 -0.63277 -0.719614 -0.692176 -0.0551994 0.025291 -0.0922724 0.995413 0.0199647 0.0721907 0.997191 0.19869 0.209413 -0.957428 0 0 -1 0 0 -1 0.530674 -0.637764 -0.558249 0.928473 0.330323 -0.169777 0.998935 0.0376201 0.0267256 -0.0123799 0.965982 -0.258314 0.306025 0.813028 -0.495312 -0.311175 -0.17561 0.933987 -0.304513 -0.180009 0.935344 -0.307673 0.181683 0.933985 -0.308141 0.173898 0.935312 -0.384315 -0.894805 -0.227213 0.503267 -0.858784 -0.0959846 0.563565 -0.824347 0.0533559 0.916898 -0.390714 -0.0814876 0.672663 0.598997 -0.434428 0.830135 0.539995 -0.138855 0.964418 0.010428 -0.264175 0 0 -1 0 0 -1 0.832474 -0.179037 -0.524341 0 0 -1 0 0 -1 0.0722516 0.0617629 -0.995472 0.0820116 -0.276777 -0.957428 0 0 -1 0 0 -1 -0.82106 -0.218918 -0.527196 -0.183946 -0.973442 -0.136287 -0.428586 -0.901289 0.0631752 0.528775 -0.656817 -0.537576 0.0922985 0.0251859 0.995413 -0.0722112 0.0198579 0.997192 0.311333 0.175506 0.933954 0.304667 0.179908 0.935313 -0.48086 0.482047 -0.732396 -0.816486 0.494729 -0.297648 -0.890374 -0.372214 -0.262089 -0.968351 -0.167271 -0.185248 -0.757697 -0.651809 -0.032253 0.0655398 -0.447251 -0.892004 -0.312228 -0.896985 -0.312939 0 0 -1 0 0 -1 0.163768 0.104139 -0.980987 0.307661 -0.18187 0.933953 0.308152 -0.173713 0.935343 -0.270559 0.898041 -0.346872 -0.700343 0.692606 0.172674 -0.940269 0.30064 -0.159718 -0.868938 -0.473355 -0.144504 -0.548825 0.00297028 -0.835932 0 0 -1 0 0 -1 0 0 -1 -0.0251828 0.0922017 0.995422 -0.0198559 -0.0722707 0.997187 0.218918 -0.82106 -0.527196 0.999727 -0.0215515 0.00902907 0.923909 -0.355705 -0.140948 0.840054 -0.540396 -0.0477614 0.916198 0.352736 -0.190153 0.955 0.282143 -0.0914898 0.101137 0.587762 -0.802688 0.517701 0.829776 -0.208465 0 0 -1 0 0 -1 0 0 -1 0 0 -1 0.960325 -0.275216 0.0450729 0.040091 0.441937 -0.89615 -0.153904 -0.0538266 -0.986619 0.327588 0.870654 -0.366943 -0.123055 0.61303 -0.780418 -0.336741 0.705032 -0.624128 -0.722982 0.176613 -0.667911 -0.5984 0.0268782 -0.800747 -0.722948 -0.577603 -0.379106 0.0174833 -0.590207 -0.807063 0.0664671 -0.782108 0.619589 -0.465106 -0.883572 0.0545611 -0.131133 -0.90711 -0.399945 0.566688 -0.81738 0.103708 0.775913 -0.421725 -0.469155 0.889286 0.203916 -0.409376 0.851002 -0.340777 -0.399583 0.254065 0.162181 -0.953493 0.245841 0.912302 -0.327516 -0.504624 0.38195 0.774253 0.739571 0.353755 -0.572619 0.671292 0.698528 -0.247842 0.753201 0.657256 -0.026497 0.537866 0.781205 -0.316889 0.332472 0.903447 -0.27064 0.277138 0.945933 -0.16854 0.09094 0.886083 -0.454518 -0.119229 0.799298 -0.588988 -0.320016 0.760246 -0.565346 -0.660997 0.709398 -0.244616 -0.60384 0.796334 0.0350539 -0.743424 0.591011 -0.313091 -0.865517 0.387894 -0.316889 -0.887094 0.366361 -0.28079 -0.859267 0.148363 -0.489539 -0.848642 -0.0674992 -0.524644 -0.872881 -0.313272 -0.374085 -0.887527 -0.303724 -0.346478 -0.676145 -0.463609 -0.572621 -0.570765 -0.819088 0.0576417 -0.752383 -0.170343 -0.63632 -0.975877 -0.113834 0.186294 -0.70691 -0.499692 -0.500586 -0.0666255 -0.994785 -0.0772238 0.0713904 -0.914419 -0.398423 0.342568 -0.8338 -0.432925 0.322465 -0.893509 -0.312504 0.526786 -0.716519 -0.457272 0.0678785 0.00558603 -0.997678 0.523473 0.272829 -0.807181 0.204364 0.390944 -0.89744 0.189162 0.530935 -0.82603 0.0248889 0.383421 -0.923238 -0.264447 0.527029 -0.807656 0.849036 -0.42135 -0.318752 0.820922 -0.562877 0.0962116 0.859187 -0.294025 -0.418745 0.80505 -0.064032 -0.589742 0.793135 0.136944 -0.59345 0.82207 0.368422 -0.434127 0.820499 0.556057 -0.132596 0.752281 0.598053 -0.276417 0.548822 0.723777 -0.41826 0.437577 0.837076 -0.328374 0.352401 0.837183 -0.418255 0.0589813 0.908623 -0.413432 0.141787 0.950522 -0.276412 -0.092736 0.903582 -0.418258 -0.307655 0.905411 -0.29254 -0.325439 0.884335 -0.334725 -0.483329 0.701994 -0.523066 -0.641107 0.559441 -0.525365 -0.748529 0.496642 -0.439376 -0.73957 0.353755 -0.57262 -0.315157 -0.121602 -0.941217 -0.457623 -0.359388 -0.813278 0.3183 -0.311527 -0.895342 0.515779 0.856707 0.00514584 -0.418381 0.703283 -0.57476 0.430573 -0.634066 -0.642314 0.757639 -0.124371 -0.640714 0.538398 0.074306 -0.839408 0.247038 0.718001 -0.650728 -0.399113 0.691313 -0.602325 -0.678184 0.0492824 -0.733238 -0.680663 0.119918 -0.722716 -0.959154 0.184325 -0.214586 -0.903069 -0.0625968 -0.42491 -0.659813 -0.707567 -0.252975 0.348919 0.629535 -0.69422 -0.0172791 0.183826 -0.982807 0.190978 -0.881175 -0.432502 0.39156 -0.533974 -0.749368 0.710202 -0.487554 -0.507842 0.712004 0.195755 -0.674338 0.87837 0.116987 -0.463445 0.347994 0.710425 -0.611715 0.320297 0.704324 -0.633512 -0.032673 0.998841 -0.0353348 -0.887404 0.396883 -0.234518 -0.876443 0.424629 -0.227018 -0.11209 -0.165915 -0.979749 0.402579 -0.635641 0.658704 -0.123192 -0.5791 -0.805895 -0.20328 -0.697235 -0.687416 -0.210777 -0.702154 -0.680113 0.399195 -0.835786 -0.376969 0.556318 -0.338391 -0.758948 0.854309 -0.196663 -0.481123 0.573023 0.459722 -0.678454 0.504548 0.449976 -0.736854 -0.14658 0.962814 -0.226943 -0.158572 0.904005 -0.397027 -0.0892202 0.981627 -0.168668 -0.0281736 0.940105 -0.339719 0.149287 0.915623 -0.373292 0.185583 0.852629 -0.488448 0.6808 0.202479 -0.703927 -0.781857 0.483843 0.393185 -0.762086 0.613795 -0.206109 -0.770849 0.518755 -0.369708 -0.893376 0.120229 -0.432926 -0.935034 0.167495 -0.3125 -0.883916 -0.0979527 -0.457272 -0.186759 0.763451 -0.618275 -0.0465747 -0.0701094 -0.996451 -0.321286 -0.126302 -0.938522 -0.21736 -0.551629 -0.80527 0.0280347 -0.409171 -0.912027 0.610138 -0.283694 -0.739763 0.269189 -0.228103 0.935685 0.583149 0.281165 -0.762157 -0.796873 -0.508604 -0.326061 -0.902083 -0.431489 0.00798937 -0.706669 -0.616652 -0.346928 -0.451537 -0.820295 -0.351042 -0.562194 -0.816538 -0.131162 -0.30683 -0.833768 -0.459006 -0.0855128 -0.833202 -0.546316 0.273909 -0.874122 -0.401105 0.147501 -0.988827 -0.0215477 0.363871 -0.864432 -0.346923 0.667441 -0.657887 -0.348866 0.60384 -0.796334 0.0350539 0.743424 -0.591011 -0.313091 0.865517 -0.387894 -0.316889 0.934146 -0.306165 -0.183399 0.899332 -0.155281 -0.408766 0.833845 0.0663223 -0.548 0.80951 0.277025 -0.517639 0.766251 0.619542 -0.170371 0.30724 0.44984 -0.838599 -0.221752 0.499219 -0.837619 -0.225709 0.49914 -0.836609 -0.572887 -0.159406 -0.803984 -0.980943 -0.133737 0.140945 0.128543 -0.0329707 -0.991156 -0.698575 0.0265077 -0.715046 -0.436944 -0.378707 -0.81588 -0.176714 -0.88328 -0.434269 0.368824 -0.506001 -0.7797 0.354396 -0.35568 -0.86481 0.902304 0.176453 -0.393335 0.850998 0.396497 -0.344372 0.847184 0.388027 -0.362926 0.87371 0.30807 -0.376462 0.841751 0.257737 -0.474371 0.773959 -0.042971 -0.631776 0.403604 0.912243 0.0701148 -0.0229531 0.882811 -0.469167 -0.189638 0.860712 -0.472454 -0.195986 0.857134 -0.476352 -0.556024 0.732038 -0.393647 -0.383175 0.773383 -0.50503 -0.507468 -0.280272 -0.814816 -0.204364 -0.390944 -0.89744 -0.189162 -0.530935 -0.82603 -0.0248889 -0.383421 -0.923238 0.179361 -0.489799 -0.853186 0.177873 -0.412164 -0.893578 0.464822 -0.310845 -0.829045 -0.676145 0.463609 -0.572621 -0.909206 0.277571 -0.310319 -0.918214 0.314225 -0.241134 -0.853531 0.0678881 -0.516601 -0.805737 -0.13912 -0.575703 -0.801473 -0.359191 -0.478145 -0.791718 -0.577366 -0.199578 -0.752281 -0.598053 -0.276417 -0.548822 -0.723777 -0.41826 -0.437577 -0.837076 -0.328374 -0.352401 -0.837183 -0.418255 -0.0589813 -0.908623 -0.413432 -0.141787 -0.950522 -0.276412 0.092736 -0.903582 -0.418258 0.384676 -0.891362 -0.23979 0.342895 -0.931768 -0.119298 0.531152 -0.771453 -0.350339 0.724109 -0.631871 -0.276415 0.719337 -0.63406 -0.283764 0.733566 -0.350883 -0.582033 0.690959 0.722209 -0.0314715 -0.260979 0.255969 -0.93079 -0.243301 0.185841 -0.951981 -0.700495 0.115057 -0.704321 -0.264924 -0.109268 -0.958058 -0.494548 -0.561588 -0.663356 0.00716548 -0.25777 -0.96618 -0.542216 0.410838 -0.732949 -0.514639 0.359605 -0.778351 -0.921045 -0.379884 -0.0858187 -0.335789 -0.479709 -0.810633 -0.172955 -0.959318 -0.223151 0.384398 -0.0748792 -0.920126 -0.186248 0.402774 -0.89615 -0.173937 0.797257 -0.578037 -0.594058 0.407824 -0.693379 -0.568675 0.328396 -0.754165 -0.901551 -0.276256 -0.332999 -0.492366 -0.4898 -0.719494 -0.384015 -0.752147 -0.535544 0.336175 -0.28327 -0.898189 0.532983 -0.846013 -0.0138364 -0.123893 0.106203 -0.986596 0.253317 0.0663251 -0.965107 0.683557 0.591876 -0.427122 0.934707 -0.227084 -0.273416 0.617684 0.173896 -0.766959 0.190319 0.67255 -0.715161 -0.168018 0.956901 -0.236878 -0.495556 0.498151 -0.711526 -0.861991 0.340982 -0.375104 -0.50239 -0.310245 -0.807064 -0.111964 0.993712 0 -0.111964 0.993712 0 -0.330279 0.943883 0 -0.330279 0.943883 -4.79758e-07 -0.532032 0.846724 3.68025e-07 -0.532032 0.846724 0 -0.707107 0.707107 0 -0.707107 0.707107 0 -0.846724 0.532032 0 -0.846724 0.532032 0 -0.943883 0.330279 0 -0.943883 0.330279 0 -0.993712 0.111964 0 -0.993712 0.111964 0 -0.993712 -0.111964 0 -0.993712 -0.111964 0 -0.943883 -0.330279 0 -0.943883 -0.330279 0 -0.846724 -0.532032 0 -0.846724 -0.532032 0 -0.707107 -0.707107 0 -0.707107 -0.707107 0 -0.532032 -0.846724 0 -0.532032 -0.846724 3.68025e-07 -0.330279 -0.943883 -4.79758e-07 -0.330279 -0.943883 0 -0.111964 -0.993712 0 -0.111964 -0.993712 -3.92653e-16 0.111964 -0.993712 3.92653e-16 0.111964 -0.993712 0 0.330279 -0.943883 0 0.330279 -0.943883 0 0.532032 -0.846724 0 0.532032 -0.846724 0 0.707107 -0.707107 0 0.707107 -0.707107 0 0.846724 -0.532032 0 0.846724 -0.532032 0 0.943883 -0.330279 0 0.943883 -0.330279 1.39817e-07 0.993712 -0.111964 4.73978e-08 0.993712 -0.111964 0 0.993712 0.111964 0 0.993712 0.111964 0 0.943883 0.330279 0 0.943883 0.330279 0 0.846724 0.532032 0 0.846724 0.532032 5.32873e-07 0.707107 0.707107 0 0.707107 0.707107 0 0.532032 0.846724 0 0.532032 0.846724 0 0.330279 0.943883 0 0.330279 0.943883 0 0.111964 0.993712 0 0.111964 0.993712 0 0 0 1 0 0 1 0 0 1 0 0 1 0 0 1 0 0 1 0 0 1 0 0 1 0 0 1 0 0 1 0 0 1 0 0 1 0 0 1 0 0 1 0 0 1 0 0 1 0 0 1 0 0 1 0 0 1 0 0 1 0 0 1 0 0 1 0 0 1 0 0 1 0 0 1 0 0 1 0 0 1 0 0 1 0 0 1 0 0 1 0 0 1 0 0 1 0 0 1 0 0 1 0 0 1 0 0 1 0 0 1 0 0 1 0 0 1 0 0 1 0 0 1 0 0 1 0 0 1 0 0 1 0 0 1 0 0 1 0 0 1 0 0 1 0 0 1 0 0 1 0 0 1 0 0 1 0 0 1 0 0 1 0 0 1 0.116093 -0.993238 0 0.34202 -0.939693 0 0.34202 -0.939693 0 0.549509 -0.835488 0 0.549509 -0.835488 0 0.727374 -0.686242 0 0.727374 -0.686242 0 0.866025 -0.5 0 0.866025 -0.5 0 0.95799 -0.286803 0 0.95799 -0.286803 0 0.998308 -0.0581448 0 0.998308 -0.0581448 0 0.984808 0.173648 0 0.984808 0.173648 0 0.918216 0.39608 0 0.918216 0.39608 0 0.802123 0.597158 0 0.802123 0.597158 0 0.642788 0.766044 0 0.642788 0.766044 0 0.448799 0.893633 0 0.448799 0.893633 0 0.230616 0.973045 0 0.230616 0.973045 0 0 1 0 0 1 0 -0.230616 0.973045 0 -0.230616 0.973045 0 -0.448799 0.893633 0 -0.448799 0.893633 0 -0.642788 0.766044 0 -0.642788 0.766044 0 -0.802123 0.597158 0 -0.802123 0.597158 0 -0.918216 0.39608 0 -0.918216 0.39608 0 -0.984808 0.173648 0 -0.984808 0.173648 0 -0.998308 -0.0581448 0 -0.998308 -0.058145 1.33537e-06 -0.95799 -0.286803 -1.99002e-07 -0.95799 -0.286803 0 -0.866025 -0.5 0 -0.866025 -0.5 0 -0.727374 -0.686242 0 -0.727374 -0.686242 0 -0.549509 -0.835488 0 -0.549509 -0.835488 0 -0.34202 -0.939693 0 -0.34202 -0.939693 0 -0.116093 -0.993238 0 -0.116093 -0.993238 0 0.116093 -0.993238 0 0 0 1 0 0 1 0 0 1 0 0 1 0 0 1 0 0 1 0 0 1 0 0 1 0 0 1 0 0 1 0 0 1 0 0 1 0 0 1 0 0 1 0 0 1 0 0 1 0 0 1 0 0 1 0 0 1 0 0 1 0 0 1 0 0 1 0 0 1 0 0 1 0 0 1 -0.350634 -0.405027 -0.844399 0.0552208 -0.00286679 -0.99847 -0.0316542 -0.0488492 -0.998304 0.401846 -0.0743037 -0.912688 -0.680976 0.616901 0.394594 0.252544 0.330088 0.90954 -0.252545 -0.330089 -0.90954 -0.160769 -0.0779882 0.983906 0.134605 -0.0575097 -0.989229 0.0768085 -0.116674 0.990196 0.0897392 -0.00178848 -0.995964 -0.104897 0.0276259 -0.994099 0.108121 -0.029016 -0.993714 -0.0767642 0.025568 -0.996721 -0.0066235 -0.0423104 -0.999083 0.207628 0.118795 -0.970968 -0.755936 0.645123 -0.111256 -0.179477 -0.695896 0.695354 -0.393433 0.225946 -0.891156 -0.0667552 -0.203444 -0.976808 0.133429 -0.131423 -0.982306 -0.0788765 0.0221807 -0.996638 -0.000950937 -0.143462 -0.989655 0.000888186 0.133995 -0.990982 -0.429455 -0.257638 -0.865558 0.28111 -0.11802 -0.952391 -0.629464 0.718798 -0.295135 0.319807 -0.000269145 -0.947483 -0.106684 0.122899 -0.986668 -0.029439 0.0269222 -0.999204 0.0512845 0.209896 -0.976378 0.0612121 0.248926 -0.966586 -0.0727679 -0.293001 0.953339 0.533194 0.0398281 -0.845055 0.22149 0.0416679 -0.974272 0.251015 0.0794704 -0.964716 -0.105331 0.134804 0.985258 0.0391029 0.147297 -0.988319 -0.0893093 -0.137664 -0.986444 0.0316774 0.0168911 -0.999355 0.14196 0.00899839 -0.989832 -0.0868558 0.0456809 -0.995173 -0.0678485 -0.0692704 -0.995288 0.44272 -0.895222 0.0507583 0.521843 -0.852136 0.0392968 0.548919 -0.835779 -0.0127134 0.634573 -0.772759 -0.0126672 0.638452 -0.769223 -0.0259863 0.772649 -0.634302 -0.0259729 0.769421 -0.638617 -0.0126612 0.866934 -0.498263 -0.0126766 0.869691 -0.493161 -0.0207463 0.900594 -0.433709 0.0287552 -0.76195 -0.64355 -0.0726286 -0.636983 -0.767454 -0.0725736 -0.636984 -0.767454 -0.0725712 -0.521333 -0.850243 -0.0727909 -0.64355 0.76195 -0.0726286 -0.767454 0.636983 -0.0725736 -0.767454 0.636984 -0.0725712 -0.850243 0.521333 -0.0727909 0.424333 0.905053 0.0286407 -0.907665 0.419694 0 -0.907665 0.419694 0 -0.785082 0.619392 0 -0.785082 0.619392 0 -0.619392 0.785082 0 -0.619392 0.785082 0 -0.419694 0.907665 0 -0.419694 0.907665 0 0.378974 -0.925407 0 0.378974 -0.925407 0 0.6077 -0.794167 0 0.6077 -0.794167 0 0.794167 -0.6077 0 0.794167 -0.6077 0 0.925407 -0.378974 0 0.925407 -0.378974 0 0 0 1 0 0 1 0 0 1 0 0 1 0 0 1 0 0 1 0 0 1 0 0 1 0 0 -1 0 0 -1 0 0 -1 0 0 -1 0 0 -1 0 0 -1 0 0 -1 0 0 -1 -0.419694 -0.907665 0 -0.419694 -0.907665 0 -0.619392 -0.785082 0 -0.619392 -0.785082 0 -0.785082 -0.619392 0 -0.785082 -0.619392 0 -0.907665 -0.419694 0 -0.907665 -0.419694 0 0.925407 0.378974 0 0.925407 0.378974 0 0.794167 0.6077 0 0.794167 0.6077 0 0.6077 0.794167 0 0.6077 0.794167 0 0.378974 0.925407 0 0.378974 0.925407 0 0 0 1 0 0 1 0 0 1 0 0 1 0 0 1 0 0 1 0 0 1 0 0 1 0 0 -1 0 0 -1 0 0 -1 0 0 -1 0 0 -1 0 0 -1 0 0 -1 0 0 -1 0.907665 -0.419694 0 0.907665 -0.419694 0 0.785082 -0.619392 0 0.785082 -0.619392 0 0.619392 -0.785082 0 0.619392 -0.785082 0 0.419694 -0.907665 0 0.419694 -0.907665 0 -0.378974 0.925407 0 -0.378974 0.925407 0 -0.6077 0.794167 0 -0.6077 0.794167 0 -0.794167 0.6077 0 -0.794167 0.6077 0 -0.925407 0.378974 0 -0.925407 0.378974 0 0 0 1 0 0 1 0 0 1 0 0 1 0 0 1 0 0 1 0 0 1 0 0 1 0 0 -1 0 0 -1 0 0 -1 0 0 -1 0 0 -1 0 0 -1 0 0 -1 0 0 -1 0.419694 0.907665 0 0.419694 0.907665 0 0.619392 0.785082 0 0.619392 0.785082 0 0.785082 0.619392 0 0.785082 0.619392 0 0.907665 0.419694 0 0.907665 0.419694 0 -0.925407 -0.378974 0 -0.925407 -0.378974 0 -0.794167 -0.6077 0 -0.794167 -0.6077 0 -0.6077 -0.794167 0 -0.6077 -0.794167 0 -0.378974 -0.925407 0 -0.378974 -0.925407 0 0 0 1 0 0 1 0 0 1 0 0 1 0 0 1 0 0 1 0 0 1 0 0 1 0 0 -1 0 0 -1 0 0 -1 0 0 -1 0 0 -1 0 0 -1 0 0 -1 0 0 -1 0.221907 -0.213392 0.951431 0.603284 -0.404163 0.687532 0.558059 -0.799502 0.222186 0.596499 -0.767495 0.23482 0.373059 -0.4035 0.835473 0.158222 -0.213265 0.964097 0.135415 -0.132325 0.981913 0.376435 -0.435468 0.817719 0.39267 -0.428653 0.813675 0.399201 -0.433852 0.80772 0.520572 -0.478995 0.706802 0.48253 -0.396292 0.7811 0.596894 -0.759482 0.258659 0.654075 -0.71085 0.258608 0.654075 -0.71085 0.25861 0.710849 -0.654075 0.25861 0.71085 -0.654075 0.258608 0.75885 -0.597694 0.258668 0.718437 -0.695592 -8.99544e-05 0.941228 -0.336176 -0.0328065 0.790558 -0.612046 -0.0204198 0.478995 -0.520572 -0.706802 0.157999 -0.150637 -0.975882 0.644312 -0.456201 -0.613794 0.399147 -0.475563 -0.783915 0.386151 -0.595769 -0.704234 0.557736 -0.797922 -0.228585 0.597012 -0.768154 -0.231335 0.596924 -0.759459 -0.25866 0.654075 -0.71085 -0.258608 0.654075 -0.710849 -0.25861 0.71085 -0.654075 -0.25861 0.202828 -0.171373 -0.964102 0.488398 -0.433496 -0.75733 0.263527 -0.186495 -0.946453 0.18135 -0.197091 -0.963466 0.478994 -0.520571 -0.706803 0.520571 -0.478994 -0.706803 0.71085 -0.654075 -0.258608 0.761013 -0.59495 -0.258636 -0.30397 -0.435539 0.847294 -0.210657 -0.193493 0.958219 -0.18135 -0.197091 0.963466 -0.623924 -0.447331 0.640791 -0.158242 -0.151119 0.975768 -0.184548 -0.15983 0.96974 -0.256669 -0.257872 0.931463 -0.490779 -0.436815 0.753876 -0.520571 -0.478994 0.706803 -0.478994 -0.520571 0.706803 -0.478995 -0.520572 0.706802 -0.437775 -0.555569 0.706892 -0.757493 -0.599404 0.258687 -0.71085 -0.654075 0.258608 -0.71085 -0.654075 0.25861 -0.654075 -0.710849 0.25861 -0.654075 -0.71085 0.258608 -0.603873 -0.753921 0.25873 -0.608535 -0.782981 0.128944 -0.392229 -0.91983 -0.00835267 -0.716271 -0.69774 0.0107098 -0.465678 -0.428485 -0.774303 -0.457252 -0.657225 -0.599145 -0.510333 -0.419704 -0.750606 -0.816063 -0.569963 -0.0958294 -0.659127 -0.713927 -0.236348 -0.749251 -0.58232 -0.315478 -0.770967 -0.58208 -0.258444 -0.71085 -0.654075 -0.258608 -0.710849 -0.654075 -0.25861 -0.654075 -0.71085 -0.25861 -0.163546 -0.152882 -0.974618 -0.245344 -0.283727 -0.926987 -0.433496 -0.488398 -0.75733 -0.167833 -0.154304 -0.973664 -0.531602 -0.467363 -0.706379 -0.478994 -0.520571 -0.706803 -0.654075 -0.71085 -0.258608 -0.59311 -0.762456 -0.258613 -0.471012 0.345721 0.811557 -0.189354 0.208377 0.959544 -0.200161 0.198211 0.959504 -0.198091 0.18227 0.963087 -0.561664 0.804667 0.192468 -0.599866 0.771827 0.210816 -0.44351 0.556191 0.702816 -0.14904 0.152001 0.977079 -0.15983 0.184548 0.96974 -0.257872 0.256669 0.931463 -0.436815 0.490779 0.753876 -0.478994 0.520571 0.706803 -0.520571 0.478994 0.706803 -0.520572 0.478995 0.706802 -0.554662 0.438884 0.706916 -0.598681 0.758067 0.258679 -0.654075 0.71085 0.258608 -0.654075 0.71085 0.25861 -0.710849 0.654075 0.25861 -0.71085 0.654075 0.258608 -0.77286 0.579584 0.2584 -0.743866 0.57915 0.33354 -0.951207 0.307703 0.0228845 -0.709886 0.70431 -0.00315979 -0.685987 0.727614 -6.97797e-05 -0.731783 0.681413 0.0130542 -0.428485 0.465678 -0.774303 -0.809031 0.56471 -0.16301 -0.604394 0.452034 -0.656028 -0.419704 0.510333 -0.750606 -0.569963 0.816063 -0.0958294 -0.713927 0.659127 -0.236348 -0.58232 0.749251 -0.315478 -0.58208 0.770967 -0.258444 -0.654075 0.71085 -0.258608 -0.654075 0.710849 -0.25861 -0.71085 0.654075 -0.25861 -0.152882 0.163546 -0.974618 -0.283727 0.245344 -0.926987 -0.488398 0.433496 -0.75733 -0.154304 0.167833 -0.973664 -0.467363 0.531602 -0.706379 -0.520571 0.478994 -0.706803 -0.71085 0.654075 -0.258608 -0.759458 0.596924 -0.25866 -0.7724 0.600312 -0.20742 0.408463 0.463568 -0.786297 0.214363 0.194892 -0.957113 0.193343 0.188848 -0.962785 0.584689 0.433369 -0.685806 0.79532 0.606112 -0.00966288 0.771903 0.605088 -0.195025 0.725362 0.660205 -0.194885 0.725362 0.660205 -0.194884 0.660205 0.725362 -0.194884 0.627501 0.709561 -0.32057 0.578294 0.750216 -0.32055 0.588435 0.754986 -0.289379 0.584096 0.43252 -0.686846 0.534525 0.48651 -0.69108 0.561676 0.501323 -0.658176 0.51157 0.551964 -0.658508 0.358156 0.423637 -0.832019 0.42702 0.409507 -0.806199 0.148459 0.296275 0.943494 0.149933 0.154681 0.976521 0.622729 0.447295 0.641978 0.154741 0.169153 0.973367 0.287883 0.253123 0.923608 0.490779 0.436815 0.753876 0.520571 0.478994 0.706803 0.463202 0.535487 0.706185 0.421376 0.457951 0.782766 0.39492 0.503454 0.768487 0.75756 0.59932 0.258686 0.71085 0.654075 0.258608 0.71085 0.654075 0.25861 0.654075 0.710849 0.25861 0.654075 0.71085 0.258608 0.603873 0.753921 0.25873 0.608535 0.782981 0.128944 0.957203 0.287205 -0.0357295 0.513269 0.793551 -0.326852 0.761056 0.648633 -0.00833077 -0.665087 -0.737122 -0.119626 -0.339789 -0.21546 -0.915489 -0.285855 -0.314502 -0.905194 -0.399488 -0.842224 -0.362033 -0.510482 -0.807594 -0.295296 -0.409859 -0.900511 -0.145243 -0.492046 -0.592829 -0.63753 -0.511859 -0.640341 -0.57268 -0.158873 -0.22808 -0.960593 -0.765745 -0.623384 -0.158197 -0.609084 -0.546778 -0.5745 -0.471934 -0.353696 -0.807575 -0.126882 -0.114296 -0.985311 -0.834911 -0.52703 -0.158626 -0.844533 -0.50027 -0.191034 -0.482476 -0.351197 -0.80242 -0.891952 -0.443626 -0.0872814 -0.455673 -0.31746 -0.831613 -0.873382 -0.483811 -0.0559546 -0.42502 -0.641286 -0.638835 -0.44567 -0.857496 0.257058 -0.502445 -0.850167 0.15737 -0.374642 -0.549577 0.746732 -0.276082 -0.480451 0.832434 -0.410322 -0.903111 0.126593 -0.465248 -0.884932 0.0209735 -0.562427 -0.344151 0.751822 -0.143771 -0.17375 0.974239 -0.389966 -0.499453 0.77361 -0.452576 -0.545275 0.705585 -0.617082 -0.743477 0.257784 -0.617082 -0.743477 0.257783 -0.127642 -0.116941 0.984902 -0.576917 -0.416642 0.70255 -0.443772 -0.368329 0.816946 -0.743477 -0.617082 0.257783 -0.771572 -0.616128 0.158312 -0.834873 -0.527091 0.158626 -0.573306 -0.596297 0.561916 -0.454358 -0.353676 0.817601 -0.470234 -0.354841 0.808064 -0.846023 -0.495527 0.196719 -0.896973 -0.434692 0.0805098 -0.851247 -0.523256 -0.0397793 -0.973266 -0.0987571 0.207365 -0.737122 0.665087 -0.119626 -0.21546 0.339789 -0.915489 -0.314502 0.285855 -0.905194 -0.842224 0.399488 -0.362033 -0.807594 0.510482 -0.295296 -0.900511 0.409859 -0.145243 -0.592829 0.492046 -0.63753 -0.640341 0.511859 -0.57268 -0.22808 0.158873 -0.960593 -0.623384 0.765745 -0.158197 -0.546778 0.609084 -0.5745 -0.353696 0.471934 -0.807575 -0.114296 0.126882 -0.985311 -0.52703 0.834911 -0.158626 -0.50027 0.844533 -0.191034 -0.351197 0.482476 -0.80242 -0.447499 0.889329 -0.0940203 -0.37038 0.920792 -0.122314 -0.31746 0.455673 -0.831613 0.455199 -0.89025 -0.0157966 -0.593085 0.43449 -0.677841 -0.425304 0.905042 -0.00403552 -0.857496 0.44567 0.257058 -0.850167 0.502445 0.15737 -0.549577 0.374642 0.746732 -0.480451 0.276082 0.832434 -0.903111 0.410322 0.126593 -0.892526 0.447408 0.0567675 -0.37708 0.505078 0.776342 -0.17375 0.143771 0.974239 -0.499453 0.389966 0.77361 -0.545275 0.452576 0.705585 -0.743477 0.617082 0.257784 -0.743477 0.617082 0.257783 -0.128362 0.130911 0.983049 -0.151533 0.173379 0.973128 -0.426431 0.568511 0.703528 -0.377518 0.454844 0.806596 -0.617082 0.743477 0.257783 -0.616128 0.771572 0.158312 -0.527091 0.834873 0.158626 -0.540498 0.585626 0.604073 -0.374089 0.464506 0.802678 -0.391248 0.549527 0.738204 -0.495527 0.846023 0.196719 -0.450415 0.88612 0.109168 -0.362927 0.922973 0.128083 -0.551314 -0.117267 0.826015 -0.445812 0.895017 0.0140158 0.557228 -0.4365 -0.706374 0.714743 -0.434821 -0.547789 0.721927 -0.570693 -0.39132 0.545274 -0.452575 -0.705587 0.669762 -0.476352 -0.569655 0.128583 -0.117581 -0.984704 0.523243 -0.630416 -0.573405 0.49321 -0.615873 -0.614365 0.161758 -0.205555 -0.965185 0.497975 -0.81594 -0.293706 0.474837 -0.664123 -0.577469 0.40582 -0.906465 -0.116753 0.474133 -0.877859 -0.0675372 0.281418 -0.281187 -0.917463 0.273743 -0.454941 -0.847404 0.630473 -0.427336 -0.647988 0.631689 -0.361884 -0.685572 0.720676 -0.459458 0.519158 0.212773 -0.238912 0.947443 0.691969 -0.409999 0.594206 0.575193 -0.533892 0.619768 0.293992 -0.259395 0.919936 0.255874 -0.211612 0.943265 0.690446 -0.573079 0.441436 0.668768 -0.53297 0.518355 0.573079 -0.690446 0.441436 0.471905 -0.630913 0.615836 0.25471 -0.298577 0.919769 0.285152 -0.870671 0.400775 -0.855275 -0.100245 0.508385 0.429457 -0.660322 0.616069 0.458008 -0.669584 0.58471 0.561942 -0.827136 0.00818188 0.434052 0.90087 0.00566051 0.527091 0.834873 -0.158626 0.534904 0.841047 -0.080735 0.219821 0.353821 -0.909115 0.259138 0.263376 -0.929237 0.403102 0.595616 -0.694802 0.467651 0.853801 -0.228749 0.45598 0.864476 -0.211574 0.630638 0.759809 -0.158068 0.630638 0.75981 -0.158067 0.421383 0.507694 -0.751454 0.365456 0.405305 -0.837956 0.199846 0.224042 -0.953869 0.759809 0.630638 -0.158067 0.759809 0.630638 -0.158068 0.545274 0.452575 -0.705586 0.156997 0.155584 -0.975267 0.834911 0.52703 -0.158626 0.86109 0.432941 -0.26662 0.496488 0.345392 -0.796369 0.35124 0.227099 -0.908326 0.828946 0.471911 -0.300247 0.825176 0.527361 -0.202424 0.52703 0.834911 0.158626 0.523767 0.836188 0.162658 0.368706 0.629434 0.68401 0.438957 0.898472 0.00806864 0.589603 0.631241 0.503888 0.310302 0.0126129 0.950554 0.107345 0.124884 0.986347 0.376291 0.489155 0.78685 0.452576 0.545275 0.705585 0.630638 0.759809 0.158068 0.630638 0.759809 0.158067 0.157281 0.13913 0.977704 0.557901 0.438532 0.704582 0.485258 0.402761 0.776085 0.75981 0.630638 0.158067 0.759809 0.630638 0.158068 0.834873 0.527091 0.158626 0.63496 0.478683 0.606373 0.799302 0.522152 -0.297445 0.203409 0.194352 0.95961 0.6185 0.393993 0.679873 0.836917 0.521827 0.165123 0.900938 0.430813 0.0520608 0.898247 0.437159 0.0452044 0.74232 0.669917 -0.0131278 0.0959308 -0.946484 -0.308164 0.300282 -0.947066 0.113567 -0.303895 -0.945747 -0.114934 -0.0846501 -0.958588 0.271926 0.504383 0.10421 0.857168 -0.29481 -0.12732 0.947036 -0.891582 0.152124 0.426544 -0.929317 -0.113307 -0.35147 -0.504383 0.10421 -0.857168 0.29481 -0.12732 -0.947036 0.891582 0.152124 -0.426544 0.929317 -0.113307 0.35147 0 1 0 0 1 0 0 1 0 0 1 0 0 0.116994 -0.993133 0 -0.058635 -0.99828 0.784742 -0.201503 -0.586154 -0.74496 -0.0664391 0.663793 0.0755305 0.0997426 -0.992142 0.955075 0.088169 0.282946 0.502413 -0.0311907 -0.864065 -0.308896 0.0229634 -0.950818 0.0874674 -0.0575196 -0.994505 0.136847 -0.0179587 -0.990429 -0.000311011 1 -0.000879269 1.11141e-06 1 2.68319e-06 9.37448e-07 1 7.19329e-07 -1.09168e-06 1 -4.52189e-07 -2.87941e-06 1 3.79082e-07 -3.50002e-07 1 -5.89397e-07 3.85084e-08 1 -5.21649e-07 0.000799422 1 0.000610967 2.62049e-07 1 -4.11132e-07 -0.923514 0.028125 -0.382532 -0.939806 0.125746 -0.31773 -0.502396 0.17843 -0.846026 -0.588118 0.0243325 -0.808409 0.0728289 0.14621 -0.986569 -0.0248527 0.0567034 -0.998082 0.536819 0.0498607 -0.842223 0.351632 -0.0926981 -0.931537 0.853179 -0.0303871 -0.520733 0.570304 0.0301337 -0.820881 0.717334 0.266463 -0.643762 0.918141 0.378742 0.116499 0.792882 -0.034453 0.6084 0.648176 0.248293 0.719874 0.382436 0.0359516 0.923282 0.251012 -0.143473 0.957292 -0.148722 0.162061 0.975509 -0.481043 -0.217428 0.849307 -0.778579 0.0749582 0.623054 -0.991115 0.0258045 0.130483 -0.910828 -0.265422 0.316138 0.991037 0.123265 -0.0514922 0.275685 -0.624983 -0.730338 0.0888232 -0.937614 -0.33614 -0.0740091 -0.00254618 -0.997254 -0.0340168 0.0637965 -0.997383 0.147482 -0.000700037 -0.989065 0.995454 -0.000992422 -0.0952385 0.936772 0 -0.349939 0.9604 -0.00204362 -0.278617 0.911308 0 -0.411726 0.888859 -0.00262372 -0.458174 0.654783 -0.00254773 -0.755813 0.327275 -0.00117351 -0.944929 0.193051 0.00137663 -0.981188 -0.047471 -0.000893586 -0.998872 -0.174827 0.000679866 -0.984599 -0.235806 -0.0026462 -0.971797 -0.416598 -0.000538081 -0.909091 -0.637836 0.000792979 -0.770172 -0.580055 -0.00256909 -0.814573 -0.542344 0.000395313 -0.840156 -0.842557 -0.0023966 -0.538602 -0.829372 4.40914e-05 -0.558697 -0.723734 -5.56714e-05 -0.690079 -0.73119 -0.00125637 -0.682173 -0.928288 -0.00251683 0.371855 -0.841253 -0.00112876 0.540641 -0.897229 0.000823752 0.441565 -0.723747 -5.5663e-05 0.690066 -0.834409 4.94459e-05 0.551146 -0.580053 -0.00128421 0.814578 -0.568112 0 0.822951 -0.49032 0 0.871543 -0.415415 -0.00109303 0.909631 -0.412217 -0.000748433 0.911085 -0.235758 -0.00264102 0.971808 -0.28926 0.000572733 0.95725 -0.0417369 -0.000340386 0.999129 -0.0475819 -0.000917831 0.998867 -0.174827 0.000673177 0.984599 0.103425 0.000261188 0.994637 0.144358 -0.00261724 0.989522 0.958743 -0.00205053 0.284265 0.96414 -0.000216232 0.265393 0.998437 0.00174164 -0.0558706 0.995471 -0.00120547 0.0950559 0.993837 0.000249386 0.110854 0.0219805 -0.999757 0.00154727 0.0389696 -0.998959 -0.023698 0.000106222 -1 -0.000113736 7.22766e-05 -1 -0.000139487 9.1796e-05 -1 -8.95044e-05 0 -1 0 0 -1 0 0 -1 0 0 1 0 0 -1 0 0 -1 0 0.0345135 -0.999371 -0.00816365 0 -1 0 0 -1 0 0.0198947 -0.995208 0.0957383 0 -1 0 -0.00852263 -0.999891 0.0120738 -0.0553483 -0.997991 0.0308397 -0.0641063 -0.997555 0.0278453 -0.0735456 -0.9971 0.0195495 0.0434814 -0.995524 0.0839152 0.0419884 -0.999118 0.000957372 -0.062327 -0.996767 0.0507068 -0.0110741 -0.986745 0.161897 0.0220705 -0.998407 0.051933 -0.00449614 -0.99991 0.0126509 0.145763 -0.985341 0.0886406 0.138816 -0.988214 0.0645155 0.175781 -0.983196 0.0492515 0.14888 -0.979814 0.133412 0.0949133 -0.990285 0.101627 -0.747742 0.326933 -0.577925 0.0389373 0.922976 0.382882 0.0803906 0.902185 0.423792 0.351264 0.43538 0.828889 0.497585 0.00163616 0.867414 0.895328 0.0282783 0.44451 0.6578 0.0692058 0.750006 0.627283 0.0687328 0.775752 0.965347 0.252434 0.0661984 0.785531 0.0216827 0.618443 0.886012 0.000830788 0.463662 0.64853 0.022325 0.760862 -0.150284 0.510939 0.846378 -0.374668 0.416998 0.828092 0.512179 0.00314629 -0.858873 -0.943115 0.0387915 0.330196 -0.0344716 0.0770122 0.996434 -0.868224 0.252207 0.427291 -0.930728 4.3519e-05 -0.365713 -0.617772 0.248846 -0.745945 -0.675933 0.0260536 -0.736502 0.4323 0.00911001 -0.901684 0.793415 0.00815969 -0.608626 0.397647 0.917013 -0.0310543 0.951547 0.288607 0.106136 0.942111 0.334913 -0.0160957 0.787408 0.592643 -0.169594 0.976851 0.00368401 -0.213888 0.9112 0.343864 -0.226876 0.927442 0.140788 -0.346454 0.906608 0.101424 -0.409603 0.695747 0.482167 -0.532401 0.771078 0.49794 -0.396855 0.616514 0.640879 -0.457367 0.452653 0.832182 -0.320277 0.406885 0.896698 -0.174292 0.189784 0.882542 -0.430235 0.190499 0.902609 -0.386015 0.199818 0.893628 -0.401872 0.260333 0.406812 -0.875632 0.285069 0.341529 -0.895597 0.267307 0.932804 -0.24171 0.327572 0.824984 -0.460541 -0.242438 0.4723 -0.847441 -0.339261 0.881012 -0.329725 -0.600551 0.778288 -0.183323 -0.981359 0.0209597 -0.191037 -0.98968 0.03259 -0.139538 -0.208388 0.975354 -0.0725229 -0.900559 0.0222335 -0.434166 -0.638949 0.465088 -0.61273 -0.0159106 0.999403 0.0306594 -0.157993 0.970404 0.182633 -0.466945 0.879345 0.0933508 -0.588781 0.503752 0.632116 -0.600997 0.585279 0.54429 -0.56251 0.140098 0.814835 -0.462309 0.333153 0.821754 -0.417679 0.415971 0.807782 -0.369328 0.402324 0.837694 -0.17171 0.799208 0.576005 -0.213039 0.858513 0.466443 0.329477 0.0848095 0.940347 0.432493 0.854881 0.286579 0.613944 0.789135 0.018407 0.62755 0.775702 0.0668443 -0.479593 0.871561 -0.101841 -0.99806 0.0216095 -0.0583881 -0.623427 0.47328 -0.622371 -0.681105 0.470671 -0.56086 -0.684813 0.350471 -0.638906 -0.387508 0.760964 -0.520358 -0.522726 0.26653 -0.809765 -0.353197 0.800586 -0.48406 -0.406656 0.400372 -0.821178 -0.0217332 0.0406583 -0.998937 -0.182919 0.448831 -0.874695 -0.167076 0.294452 -0.940948 0.496579 0.000433558 -0.867991 0.644879 0.722889 -0.248118 0.750066 0.00914497 -0.6613 0.785869 0.00726785 -0.618351 0.0953336 0.0288802 0.995026 0.333031 0.0417003 0.941993 0.137558 0.893875 0.426691 0.241696 0.413738 0.877726 0.0975195 0.333069 0.937846 0.0622009 0.79854 0.598719 -0.0615624 0.75416 0.653799 -0.0387997 0.368509 0.928814 -0.0723174 0.342578 0.936702 -0.272879 0.331749 0.903039 -0.0630673 0.954534 0.291355 -0.822365 0.169293 0.543191 0.837835 0.0153855 -0.545707 -0.566885 0.813367 0.130673 -0.844052 0.446994 0.296265 -0.941777 0.019141 0.335694 -0.814741 0.533 0.228271 -0.981604 0.00772799 0.190772 -0.998354 0.0115094 0.0561864 0.0554437 0.998459 -0.00239938 0.0670029 0.994525 -0.080194 0.0602619 0.994699 0.0833169 0.0192315 0.992866 0.117671 0.0988237 0.99383 -0.0503634 -0.028702 0.997812 -0.0595611 0.000996697 0.998771 -0.0495441 -0.0798581 0.996552 0.0224908 -0.098831 0.994107 0.0445492 0.0513332 0.998676 0.00341739 0.00298766 0.990214 0.139524 -0.00583659 0.999983 -0.000584522 -0.0349168 0.998502 -0.0421208 0.121303 0.99154 0.0462068 -0.228429 0.968056 -0.103382 -0.0869962 0.996145 -0.0112376 -0.0309679 0.997226 0.0676863 -0.102369 0.987476 0.120051 0.0518724 0.996059 -0.0719409 0.102757 0.971304 0.214496 0.00067249 0.99308 -0.117441 0.00957794 0.99713 -0.0750969 0.902236 0.428577 0.0478676 0 1 0 -0.486896 0.689618 -0.536059 0 1 0 -0.938105 0.000733631 -0.346351 0.582374 -0.121447 0.803798 0.290421 -0.00353115 0.956893 -0.675537 0.0189822 0.737082 -0.62433 -0.0213877 0.780868 0.275463 0.351918 0.89458 0.0491819 0.997601 0.048708 0 1 0 0.0630001 0.162722 -0.984659 0.580009 1.74837e-05 0.81461 0.957162 0.0335065 -0.287607 0.957925 0.0352563 -0.284846 0.0102254 0.205288 -0.978648 0.817978 0.191317 -0.542504 0.577596 0.0443436 -0.815118 -0.400632 -0.0102215 -0.916182 -0.478584 0.0337014 -0.877395 -0.975962 -0.0400093 -0.214239 -0.989076 0.0527047 -0.137663 0.590818 0.806788 -0.00518758 -0.00480266 0.999985 0.0025754 9.09613e-05 1 0.000166761 1.8536e-05 1 -3.47251e-06 0.123599 0.985532 -0.115972 -0.557872 -0.00386854 0.829918 -0.466214 0.293168 0.834684 -0.231225 0.16584 -0.958662 -0.466986 0.098595 -0.878751 -0.95391 0.241084 0.178704 -0.850706 0.00732217 0.525591 -0.216308 0.966416 0.138751 0.240677 0.96416 0.111671 0.956954 0.0170994 -0.289734 0.751132 0.418651 -0.510423 0.430059 0.0670741 0.900306 0.499893 0.0047439 0.866074 0.569027 -0.10885 -0.815083 0.797917 0.135919 -0.587243 0.836266 -0.425092 -0.346347 0.891744 0.4519 -0.024056 0.919735 -0.0841371 0.383416 0.509103 0.150016 0.847531 0.198932 -0.314182 0.928286 0.238909 0.0582408 0.969294 0.621552 -0.0933759 0.777788 0.875798 0.210221 -0.434494 0.502974 0.228245 -0.833619 -0.114506 0.186381 -0.975782 -0.509081 0.0625517 -0.858443 -0.6246 0.158157 -0.764762 -0.991305 0.128129 -0.0299651 -0.944998 -0.263528 -0.193734 -0.943153 0.142284 0.300364 -0.845745 -0.0675336 0.529297 -0.67705 0.198482 0.708667 -0.175316 0.112854 0.978023 0.145011 -0.0649942 0.987293 -0.814705 0.144161 0.56167 0.01541 -0.397141 0.917628 0.320874 -0.310679 -0.894717 0.950861 -0.256032 -0.174102 0.692769 0.579905 -0.428698 0.949531 0.271857 -0.156476 0.716008 -0.447683 -0.535641 -0.20275 -0.977757 -0.0537033 -0.37732 -0.362398 0.852231 -0.756674 0.34197 -0.557226 -0.823168 -0.55434 0.122887 -0.987851 -0.151753 -0.0334847 -0.409896 0.530509 0.741988 -0.637047 -0.333778 0.694812 0.890773 0.221731 -0.396686 0.780813 0.470532 0.411013 0.338039 -0.0394369 0.940306 0.327994 -0.504672 -0.798578 0.707838 -0.243601 -0.663041 0.561577 -0.476201 0.676656 -0.290864 -0.855727 -0.427936 -0.591762 -0.578707 -0.561174 -0.641975 0.766222 0.0277705 -0.708664 0.0288417 -0.704957 -0.813939 0.253184 0.522877 -0.65343 -0.51532 -0.554504 -0.863648 -0.413955 0.287667 -0.955438 0.117809 0.270665 0.920459 -0.0119672 0.390657 0.922281 0.0457333 0.383805 0.888332 -0.0657307 -0.454472 0.540409 0.0956351 -0.83595 0.333603 0.162841 0.928543 0.844751 0.265911 0.464421 0.752145 0.50634 -0.42178 0.858824 -0.497835 0.120757 0.339323 0.846206 -0.410848 -0.474663 0.165944 -0.864383 -0.623604 0.749673 -0.221604 -0.982551 -0.180832 0.0435232 -0.964212 0.264184 0.0224093 -0.460704 -0.0884126 0.883139 -0.183255 -0.0295562 -0.982621 -0.822487 0.11505 -0.557026 -0.000183508 -1 5.84414e-05 0.000755292 -1 -0.00040208 0.000948428 -1 -0.000249409 -0.000181818 -1 -0.000243606 0.000258724 -1 -5.37064e-05 0.000483698 -0.999999 -0.00092118 0 -1 0 0.000224902 -1 -0.000176881 -0.000292939 -1 -6.8097e-05 -0.00055527 -1 -0.00012709 0.000229642 -1 -0.000706182 -0.000229195 -1 -0.000607044 0.00546608 -0.999978 -0.00376335 0.00531249 -0.999982 0.00273655 0.00496532 -0.999982 0.00346798 -0.00348542 -0.999945 0.00986796 -0.000103238 -1 0.000429284 -0.00340446 -0.999994 -0.00112101 7.85381e-06 -1 7.0495e-06 0 -1 0 -0.000219424 -1 -0.000553401 -0.000259739 -1 0.000238943 7.77701e-05 -1 0.000230721 0.000150008 -1 0.000205404 4.86456e-05 -1 0.000197363 0.000425796 -1 -5.07463e-05 0 -1 0 0.00444762 -0.999989 0.00162215 -0.000691356 -0.999996 0.00284981 -0.0012485 -0.999996 0.00273384 -0.00169784 -0.999996 0.00236616 0.000110012 -1 -0.000230816 6.40311e-05 -1 -0.000407965 2.86291e-05 -1 -9.75015e-05 0.000137398 -1 1.67377e-05 0.000109453 -1 -6.68889e-05 9.84026e-05 -1 9.3963e-06 -0.000183841 -1 0.000446343 -0.000644699 -0.999998 -0.00173301 -0.000745946 -0.999996 0.00278691 -0.000357867 -0.999999 0.00118627 -0.000995453 -0.999999 -0.000257392 -0.000999574 -0.999999 -0.000413715 -0.00101051 -0.999999 -0.000389237 -0.000673256 -1 -0.000641948 0.806136 -0.0129862 -0.591587 0.865197 -0.441521 0.237682 -0.444718 -0.00137286 0.89567 -0.729627 -0.00735686 -0.683806 -0.374731 -0.281598 0.883334 0.249594 0.18663 0.950196 0.000518614 0.015089 -0.999886 0.39997 0.0977896 -0.911296 0.00495624 0.0438836 -0.999024 0.188612 -0.0594137 -0.980253 -0.188871 0.069432 -0.979544 -0.248696 -0.218442 -0.943628 0 -1 0 0 -1 0 0 -1 0 0 -1 0 0 -1 0 0 -1 0 0 -1 0 0 -1 0 0 -1 0 0 -1 0 0 -1 0 0 -1 0 0 -1 0 0 -1 0 0 -1 0 0 -1 0 0 -1 0 0 -1 0 0 -1 0 0 -1 0 0 -1 0 0.990686 0 -0.136167 0.990686 0 -0.136167 0.917211 0 -0.398401 0.917211 0 -0.398401 0.775711 0 -0.631088 0.775711 0 -0.631088 0.57668 0 -0.81697 0.57668 0 -0.81697 0.334879 0 -0.942261 0.334879 0 -0.942261 0.0682426 0 -0.997669 0.0682426 0 -0.997669 -0.203456 0 -0.979084 -0.203456 0 -0.979084 -0.460065 0 -0.887885 -0.460065 0 -0.887885 -0.682553 0 -0.730836 -0.682553 0 -0.730836 -0.854419 0 -0.519584 -0.854419 0 -0.519584 -0.962917 0 -0.269797 -0.973132 -0.00556973 -0.23018 -0.999739 0.00155195 -0.0227949 -0.999739 -0.00155195 0.0227949 -0.973132 0.00556973 0.23018 -0.962917 0 0.269797 -0.854419 0 0.519584 -0.854419 0 0.519584 -0.682553 0 0.730836 -0.682553 0 0.730836 -0.460065 0 0.887885 -0.460065 0 0.887885 -0.203456 0 0.979084 -0.203456 0 0.979084 0.0682426 0 0.997669 0.0682426 0 0.997669 0.334879 0 0.942261 0.334879 0 0.942261 0.57668 0 0.81697 0.57668 2.39772e-08 0.81697 0.775711 -1.44312e-08 0.631088 0.775711 0 0.631088 0.917211 0 0.398401 0.917211 0 0.398401 0.990686 0 0.136167 0.990686 0 0.136167 0.400076 -0.883655 0.243093 0.126208 -0.984914 -0.118391 0 -1 0 0 -1 0 0 -1 0 0 -1 0 0 -1 0 0 -1 0 0 -1 0 0 -1 0 0 -1 0 0 -1 0 0.223061 -0.925526 -0.306014 0 -1 0 0.469645 -0.879115 0.0811861 0 -1 0 0.369972 -0.622693 0.689474 0.538599 -0.642775 0.544748 0 -1 0 0 -1 0 -0.385913 -0.497639 0.776805 0 -1 0 -0.161441 -0.847198 -0.506154 0 -1 0 0 -1 0 0 -1 0 0.227747 -0.956362 -0.183037 -0.588239 -0.521071 0.618433 0 -1 0 -0.456142 -0.888966 -0.0409109 0 -1 0 -0.470647 -0.525362 -0.708863 0 1 0 0 1 0 0 1 0 0 1 0 0 1 0 0 1 0 0 1 0 0 1 0 0 1 0 0 1 0 0 1 0 0 1 0 0 1 0 0 1 0 0 1 0 0 1 0 0 1 0 0 1 0 0 1 0 0 1 0 0 1 0 0 1 0 0 1 0 0 1 0 0 1 0 0 1 0 -0.955802 0.0302549 0.29245 -0.769828 -0.0755961 0.633759 -0.641925 0.0354913 0.765946 -0.0578998 -0.0917107 0.994101 -0.103151 -0.05309 0.993248 0.443275 0.023198 0.896086 0.595962 -0.0632618 0.800516 0.886671 0.0291433 0.461482 0.934896 -0.0248022 0.354054 0.984925 0.121472 -0.123153 0.930475 -0.0285244 -0.365245 0.731308 0.0231979 -0.681653 0.546737 -0.0908877 -0.832357 0.323877 -0.00538693 -0.946084 -0.108934 -0.034376 -0.993454 -0.00713534 0.034376 -0.999384 -0.543526 -0.00355345 -0.839385 -0.641056 0.0629397 -0.764909 -0.862595 -0.0302547 -0.50499 -0.955045 0.049976 -0.292218 -0.996692 -0.0499759 0.0640925 0 1 0 0 1 0 0 1 0 0 1 0 0 1 0 0 1 0 0 1 0 0 1 0 0 1 0 0 1 0 0 1 0 0 1 0 0 1 0 0 1 0 0 1 0 0 1 0 0 1 0 0 1 0 0 1 0 0 1 0 0 1 0 0 1 0 0 1 0 0 1 0 0 1 0 0 1 0 0 1 0 0 1 0 0 1 0 0 1 0 0 1 0 0 1 0 0 1 0 0 1 0 0 1 0 -0.971533 0.0217963 0.235901 -0.725528 -0.0358811 0.687257 -0.756197 -0.0669458 0.650911 -0.370111 0.0121567 0.928908 -0.208429 -0.0349049 0.977414 -0.0179277 0.00814722 0.999806 0.360555 -0.0350146 0.932081 0.425034 0 0.905178 0.715663 0 0.698446 0.715663 0 0.698446 0.948149 0 0.317827 0.95494 0.00838935 0.296682 0.998816 -0.00137501 -0.0486261 0.998676 0 -0.0514427 0.849076 0 -0.528271 0.874798 -0.0199837 -0.484076 0.700599 -0.00407367 -0.713544 0.514736 -0.0690182 -0.854566 0.313869 0.017559 -0.949304 0.00567482 -0.0175589 -0.99983 -0.0392468 0 -0.99923 -0.481528 0 -0.876431 -0.436006 -0.0199838 -0.899722 -0.674568 -0.00407372 -0.738202 -0.757932 -0.0378374 -0.651235 -0.856857 0 -0.515554 -0.968191 0 -0.250211 -0.973139 0.00698712 -0.23011 -0.987759 -0.0147704 0.155285 0 -1 0 0 -1 0 0 -1 0 0 -1 0 0 -1 0 0 -1 0 0 -1 0 0 -1 0 0 1 0 0 1 0 0 1 0 0 1 0 0 1 0 0 1 0 0 1 0 0 1 0 0 1 0 0 1 0 0 1 0 0 1 0 0 1 0 0 1 0 0 1 0 0 1 0 0 1 0 -0.99755 2.99126e-09 0.0699582 -0.910428 1.75757e-08 0.413669 -0.910428 0 0.413668 -0.740439 0 0.672124 -0.686195 0.0117245 0.727324 -0.431524 -0.00393205 0.902093 -0.360029 0.00393205 0.932933 -0.135172 -0.00786388 0.990791 -0.058145 0 0.998308 0.173648 0 0.984808 0.249282 0.00786392 0.968399 0.465902 -0.00393202 0.884828 0.533332 0.00393204 0.845897 0.714017 -0.0078639 0.700084 0.766044 0 0.642788 0.893633 0 0.448799 0.893633 0 0.448799 0.984783 0 0.17379 0.989093 0.0037432 0.147244 0.989093 -0.0037432 -0.147244 0.984783 0 -0.17379 0.893633 0 -0.448799 0.856221 0.0078639 -0.51655 0.714034 -0.00393205 -0.7001 0.657398 0.00393204 -0.753533 0.465891 -0.00786389 -0.884807 0.323872 0.0078639 -0.946068 0.0969657 -0.00393205 -0.99528 -0.0581408 0.0117245 -0.99824 -0.286783 -0.0117245 -0.957924 -0.431524 0.00393205 -0.902093 -0.627914 -0.00786391 -0.778243 -0.686242 0 -0.727374 -0.835488 0 -0.549509 -0.835488 0 -0.549509 -0.963329 0 -0.268323 -0.969054 0.00337241 -0.246828 -0.999234 -0.00393206 0.0389312 0.0601222 -0.75924 -0.648028 -0.765837 -0.144133 0.626673 0.765837 0.144133 -0.626673 -0.845792 0.0468515 0.531452 0.845792 -0.0468515 -0.531452 -0.471965 -0.881157 -0.0284842 -0.994142 0.0557282 -0.092612 -0.579632 0.0382668 -0.813979 -0.356891 -0.499051 -0.789669 0.284286 -0.0700483 -0.956177 0.654285 -0.000619727 0.756248 0.689791 0.0389583 0.72296 0.961299 -0.0482759 0.271246 0.973227 -0.00548601 0.22978 -0.345777 -0.0541821 0.936751 -0.2763 0 0.961072 0.0793351 0 0.996848 0.226579 0.073967 0.97118 0.474425 -0.0352725 0.879589 -0.988713 -0.07891 0.127354 -0.935417 0.00587503 0.353497 -0.739676 -0.113603 0.663306 -0.661478 -0.00379097 0.749955 -0.692095 -0.0458392 -0.720349 -0.862299 0.0452313 -0.504375 -0.940585 -0.0303716 -0.338197 0.312965 -0.076883 -0.946648 0.281177 -0.0415275 -0.958757 -0.194802 -0.00348744 -0.980836 -0.278541 -0.0600364 -0.958546 0.985865 -0.0800236 -0.147198 0.965495 0 -0.260422 0.776547 0 -0.630059 0.728764 0.0526423 -0.682738 -0.606345 -0.683986 -0.405597 -0.506144 -0.779872 0.368263 -0.434929 0.898519 0.0591659 -0.409804 0.279154 0.868409 0.0616419 0.929 -0.364909 -0.0254249 -0.402605 -0.915021 0.661587 -0.723988 -0.195303 0.540066 0.257563 0.801243 0.638759 0.742852 0.200392 0.54032 -0.760892 0.3593 0.0398845 -0.00165821 -0.999203 -0.0581221 0.00241644 -0.998307 -0.215626 -0.93647 -0.27664 -0.129883 0.621443 -0.772618 -0.09647 -0.991534 -0.0869137 0.0703451 -0.188367 -0.979576 0.111378 0.743475 0.659424 -0.253271 -0.511342 0.821208 -0.0476587 0.149626 -0.987593 0.140984 -0.0528838 -0.988598 0.999999 0.000865454 -0.000933508 1 -7.5025e-06 4.45521e-06 1 7.34396e-06 7.16589e-06 0.999999 -0.00109041 -0.00103601 1 3.17013e-06 4.17355e-07 0.999999 0.00132995 0.000100104 1 -2.52722e-07 -1.48647e-06 0.999999 -0.00128576 0.000194448 0.0280151 0.91048 -0.412604 0.136343 0.386452 -0.912176 0.0685805 -0.167215 -0.983532 -0.067005 0.0819272 -0.994383 0.171065 -0.626073 -0.760769 -0.0387687 -0.291703 -0.955723 0.163298 -0.979988 -0.113829 0.17883 -0.845964 0.502359 -0.0337085 -0.920173 0.390058 0.176841 -0.376049 0.909568 0.00235729 -0.599507 0.800366 -0.167517 0.0075057 0.985841 0.100656 0.230891 0.967759 0.170604 0.705238 0.688138 -0.0372066 0.621107 0.782842 0.0258045 0.991115 0.130483 -0.0194657 0.986833 0.160566 -0.348679 -0.842509 -0.410611 -0.270929 -0.265489 -0.925264 0.784907 0.0508776 -0.617521 0.350877 0.473883 -0.807664 0.00702546 0.466381 -0.884556 0.0450614 0.91366 -0.403973 0.00203665 0.00193746 -0.999996 0.999941 -0.0015423 -0.0107462 -0.00246897 -0.88881 -0.45827 -0.000626664 -0.785753 -0.618541 -0.00260266 -0.654859 -0.755747 0.000457748 -0.690965 -0.722888 -0.0011685 -0.492016 -0.870585 0.000757478 -0.600964 -0.799276 -0.000163385 -0.5 -0.866025 0.000115823 -0.358022 -0.933713 -0.00233935 -0.327062 -0.945 0.0012159 -0.234059 -0.972222 -0.00102777 -0.125156 -0.992137 -0.000191433 0.0394251 -0.999223 0.000848432 0.174827 -0.984599 -0.00269834 0.234617 -0.972084 0.000792979 0.637836 -0.770172 -0.00255803 0.580251 -0.814434 -0.0023966 0.842557 -0.538602 4.40914e-05 0.829372 -0.558697 -5.56714e-05 0.723734 -0.690079 -0.00125637 0.73119 -0.682173 -0.000744308 0.981972 0.189027 -0.00252594 0.928365 0.371661 -0.000679539 0.938199 0.346095 4.94459e-05 0.834409 0.551146 -0.00112876 0.841253 0.540641 0.000823752 0.897229 0.441565 -3.98387e-05 0.741994 0.670406 -0.00216643 0.723732 0.690077 0 0.675279 0.737563 0 0.624507 0.781019 -0.00256909 0.580055 0.814573 0.000395313 0.542344 0.840156 -0.000546521 0.415415 0.909632 -0.000808806 0.417694 0.908587 0.000673177 0.174827 0.984599 -0.00264102 0.235758 0.971808 0.000572733 0.28926 0.95725 -0.000943698 0.0454966 0.998964 -0.000729031 0.0475819 0.998867 0 -0.0405 0.99918 0 -0.107147 0.994243 -0.00261724 -0.144358 0.989522 -0.000712246 -0.785855 0.618411 0.00119374 -0.659392 0.751798 0.000516971 -0.863758 0.503907 -0.00262664 -0.888833 0.458225 0.00071744 -0.917023 0.398834 -0.000266328 -0.959493 0.281733 -0.00107985 -0.961585 0.274506 -0.00139998 -0.995671 0.0929416 0.000249386 -0.993837 0.110854 -0.989879 -0.0942645 -0.106086 -0.998959 -0.0389696 -0.023698 -0.989589 -0.0982351 -0.105184 -0.987074 -0.0737323 -0.142297 -0.993568 -0.0810791 -0.0790551 -1 0 0 -1 0 0 -1 0 0 1 0 0 -1 0 0 -1 0 0 -0.999371 -0.0345135 -0.00816365 -1 0 0 -1 0 0 -1 0 0 -0.999891 0.00852263 0.0120738 -0.997991 0.0553483 0.0308397 -0.997555 0.0641063 0.0278453 -0.9971 0.0735456 0.0195495 -0.986745 0.0110741 0.161897 -0.998407 -0.0220705 0.051933 -0.99991 0.00449614 0.0126509 -0.995524 -0.0434814 0.0839152 -0.995208 -0.0198947 0.0957384 -0.996767 0.062327 0.0507068 -0.999118 -0.0419884 0.000957372 -0.990285 -0.0949133 0.101627 -0.985341 -0.145763 0.0886406 -0.979814 -0.14888 0.133412 -0.988214 -0.138816 0.0645155 -0.983196 -0.175781 0.0492515 0.326933 0.747742 -0.577925 0.724541 -0.370816 0.580978 -0.00213579 -0.952894 0.303295 0.0686162 -0.954306 0.290848 0.11245 0.143905 0.983182 0.011821 -0.497551 0.867354 0.418423 -0.871555 0.255565 0.429343 -0.868448 0.247918 0.00770339 -0.749112 0.662399 0.0103198 -0.714667 0.699389 0.310745 -0.838493 0.447625 0.337837 -0.812973 0.47428 0.342195 -0.861661 0.374756 0.00986741 -0.404748 0.914375 0.248726 0.169332 0.953657 0.228556 0.406639 0.884538 0.281806 0.599197 0.749365 0.458358 0.600166 0.655522 0.538946 0.584274 0.606763 0.532182 0.628195 0.567586 0.0892426 0.893649 0.439804 4.3519e-05 0.930728 -0.365713 0.398761 0.584931 -0.70629 0.0154169 0.524795 -0.851089 0.0125507 -0.0522699 -0.998554 0.0061831 -0.0138783 -0.999885 0.28099 -0.343598 -0.896094 0.3552 -0.277435 -0.892672 0.440547 -0.539503 -0.717534 0.0129595 -0.695618 -0.718295 0.012938 -0.994726 -0.101753 0.929733 -0.365658 -0.0434781 0.288607 -0.951547 0.106136 0.0157963 0.738872 -0.673661 0.0244428 -0.999287 -0.028771 0.604398 -0.781021 -0.15719 0.00276649 -0.960437 -0.278484 0.00539146 -0.945648 -0.325146 0.910434 -0.352484 -0.216482 0.812677 -0.242461 -0.529877 0.778292 -0.288598 -0.557649 0.350788 -0.279641 -0.893728 0.514474 0.144741 -0.845202 0.76717 0.276121 -0.578971 0.850336 0.200165 -0.486686 0.914718 0.0685823 -0.39823 0.962873 0.191478 -0.190295 0.790682 0.536166 -0.295548 0.801963 0.513601 -0.305073 0.0209597 0.981359 -0.191037 0.0288655 0.987316 -0.156119 0.991838 0.091127 -0.0891798 0.587799 0.681842 -0.435412 0.543468 0.74512 -0.386575 0.985659 0.00730825 0.168593 0.988734 0.0865066 0.122152 0.866506 0.498137 0.0320461 0.540418 0.63976 0.546495 0.440515 0.670514 0.596957 0.189593 0.532508 0.824918 0.349314 0.453369 0.820022 0.601929 0.330598 0.726902 0.97379 0.198763 0.110574 0.911489 0.141169 0.38634 0.8319 -0.458773 0.312202 0.738079 -0.651787 0.174395 0.775702 -0.62755 0.0668443 0.768999 -0.462328 0.441467 0.01866 0.99812 -0.0583833 0.36836 0.71653 -0.592364 0.342862 0.68687 -0.640824 0.471056 0.505702 -0.722753 0.0141464 0.349973 -0.936653 0.689565 0.396923 -0.605766 0.019442 0.416331 -0.909005 0.431141 0.180162 -0.884115 0.330627 0.164995 -0.929227 0.761154 -0.333023 -0.556543 0.275411 -0.472988 -0.836917 0.390422 -0.534608 -0.74951 0.346214 -0.648232 -0.678182 0.780825 -0.391953 -0.486502 0.0806951 0.00782745 0.996708 0.0116026 -0.333301 0.942749 0.91911 -0.0826637 0.385231 0.671292 -0.268797 0.690735 0.388692 -0.0987215 0.916063 0.525852 -0.146698 0.83783 0.173514 -0.195125 0.965308 0.145874 -0.0400668 0.988492 0.661189 0.0796562 0.745978 0.544466 -0.0413859 0.837761 0.144121 0.121977 0.982014 0.227529 0.0443033 0.972763 0.908493 0.0125872 0.41771 0.556343 0.237191 0.796381 0.311471 0.225825 0.923033 0.240453 0.280774 0.929166 0.984221 0.00385467 0.1769 0.284155 0.800013 0.528427 0.935773 0.224698 -0.271734 0.652786 0.745954 0.131997 0.0120689 0.998046 0.0613128 0.0120545 0.998348 0.056187 0.961373 -0.0950755 0.258309 0.996395 -0.0610573 0.0588945 0.993937 -0.0666634 -0.0874351 0.994779 0.00253801 0.102018 0.995713 -0.00493619 0.092364 0.995528 -0.0848824 -0.0414682 1 0 0 0.990107 -0.137007 0.0302964 0.994672 0.100502 0.0229652 0.993181 0.110417 0.037411 0.99108 -0.129932 0.0296308 0.995075 -0.0772911 -0.0620677 0.999158 0.024885 -0.0326119 0.998493 -0.00113198 0.0548615 0.996939 -0.0589496 0.0513527 0.828035 0.486779 -0.278217 0.992511 -0.106052 0.0606139 0.983351 0.10518 0.148183 0.992028 0.082739 0.0950556 0.996142 -0.0512834 -0.0712086 0.99388 -0.0665821 -0.0881413 0.976026 -0.0979591 0.194365 0.985968 -0.081317 0.145788 0.999998 0.000345242 0.00209045 0.994356 0.0159414 -0.104887 0.428577 -0.902236 0.0478676 1 0 0 0.977055 0.143202 -0.157661 1 0 0 -0.338484 0.940971 0.00113176 7.40779e-05 0.948561 -0.316593 -0.121447 -0.582374 0.803798 -0.00353115 -0.290421 0.956893 0.0323357 0.675305 0.73683 -0.0211421 0.606152 0.795068 0.829636 0.0286227 0.557571 1 0 0 0.495808 0.392825 -0.774508 -0.00208694 -0.530547 0.847653 0.0335065 -0.957162 -0.287607 0.0657127 -0.969485 -0.236182 0.0819417 -0.159911 -0.983725 -0.00916578 0.836636 -0.547682 0.0171394 -0.929912 -0.367383 0.0372551 -0.00856004 -0.999269 0.15351 0.191448 -0.969424 -0.205754 0.939195 -0.274915 0.0125434 0.985316 -0.170282 0.99662 -0.0704009 -0.0423447 0.999995 -0.00062224 0.00315081 0.448029 -0.893076 0.0410646 1 -1.8536e-05 -3.47251e-06 0.985532 -0.123599 -0.115972 -0.00386854 0.557872 0.829918 0.293168 0.466214 0.834684 0.16584 0.231225 -0.958662 -0.0391951 0.810598 -0.58429 0.0939396 0.978554 0.183321 0.0117974 0.931388 0.363837 0.997025 -0.0684202 -0.0354935 0.312159 0.650849 0.692064 -0.132018 -0.287021 0.948783 0.205646 -0.930456 0.30325 0.0704276 -0.997438 0.0125564 0.507186 -0.590725 -0.62754 -0.425092 -0.836266 -0.346347 0.609285 -0.790812 0.0582078 -0.232545 -0.902737 0.361924 0.348171 -0.598617 0.721412 -0.314182 -0.198932 0.928286 0.0582408 -0.238909 0.969294 -0.100324 -0.637046 0.764269 -0.0463328 -0.66241 0.747707 0.0467308 -0.96565 0.25561 0.210221 -0.875798 -0.434494 0.154086 -0.510487 -0.845967 0.106555 0.115929 -0.987525 -0.0265988 0.389504 -0.920641 0.158157 0.6246 -0.764762 0.128129 0.991305 -0.0299651 -0.263528 0.944998 -0.193734 0.142284 0.943153 0.300364 -0.0675336 0.845745 0.529297 0.198482 0.67705 0.708667 0.112854 0.175316 0.978023 -0.0649942 -0.145011 0.987293 0.144161 0.814705 0.56167 -0.397141 -0.01541 0.917628 -0.430267 -0.260156 -0.864401 -0.396876 -0.870316 -0.291614 0.469448 -0.855079 -0.220132 -0.11675 -0.850983 -0.512053 -0.977757 0.20275 -0.0537033 -0.362398 0.37732 0.852231 0.34197 0.756674 -0.557226 -0.55434 0.823168 0.122887 -0.151753 0.987851 -0.0334847 0.530509 0.409896 0.741988 -0.333778 0.637047 0.694812 0.221731 -0.890773 -0.396686 0.470532 -0.780813 0.411013 -0.0394369 -0.338039 0.940306 0.305979 -0.372989 -0.875931 -0.476201 -0.561577 0.676656 -0.855727 0.290864 -0.427936 -0.578707 0.591762 -0.561174 0.766222 0.641975 0.0277705 0.0288417 0.708664 -0.704957 0.253184 0.813939 0.522877 -0.51532 0.65343 -0.554504 -0.413955 0.863648 0.287667 0.117809 0.955438 0.270665 -0.0119672 -0.920459 0.390657 0.0457333 -0.922281 0.383805 0.129657 -0.898489 -0.419413 -0.120931 -0.566134 -0.815394 0.162841 -0.333603 0.928543 0.265911 -0.844751 0.464421 -0.497835 -0.858824 0.120757 0.282368 0.20522 -0.937098 0.749673 0.623604 -0.221604 -0.180832 0.982551 0.0435232 0.264184 0.964212 0.0224093 -0.0884126 0.460704 0.883139 -0.0186433 0.238654 -0.970926 0.11505 0.822487 -0.557026 -1 0.000183508 5.84414e-05 -0.999999 -0.000483698 -0.00092118 -1 -0.000237226 -0.000451784 -1 0.000236476 -7.69506e-05 -0.999999 -0.00149253 -0.000434284 -0.999999 0.000652139 -0.000951856 -1 7.02786e-06 9.8471e-05 -1 0 0 -1 4.89468e-05 8.51052e-05 -1 -2.96163e-05 3.34299e-05 -1 0.000118005 0.000445483 -1 -0.00013793 -0.000151729 -1 -5.03645e-05 -0.000243713 -1 -0.000109453 -6.68889e-05 -1 -9.84026e-05 9.3963e-06 -1 -8.78163e-05 2.57852e-05 -0.999998 0.00197468 -5.66493e-06 -1 -8.08378e-05 -0.000543793 -1 -0.000178394 -0.000523486 -1 -0.000808156 -1.70093e-05 -1 -1.0827e-05 -1.87529e-05 -1 -1.47747e-05 -1.70509e-05 -1 -0.000232919 0.000242708 -1 -0.000135674 -0.000131947 -0.999998 0.000644699 -0.00173301 -0.999996 0.000745946 0.00278691 -0.999999 0.000357867 0.00118627 -0.999999 0.000995453 -0.000257392 -0.999999 0.000999574 -0.000413715 -0.999999 0.00101051 -0.000389237 -1 0.000673256 -0.000641948 -0.999994 0.0034013 -0.00112431 -1 0 0 -1 0 0 -1 0 0 -1 -2.37078e-05 -0.000432208 -1 -7.77701e-05 0.000230721 -1 -0.000150008 0.000205404 -1 -4.86456e-05 0.000197363 -1 -0.000425796 -5.07463e-05 -1 0 0 -0.999989 -0.00444762 0.00162215 -0.999996 0.000691356 0.00284981 -0.999996 0.0012485 0.00273384 -0.999996 0.00168969 0.00237283 -0.0921231 -0.76601 -0.636193 -0.312354 -0.946175 0.0847833 -0.00137286 0.444718 0.89567 -0.00735686 0.729627 -0.683806 -0.281598 0.374731 0.883334 0.18663 -0.249594 0.950196 -0.0341103 -0.12623 -0.991414 0.109985 -0.311445 -0.943878 -0.0606797 0.218303 -0.973993 -1 0 0 -1 0 0 -1 0 0 -1 0 0 -1 0 0 -1 0 0 -1 0 0 -1 0 0 -1 0 0 -1 0 0 -1 0 0 -1 0 0 -1 0 0 -1 0 0 -1 0 0 -1 0 0 -1 0 0 -1 0 0 -1 0 0 -1 0 0 -1 0 0 0 -0.990686 -0.136167 0 -0.990686 -0.136167 0 -0.917211 -0.398401 0 -0.917211 -0.398401 0 -0.775711 -0.631088 0 -0.775711 -0.631088 0 -0.57668 -0.81697 0 -0.57668 -0.81697 0 -0.334879 -0.942261 0 -0.334879 -0.942261 0 -0.0682426 -0.997669 0 -0.0682426 -0.997669 0 0.203456 -0.979084 0 0.203456 -0.979084 0 0.460065 -0.887885 0 0.460065 -0.887885 0 0.682553 -0.730836 0 0.682553 -0.730836 0 0.854419 -0.519584 0 0.854419 -0.519584 0 0.962917 -0.269797 -0.00556973 0.973132 -0.23018 0.00155195 0.999739 -0.0227949 -0.00155195 0.999739 0.0227949 0.00556973 0.973132 0.23018 0 0.962917 0.269797 0 0.854419 0.519584 0 0.854419 0.519584 0 0.682553 0.730836 0 0.682553 0.730836 0 0.460065 0.887885 0 0.460065 0.887885 0 0.203456 0.979084 0 0.203456 0.979084 0 -0.0682426 0.997669 0 -0.0682426 0.997669 0 -0.334879 0.942261 0 -0.334879 0.942261 0 -0.57668 0.81697 2.39772e-08 -0.57668 0.81697 -1.44312e-08 -0.775711 0.631088 0 -0.775711 0.631088 0 -0.917211 0.398401 0 -0.917211 0.398401 0 -0.990686 0.136167 0 -0.990686 0.136167 -1 0 0 -0.974539 -0.191619 0.116431 -0.993598 -0.0823931 -0.0772899 -0.869579 -0.48982 -0.0625136 -0.950355 -0.224805 0.215147 -1 0 0 -1 0 0 -1 0 0 -1 0 0 -1 0 0 -1 0 0 -1 0 0 -0.920374 -0.0847642 -0.381741 -1 0 0 -0.780608 -0.615887 0.106467 -0.973901 0.165537 0.155285 -0.925526 -0.153485 0.346184 -1 0 0 -0.495308 0.386506 0.777999 -1 0 0 -1 0 0 -1 0 0 -1 0 0 -1 0 0 -1 0 0 -1 0 0 -1 0 0 -0.509837 0.475842 0.716687 -1 0 0 -1 0 0 -0.973468 0.221786 0.0563183 -1 0 0 -0.626514 0.39135 -0.674036 1 0 0 1 0 0 1 0 0 1 0 0 1 0 0 1 0 0 1 0 0 1 0 0 1 0 0 1 0 0 1 0 0 1 0 0 1 0 0 1 0 0 1 0 0 1 0 0 1 0 0 1 0 0 1 0 0 1 0 0 1 0 0 1 0 0 1 0 0 1 0 0 1 0 0 0.0142982 0.968646 0.248034 -0.153753 0.852179 0.500152 -0.0980161 0.271275 0.957498 -0.0107733 0.565445 0.824716 0.0215427 0.359948 0.932724 -0.0215427 0.211808 0.977074 0.0107732 -0.0192338 0.999757 -0.0460592 -0.223425 0.973632 0.0335043 -0.442159 0.896311 -0.0504983 -0.693199 0.718975 0.0469596 -0.824397 0.564061 -0.0935962 -0.959989 0.263934 -0.00889762 -0.971399 -0.237287 -0.025591 -0.960571 -0.276855 0.0107732 -0.856198 -0.516536 -0.0107732 -0.813414 -0.581585 0.0215427 -0.657251 -0.753364 -0.049976 -0.44284 -0.895207 0.0302547 -0.224633 -0.973974 -0.0335043 0.00713555 -0.999413 0.0460591 0.237305 -0.970343 -0.0873102 0.663951 -0.742662 -0.0378639 0.721938 -0.690921 -0.0210409 0.956028 -0.292519 -0.114763 0.984872 -0.129833 1 0 0 1 0 0 1 0 0 1 0 0 1 0 0 1 0 0 1 0 0 1 0 0 1 0 0 1 0 0 1 0 0 1 0 0 1 0 0 1 0 0 1 0 0 1 0 0 1 0 0 1 0 0 1 0 0 1 0 0 1 0 0 1 0 0 1 0 0 1 0 0 1 0 0 1 0 0 1 0 0 1 0 0 1 0 0 1 0 0 1 0 0 1 0 0 -0.0221383 0.990065 0.138857 0.00554876 0.802127 0.597128 -0.00554876 0.789954 0.613141 0.0261532 0.325402 0.945214 -0.0261532 0.413782 0.91 -0.00407367 0.0179282 0.999831 -0.057138 -0.171418 0.98354 0.0323651 -0.424811 0.904703 -0.028604 -0.718748 0.694682 0.0026911 -0.766392 0.642368 -0.0202857 -0.960013 0.279218 0.0116236 -0.978582 0.205529 -0.00775588 -0.990521 -0.13714 0 -0.986808 -0.161896 0 -0.849076 -0.528271 -0.0199837 -0.874798 -0.484076 0.00269115 -0.610384 -0.792101 -0.0477942 -0.515377 -0.85563 0.038295 -0.151737 -0.987679 -0.0460847 0.0641108 -0.996878 0.0243079 0.370029 -0.928702 -0.024308 0.561021 -0.827444 0.0243079 0.725781 -0.687496 -0.034905 0.879882 -0.473908 0.0188957 0.95493 -0.296229 -0.0599526 0.996763 0.0535612 -1 0 0 -1 0 0 -1 0 0 -1 0 0 -1 0 0 -1 0 0 -1 0 0 -1 0 0 -1 0 0 -1 0 0 1 0 0 1 0 0 1 0 0 1 0 0 1 0 0 1 0 0 1 0 0 1 0 0 1 0 0 1 0 0 1 0 0 1 0 0 1 0 0 1 0 0 1 0 0 1 0 0 -0.0117246 0.99317 0.116085 -8.93498e-09 0.939693 0.34202 -0.00786392 0.875456 0.483235 0 0.835488 0.549509 0 0.627934 0.778267 0 0.627934 0.778267 0 0.360032 0.93294 0 0.360032 0.93294 0 0.058145 0.998308 0 0.058145 0.998308 0 -0.173648 0.984808 0.00786392 -0.249282 0.968399 -0.00393202 -0.465902 0.884828 0.0117245 -0.597117 0.802068 -0.0117245 -0.765992 0.642743 0.00393203 -0.856241 0.516562 -0.010764 -0.968338 0.249411 0.0037432 -0.989093 0.147244 -0.0037432 -0.989093 -0.147244 0 -0.984783 -0.17379 0 -0.893633 -0.448799 0.0078639 -0.856221 -0.51655 -0.00393205 -0.714034 -0.7001 0.0117245 -0.597117 -0.802068 -0.0117245 -0.396053 -0.918153 0.0117246 -0.173636 -0.98474 -0.0117245 0.0581409 -0.99824 0.00393206 0.211855 -0.977293 -0.00786388 0.431514 -0.902072 0.00786392 0.565461 -0.824738 -0.00393202 0.740433 -0.672118 0.00393204 0.790482 -0.612472 -0.00786391 0.910399 -0.413656 0.0078639 0.963299 -0.268315 0 0.993238 -0.116093 0 0.993238 -0.116093 0 0.981285 0.192559 -0.79846 -0.559047 -0.223447 -0.776177 -0.528961 -0.343145 -0.777132 -0.529129 -0.340717 0.111466 0.747137 -0.655257 -0.714434 0.404719 0.570778 -0.328937 -0.845151 -0.421331 -0.337132 0.692044 -0.638293 -0.584451 0.307417 0.750941 -0.208996 -0.894286 -0.395692 -0.972842 0.17063 -0.156407 0.0557282 0.994142 -0.092612 0.0873704 0.505657 -0.858299 0.0274344 -0.573672 -0.818626 -0.00119095 -0.444143 0.895955 -0.154319 -0.690272 0.706902 -0.142141 -0.534768 0.832958 0.0227315 -0.758855 0.650862 -0.0433135 -0.95256 0.301252 0.0103049 -0.97319 0.229772 -0.02303 -0.989236 0.144503 -0.0544003 0.346052 0.936637 0 0.2763 0.961072 0 -0.157373 0.987539 -0.0112892 -0.142306 0.989758 -0.0015729 0.999998 0.000990975 0.0123789 0.928953 0.36999 0 0.935433 0.353503 0 0.65869 0.752415 -0.00352296 0.661479 0.749955 -0.0462566 0.691162 -0.721219 0.0452313 0.862299 -0.504375 -0.0303716 0.940585 -0.338197 0.000561574 -0.539959 -0.841691 -0.00133392 -0.101882 -0.994796 0.0736466 -0.000325234 -0.997284 -0.0202978 0.37378 -0.927295 -0.0264898 0.338814 -0.94048 -0.0163683 -0.971206 -0.237679 0.0890305 -0.920537 -0.380375 -0.0532936 -0.674659 -0.736203 -0.759239 -0.531148 0.376082 -0.0959308 0.946484 -0.308164 -0.300282 0.947066 0.113567 0.303895 0.945747 -0.114934 0.0846501 0.958588 0.271926 -0.504383 -0.10421 0.857168 0.29481 0.12732 0.947036 0.891582 -0.152124 0.426544 0.929317 0.113307 -0.35147 0.504383 -0.10421 -0.857168 -0.29481 0.12732 -0.947036 -0.891582 -0.152124 -0.426544 -0.929317 0.113307 0.35147 0 -1 0 0 -1 0 0 -1 0 0 -1 0 0.168114 -0.101606 -0.980517 -0.0983882 0.0594644 -0.99337 -0.974064 0.0914104 -0.206987 0.728357 0.0711333 0.681496 -0.951698 -0.210744 0.223287 -0.588401 0.0116808 -0.808485 0.591929 0.010045 -0.805927 -0.8693 0.15766 -0.468466 6.62223e-07 -1 -1.32313e-07 3.35955e-07 -1 -3.89509e-07 0.00139534 -0.999999 0.000213536 8.3327e-08 -1 -4.90117e-07 -0.00157588 -0.999998 0.000910084 -2.33764e-06 -1 4.45001e-07 1.59809e-06 -1 7.21613e-06 1.02148e-06 -1 4.95299e-07 1.40052e-06 -1 2.1973e-06 0.982244 0.0152738 -0.186983 0.985661 -0.135718 -0.100264 0.706372 -0.0331106 -0.707065 0.715306 -0.00952293 -0.698747 0.183215 0.076675 -0.980078 -0.190578 -0.0612994 -0.979756 -0.529837 0.168122 -0.831269 -0.473324 0.246535 -0.845686 -0.898841 -0.0461804 -0.435835 -0.87562 -0.0994429 -0.472653 -0.932418 -0.30966 0.186298 -0.937554 -0.0430216 0.345168 -0.6495 -0.105298 0.753035 -0.577278 -0.206635 0.78997 -0.166771 -0.0999119 0.980921 -0.34169 0.0550163 0.938201 0.397121 -0.161333 0.903475 0.235778 0.0650656 0.969626 0.918399 -0.0809048 0.387296 0.789268 0.249817 0.560935 -0.237839 0.843346 0.481872 0.0307255 -0.00422717 -0.999519 -0.0433683 0.0147364 -0.99895 0.0409876 0.00038114 -0.99916 -0.143065 -0.000289375 -0.989713 -0.995447 0.00226051 -0.095285 -0.936772 0 -0.349939 -0.9604 0.00204362 -0.278617 -0.911308 0 -0.411726 -0.888833 0.00262664 -0.458225 -0.868044 0 -0.496488 -0.832943 0 -0.553358 -0.786052 0.00141882 -0.618158 -0.780334 0.000559846 -0.625362 -0.654923 0.00259735 -0.755691 -0.690965 -0.000457748 -0.722888 -0.499895 0.000163171 -0.866086 -0.358022 -0.000115823 -0.933713 -0.326431 0.00238911 -0.945218 -0.15621 -0.00217353 -0.987722 0.0891065 0.000401355 -0.996022 0.183425 -0.000781592 -0.983033 0.235828 0.00242962 -0.971792 0.416598 0.000538081 -0.909091 0.637836 -0.000792979 -0.770172 0.580055 0.00256909 -0.814573 0.542344 -0.000395313 -0.840156 0.842557 0.0023966 -0.538602 0.829372 -4.40914e-05 -0.558697 0.723734 5.56714e-05 -0.690079 0.73119 0.00125637 -0.682173 0.928288 0.00251683 0.371855 0.841253 0.00112876 0.540641 0.897229 -0.000823752 0.441565 0.723747 5.5663e-05 0.690066 0.834409 -4.94459e-05 0.551146 0.580106 0.00128271 0.81454 0.415404 0.00066478 0.909637 0.235758 0.00264102 0.971808 0.319166 -0.00239208 0.947696 0.0417369 0.000340386 0.999129 0.0475819 0.000917831 0.998867 0.174827 -0.000673177 0.984599 -0.104689 -0.000266442 0.994505 -0.144303 0.00261321 0.98953 -0.333098 -0.00160782 0.942891 -0.5 0.000800306 0.866025 -0.497511 0.00107522 0.867457 -0.690965 -0.000457748 0.722888 -0.654859 0.00260266 0.755747 -0.600964 -0.000757478 0.799276 -0.785694 0.000625941 0.618615 -0.0219805 0.999757 0.00154727 -0.0389696 0.998959 -0.023698 -0.000106222 1 -0.000113736 -7.22766e-05 1 -0.000139487 -9.1796e-05 1 -8.95044e-05 0 1 0 0 1 0 0 1 0 0 -1 0 -0.0419884 0.999118 0.000957372 -0.0345135 0.999371 -0.00816365 0 1 0 0 1 0 0.0110741 0.986745 0.161897 -0.0220705 0.998407 0.051933 0.00449614 0.99991 0.0126509 -0.0434814 0.995524 0.0839152 -0.0198947 0.995208 0.0957384 -0.145763 0.985341 0.0886406 -0.138816 0.988214 0.0645155 -0.175781 0.983196 0.0492515 0 1 0 0 1 0 0.0641063 0.997555 0.0278453 0.0735456 0.9971 0.0195495 -0.14888 0.979814 0.133412 -0.0949133 0.990285 0.101627 0 1 0 0.00852263 0.999891 0.0120738 0.0553483 0.997991 0.0308397 0.062327 0.996767 0.0507068 0.747742 -0.326933 -0.577925 -0.750521 -0.261607 0.60686 -0.593767 -0.678849 0.431978 -0.406287 -0.605791 0.684067 -0.539131 -0.328681 0.775439 -0.587777 -0.208342 0.781737 -0.681936 -0.161131 0.713443 -0.685118 -0.434481 0.584671 -0.367495 -0.846655 0.384868 -0.290667 -0.9508 0.107203 -0.96074 -0.0275222 0.276083 -0.960252 -0.0271797 0.277809 -0.855652 -0.0120478 0.517412 -0.886318 -0.0107398 0.462952 0.161492 -0.383047 0.909503 -0.512179 -0.00314629 -0.858873 0.943115 -0.0387915 0.330196 0.0344716 -0.0770122 0.996434 0.868224 -0.252207 0.427291 0.930728 -4.3519e-05 -0.365713 0.617772 -0.248846 -0.745945 -0.0452955 -0.0323809 -0.998449 -0.00542072 -0.0216248 -0.999751 -0.354712 -0.135665 -0.925081 0.443561 -0.00698684 0.896217 -0.372431 -0.0133591 -0.927964 -0.813207 -0.216397 -0.540247 -0.829327 -0.295322 -0.474343 -0.99551 -0.0242689 0.0914883 -0.986012 -0.0181983 0.165678 -0.971835 -0.00176917 -0.235656 -0.923692 -0.266382 -0.275379 -0.927442 -0.140788 -0.346454 -0.906608 -0.101424 -0.409603 -0.761638 -0.396914 -0.512217 -0.814461 -0.408475 -0.412069 -0.663178 -0.586723 -0.464704 -0.435804 -0.872745 -0.219979 -0.314265 -0.915657 -0.250618 -0.0881805 -0.933988 -0.346253 -0.29448 -0.777313 -0.555937 -0.231176 -0.530802 -0.815357 -0.122724 -0.700597 -0.702924 -0.302689 -0.00688027 -0.953065 -0.509143 -0.844149 -0.167889 -0.531106 -0.826636 -0.186009 0.242438 -0.4723 -0.847441 0.339261 -0.881012 -0.329725 0.600551 -0.778288 -0.183323 0.981359 -0.0209597 -0.191037 0.98968 -0.03259 -0.139538 0.208388 -0.975354 -0.0725229 0.900559 -0.0222335 -0.434166 0.673938 -0.426789 -0.603041 0.0517238 -0.991146 0.122288 0.0144925 -0.987164 0.15905 0.478157 -0.875328 0.0718785 0.588781 -0.503752 0.632116 0.601185 -0.708261 0.370057 0.515583 -0.00550599 0.856822 0.494551 -0.00658367 0.869124 0.398383 -0.402047 0.824408 0.262842 -0.821702 0.505687 0.0645943 -0.921785 0.382283 -0.664015 -0.747549 0.0159645 0.0172618 -0.93941 -0.34236 -0.683343 -0.609163 0.402446 -0.745203 -0.585755 0.318691 0.458293 -0.887945 0.0390014 0.99806 -0.0216095 -0.0583881 0.623427 -0.47328 -0.622371 0.681105 -0.470671 -0.56086 0.684813 -0.350471 -0.638906 0.432807 -0.728145 -0.531492 0.522726 -0.26653 -0.809765 0.350884 -0.821744 -0.449018 0.512041 -0.280067 -0.81202 0.3772 -0.00391732 -0.926123 0.0467722 -0.116701 -0.992065 -0.329185 -0.779538 -0.532878 -0.552542 -0.237367 -0.798971 -0.775785 -0.0388751 -0.629799 -0.600259 -0.445389 -0.664317 -0.622452 -0.43414 -0.651211 -0.502176 -0.422228 -0.75468 -0.772739 -0.139187 -0.619275 -0.315069 -0.00384078 0.949061 -0.048478 -0.949505 0.309983 0.0487915 -0.187709 0.981012 0.0125401 -0.910788 0.412684 -0.0372339 -0.76056 0.648199 0.1175 -0.507995 0.853308 0.0409607 -0.191966 0.980546 0.223709 -0.429398 0.874969 0.196137 -0.50273 0.841898 0.288844 -0.425425 0.857661 0.822365 -0.169293 0.543191 -0.837835 -0.0153855 -0.545707 0.746504 -0.612606 0.259703 0.941777 -0.019141 0.335694 0.750852 -0.579359 0.31712 0.981604 -0.00772799 0.190772 0.998354 -0.0115094 0.0561864 -0.0107187 -0.998532 0.0530954 -0.0445321 -0.994601 -0.0937348 -0.0619248 -0.988176 0.140263 -0.00996976 -0.992675 -0.120401 0.169538 -0.98528 -0.0219188 0.126765 -0.985973 -0.108576 -0.00267332 -0.998146 -0.0608023 0.0651485 -0.996801 0.0463012 0.0825859 -0.995907 0.0367246 0.074045 -0.997233 0.00657801 -0.0972087 -0.994943 0.025269 -0.0563434 -0.99791 -0.0316353 -0.00332901 -0.999882 0.0150078 -0.00401907 -0.999776 -0.0207923 -0.0301505 -0.98523 -0.168561 -0.0407862 -0.994858 -0.092703 0.140417 -0.988622 -0.053948 0.00583659 -0.999983 -0.000584522 0.0349168 -0.998502 -0.0421208 -0.169207 -0.983699 -0.0608795 0.0180601 -0.997075 0.0742713 0.0964634 -0.987771 0.122488 -0.075074 -0.992544 -0.0960252 -0.0590004 -0.991075 0.119538 -0.0653847 -0.987912 0.140551 -0.902236 -0.428577 0.0478676 0 -1 0 0.39902 -0.719482 -0.568443 0 -1 0 0 -1 0 0.956139 -0.00375365 -0.29289 -0.582374 0.121447 0.803798 -0.290421 0.00353115 0.956893 0.997227 -0.0180782 0.0721921 0.991487 0 0.130207 0.479434 0 0.877578 0.44573 0.0187155 0.894972 -0.209114 -0.440792 0.872911 0.00889429 -0.999898 -0.0111422 0 -1 0 -0.537203 0.0407619 0.842467 -0.053605 -0.387956 -0.920118 -0.99565 -0.0801405 0.047529 -0.94868 0.0975056 -0.300831 0.969905 0.0311705 -0.241482 -0.837228 -0.176115 -0.517718 -0.578115 -0.0221902 -0.815654 0.372074 0.00421067 -0.928194 0.467203 -0.050948 -0.882681 0.985579 -0.0198555 -0.168046 -0.663548 -0.74537 -0.0642486 -0.00582013 -0.999983 -0.000237353 -0.00139954 -0.999996 0.00264414 -1.8536e-05 -1 -3.47251e-06 -0.123599 -0.985532 -0.115972 0.557872 0.00386854 0.829918 0.466214 -0.293168 0.834684 0.22538 -0.195783 -0.954397 0.631779 0 -0.775149 0.982901 0 0.184135 0.987648 -0.0166197 0.155808 0 -1 0 -0.00239316 -0.999965 -0.00796194 0.569016 -0.601605 0.560617 0.543788 -0.19519 0.816208 -0.910179 -0.0338836 -0.412828 -0.240567 -0.0191163 0.970444 -0.767991 -0.187587 0.612373 -0.956103 -0.0295824 0.291533 -0.548965 -0.0495085 -0.834378 -0.894158 0.0491224 -0.445048 -0.956778 0.130532 0.259878 -0.509103 -0.150016 0.847531 -0.198932 0.314182 0.928286 -0.238909 -0.0582408 0.969294 -0.621552 0.0933759 0.777788 -0.916476 -0.028546 -0.399069 0.114506 -0.186381 -0.975782 0.509081 -0.0625517 -0.858443 0.6246 -0.158157 -0.764762 0.991305 -0.128129 -0.0299651 0.944998 0.263528 -0.193734 0.943153 -0.142284 0.300364 0.845745 0.0675336 0.529297 0.67705 -0.198482 0.708667 0.175316 -0.112854 0.978023 -0.145011 0.0649942 0.987293 0.814705 -0.144161 0.56167 -0.01541 0.397141 0.917628 -0.320874 0.310679 -0.894717 -0.950861 0.256032 -0.174102 -0.692769 -0.579905 -0.428698 -0.949531 -0.271857 -0.156476 -0.716008 0.447683 -0.535641 0.20275 0.977757 -0.0537033 0.37732 0.362398 0.852231 0.756674 -0.34197 -0.557226 0.823168 0.55434 0.122887 0.987851 0.151753 -0.0334847 0.409896 -0.530509 0.741988 0.637047 0.333778 0.694812 -0.893245 0.0262297 -0.448804 -0.780813 -0.470532 0.411013 -0.338039 0.0394369 0.940306 -0.327994 0.504672 -0.798578 -0.707838 0.243601 -0.663041 -0.561577 0.476201 0.676656 0.290864 0.855727 -0.427936 0.591762 0.578707 -0.561174 0.641975 -0.766222 0.0277705 0.708664 -0.0288417 -0.704957 0.813939 -0.253184 0.522877 0.65343 0.51532 -0.554504 0.863648 0.413955 0.287667 0.955438 -0.117809 0.270665 -0.864879 -0.391788 0.313826 -0.922281 -0.0457333 0.383805 -0.888332 0.0657307 -0.454472 -0.540409 -0.0956351 -0.83595 -0.333603 -0.162841 0.928543 -0.844751 -0.265911 0.464421 -0.752145 -0.50634 -0.42178 -0.858824 0.497835 0.120757 -0.339323 -0.846206 -0.410848 0.474663 -0.165944 -0.864383 0.623604 -0.749673 -0.221604 0.982551 0.180832 0.0435232 0.964212 -0.264184 0.0224093 0.460704 0.0884126 0.883139 0.183255 0.0295562 -0.982621 0.822487 -0.11505 -0.557026 0.000183508 1 5.84414e-05 0.000327963 1 -0.000930715 0.00241196 0.999994 -0.00260673 -0.00195555 0.999994 -0.00281446 -0.00203476 0.999994 -0.0027855 -0.000483698 0.999999 -0.00092118 0 1 0 -0.000224902 1 -0.000176881 0.000298405 1 -6.69487e-05 0.000554967 1 -0.00012451 -0.00253004 0.999994 -0.00240277 0.002339 0.999996 -0.0013509 -0.00553489 0.999978 -0.00374425 -0.00546396 0.999982 0.00242142 -0.00501969 0.999982 0.00335504 0.00351509 0.999946 0.00983089 0 1 0 0.00340446 0.999994 -0.00112101 -7.85381e-06 1 7.0495e-06 0 1 0 0.000219424 1 -0.000553401 0.000259739 1 0.000238943 0 1 0 0.00027137 1 9.79995e-05 -3.0045e-05 1 0.000121897 -0.000262972 1 -3.13409e-05 0 1 0 -0.00444762 0.999989 0.00162215 0.000691356 0.999996 0.00284981 0.00136198 0.999995 0.00271023 0.00164137 0.999996 0.00248155 -0.00266806 0.999994 -0.00209819 -0.00284585 0.999995 -0.00146714 -0.00240791 0.999994 0.00240143 -0.000137398 1 1.67377e-05 -0.000109453 1 -6.68889e-05 -6.58779e-05 1 0.000233922 0.000153318 1 0.000581187 0.000644699 0.999998 -0.00173301 0.000745946 0.999996 0.00278691 0.000357867 0.999999 0.00118627 0.000995453 0.999999 -0.000257392 0.000999574 0.999999 -0.000413715 0.00101051 0.999999 -0.000389237 0.000673256 1 -0.000641948 -0.954243 0.140492 0.263974 0.444718 0.00137286 0.89567 0.729627 0.00735686 -0.683806 0.374731 0.281598 0.883334 -0.249594 -0.18663 0.950196 -0.000518614 -0.015089 -0.999886 -0.488314 -0.108731 -0.865868 -0.00495624 -0.0438836 -0.999024 -0.188612 0.0594137 -0.980253 0.188871 -0.069432 -0.979544 0.248696 0.218442 -0.943628 0 1 0 0 1 0 0 1 0 0 1 0 0 1 0 0 1 0 0 1 0 0 1 0 0 1 0 0 1 0 0 1 0 0 1 0 0 1 0 0 1 0 0 1 0 0 1 0 0 1 0 0 1 0 0 1 0 0 1 0 0 1 0 -0.990686 0 -0.136167 -0.990686 0 -0.136167 -0.917211 0 -0.398401 -0.917211 0 -0.398401 -0.775711 0 -0.631088 -0.775711 0 -0.631088 -0.57668 0 -0.81697 -0.57668 0 -0.81697 -0.334879 0 -0.942261 -0.334879 0 -0.942261 -0.0682426 0 -0.997669 -0.0682426 0 -0.997669 0.203456 0 -0.979084 0.203456 0 -0.979084 0.460065 0 -0.887885 0.460065 0 -0.887885 0.682553 0 -0.730836 0.682553 0 -0.730836 0.854419 0 -0.519584 0.854419 0 -0.519584 0.962917 0 -0.269797 0.973132 0.00556973 -0.23018 0.999739 -0.00155195 -0.0227949 0.999739 0.00155195 0.0227949 0.973132 -0.00556973 0.23018 0.962917 0 0.269797 0.854419 0 0.519584 0.854419 0 0.519584 0.682553 0 0.730836 0.682553 0 0.730836 0.460065 0 0.887885 0.460065 0 0.887885 0.203456 0 0.979084 0.203456 0 0.979084 -0.0682426 0 0.997669 -0.0682426 0 0.997669 -0.334879 0 0.942261 -0.334879 0 0.942261 -0.57668 0 0.81697 -0.57668 -2.39772e-08 0.81697 -0.775711 1.44312e-08 0.631088 -0.775711 0 0.631088 -0.917211 0 0.398401 -0.917211 0 0.398401 -0.990686 0 0.136167 -0.990686 0 0.136167 0 1 0 0 1 0 0 1 0 0 1 0 0.0153919 0.986941 0.160347 0.0196517 0.987192 0.158319 0.0122238 0.999919 0.00351932 0.0905289 0.987058 -0.132371 -0.00317838 0.990648 -0.136407 0.0640063 0.996939 -0.0449002 -0.322448 0.919164 0.226196 -0.197157 0.980309 -0.0110766 -0.199215 0.979208 -0.0382873 0 1 0 0.14085 0.750148 0.646095 -0.210923 0.97614 0.0515982 0.096566 0.995046 -0.023623 -0.145975 0.980648 -0.130461 -0.0289429 0.977291 -0.209915 -0.0057526 0.999955 0.00749902 0.626463 0.767035 0.138571 0 1 0 0 1 0 0.129253 0.991491 -0.0154552 0.0431164 0.997381 -0.0580682 -0.0956585 0.987042 0.128831 0.203408 0.975286 0.0862694 -0.114722 0.992205 -0.048656 0 -1 0 0 -1 0 0 -1 0 0 -1 0 0 -1 0 0 -1 0 0 -1 0 0 -1 0 0 -1 0 0 -1 0 0 -1 0 0 -1 0 0 -1 0 -0.507903 -0.76443 0.397092 -0.467992 -0.759202 0.452322 0.268469 -0.895266 0.35556 0 -1 0 0 -1 0 0 -1 0 0 -1 0 0 -1 0 0 -1 0 0 -1 0 0.995546 0.093093 -0.0148827 0.85986 0.0771884 0.50466 0.744475 -0.0553028 0.665356 0.360378 0.073675 0.929892 0.136401 -0.0521572 0.98928 -0.174819 0.0315872 0.984094 -0.559053 -0.138722 0.817445 -0.697675 0.0129184 0.716298 -0.938921 0.319654 -0.127472 -0.935178 -0.00351776 0.35416 -0.988699 -0.0284682 -0.147185 -0.976388 0 -0.216024 -0.893633 0 -0.448799 -0.893633 0 -0.448799 -0.766044 0 -0.642788 -0.713873 0.0215427 -0.699943 -0.533306 -0.0107732 -0.845854 -0.465878 0.0107732 -0.884783 -0.123088 -0.0389715 -0.99163 0.0060375 0.0231979 -0.999713 0.405782 -0.0333489 -0.913361 0.58689 0.0959823 -0.803957 0.864575 -0.0152411 -0.502273 0.973299 0.165818 -0.158727 0 -1 0 0 -1 0 0 -1 0 0 -1 0 0 -1 0 0 -1 0 0 -1 0 0 -1 0 0 -1 0 0 -1 0 0 -1 0 0 -1 0 0 -1 0 0 -1 0 0 -1 0 0 -1 0 0 -1 0 0 -1 0 0 -1 0 0 -1 0 0 -1 0 0 -1 0 0 -1 0 0 -1 0 0 -1 0 0 -1 0 0 -1 0 0 -1 0 0 -1 0 0.990306 0.00175352 0.138891 0.856616 0.02374 0.515409 0.856616 0.0237399 0.515409 0.619344 0.00407369 0.785109 0.419324 0.0690182 0.905209 0.209392 -0.0175589 0.977674 -0.171644 0.0252678 0.984835 -0.319344 -0.0508721 0.946272 -0.718748 0.028604 0.694682 -0.766392 -0.0026911 0.642368 -0.960013 0.0202857 0.279218 -0.978582 -0.0116236 0.205529 -0.990521 0.00775588 -0.13714 -0.986808 0 -0.161896 -0.849076 0 -0.528271 -0.824363 -0.017559 -0.565789 -0.515734 0.0300167 -0.856223 -0.419263 -0.0300168 -0.907369 0.107591 0.0300168 -0.993742 0.114602 0.0261531 -0.993067 0.639678 -0.00554883 -0.768623 0.724707 0.0595451 -0.686479 0.940304 -0.0312843 -0.338896 0.996385 0.0659503 -0.0535409 0 1 0 0 1 0 0 1 0 0 1 0 0 1 0 0 1 0 0 1 0 0 1 0 0 1 0 0 1 0 0 -1 0 0 -1 0 0 -1 0 0 -1 0 0 -1 0 0 -1 0 0 -1 0 0 -1 0 0 -1 0 0 -1 0 0 -1 0 0 -1 0 0 -1 0 0 -1 0 0.98882 -1.72084e-09 0.149115 0.875483 -8.21279e-09 0.483249 0.875483 0 0.483249 0.627934 0 0.778267 0.627934 0 0.778267 0.360032 0 0.93294 0.286783 -0.0117245 0.957924 -0.0192348 0.00393205 0.999807 -0.173636 -0.0117246 0.98474 -0.396053 0.0117245 0.918153 -0.597117 -0.0117245 0.802068 -0.765992 0.0117245 0.642743 -0.856241 -0.00393203 0.516562 -0.968338 0.010764 0.249411 -0.989093 -0.0037432 0.147244 -0.989093 0.0037432 -0.147244 -0.984783 0 -0.17379 -0.893633 0 -0.448799 -0.856221 -0.0078639 -0.51655 -0.714034 0.00393205 -0.7001 -0.597117 -0.0117245 -0.802068 -0.396053 0.0117245 -0.918153 -0.249288 -0.00393205 -0.968421 -0.0192344 0.00786391 -0.999784 0.135172 -0.00786388 -0.990791 0.360029 0.00393205 -0.932933 0.431524 -0.00393205 -0.902093 0.686195 0.0117245 -0.727324 0.740439 0 -0.672124 0.939693 0 -0.34202 0.948256 -0.00521734 -0.317464 0.993221 0.00586259 0.116091 -0.477514 0.84147 -0.252802 0.272852 0.951335 -0.143227 0.656465 0.754356 -0.000962294 0.574288 0.135051 0.807437 0.990483 0.0579021 -0.124863 0.993342 -0.0755615 0.0869633 0.540364 0.00269984 -0.841427 0.616935 0.104865 -0.779997 -0.571 -0.100193 -0.814813 -0.0187839 0.319839 -0.947286 -0.305885 0.0431979 0.951088 0.5435 0.0713416 0.836372 0.544432 0.0707425 0.835816 -0.601658 0.151193 0.784314 -0.74878 -0.0252321 0.662338 -0.95256 0.0433135 0.301252 -0.97319 -0.0103049 0.229772 -0.989236 0.02303 0.144503 0.318224 0.111814 0.941398 0.0482248 -0.0467708 0.997741 -0.307922 0.041789 0.950493 0.912379 0.0622513 0.404585 0.847873 -0.0136537 0.530024 0.590106 0.0949127 0.801727 0.561932 0.0671697 -0.824452 0.948721 -0.0941205 -0.301779 0.890849 0.0665992 -0.449391 -0.71048 -0.00143441 -0.703716 -0.0162299 0.0016617 -0.999867 -0.000326087 -0.014078 -0.999901 -0.971206 0.0163683 -0.237679 -0.920537 -0.0890305 -0.380375 -0.776193 0.00520092 -0.630474 -0.498293 0.151696 0.853635 0.946484 0.0959308 -0.308164 0.958588 -0.0846501 0.271926 0.947066 0.300282 0.113567 0.945747 -0.303895 -0.114934 -0.10421 0.504383 0.857168 0.12732 -0.29481 0.947036 -0.152124 -0.891582 0.426544 0.113307 -0.929317 -0.35147 -0.10421 -0.504383 -0.857168 0.12732 0.29481 -0.947036 -0.152124 0.891582 -0.426544 0.113307 0.929317 0.35147 -1 0 0 -1 0 0 -1 0 0 -1 0 0 -0.102679 0 -0.994714 0.0882469 0 -0.996099 0.151674 0.979889 -0.129663 0.213898 -0.975401 -0.0532914 -0.0523031 -0.997144 -0.0544794 0.103829 0.993236 -0.051983 -0.0954553 -0.0438718 -0.994466 0.020357 -0.397491 -0.91738 0.162816 0.986105 -0.0329826 -1 -6.62223e-07 -1.32313e-07 -1 -3.35955e-07 -3.89509e-07 -0.999999 -0.00139534 0.000213536 -1 -8.3327e-08 -4.90117e-07 -0.999998 0.00157588 0.000910084 -1 2.33764e-06 4.45001e-07 -1 -1.59809e-06 7.21613e-06 -1 -1.02148e-06 4.95299e-07 -1 -1.40052e-06 2.1973e-06 0.0152738 -0.982244 -0.186983 -0.135718 -0.985661 -0.100264 -0.0331106 -0.706372 -0.707065 -0.00952293 -0.715306 -0.698747 0.076675 -0.183215 -0.980078 -0.0612994 0.190578 -0.979756 0.168122 0.529837 -0.831269 0.246535 0.473324 -0.845686 -0.0461804 0.898841 -0.435835 -0.0994429 0.87562 -0.472653 -0.30966 0.932418 0.186298 -0.0430216 0.937554 0.345168 -0.105298 0.6495 0.753035 -0.206635 0.577278 0.78997 -0.0999119 0.166771 0.980921 0.0550163 0.34169 0.938201 -0.161333 -0.397121 0.903475 0.0650656 -0.235778 0.969626 -0.0809048 -0.918399 0.387296 0.249817 -0.789268 0.560935 0.843346 0.237839 0.481872 -0.000239542 -0.0390015 -0.999239 6.05214e-05 0.133713 -0.99102 -0.00302268 0.134798 -0.990869 0.00241089 0.995469 -0.0950557 0 0.936772 -0.349939 0.00252124 0.965156 -0.261663 0.000266327 0.959493 -0.281733 -0.00018987 0.991399 -0.130876 0 0.911308 -0.411726 0.00262664 0.888833 -0.458225 -0.00051697 0.863758 -0.503907 0.00126072 0.786052 -0.618159 0.000653265 0.789959 -0.61316 0.00259735 0.654923 -0.755691 0 0.685669 -0.727914 0 0.732757 -0.680491 0.000163171 0.499895 -0.866086 -0.000115823 0.358022 -0.933713 0.00233899 0.327067 -0.944998 0 0.266148 -0.963932 0 0.133942 -0.990989 0.00133559 0.142458 -0.9898 0.000371191 -0.0487157 -0.998813 -0.000789446 -0.174827 -0.984599 0.00269042 -0.235074 -0.971974 0.000538081 -0.416598 -0.909091 -0.000792979 -0.637836 -0.770172 0.00256909 -0.580055 -0.814573 -0.000395313 -0.542344 -0.840156 0.0023966 -0.842557 -0.538602 -4.40914e-05 -0.829372 -0.558697 5.56714e-05 -0.723734 -0.690079 0.00125637 -0.73119 -0.682173 0.00251683 -0.928288 0.371855 -4.94459e-05 -0.834409 0.551146 0.00112876 -0.841253 0.540641 -0.000823752 -0.897229 0.441565 3.98387e-05 -0.741994 0.670406 0.00216643 -0.723732 0.690077 -0.000895369 -0.654345 0.756196 0.00128306 -0.58011 0.814538 0.00132953 -0.415404 0.909636 0.0026357 -0.235847 0.971787 0 -0.279789 0.960062 0 -0.394836 0.918752 0.000673292 -0.0474656 0.998873 7.29621e-05 0.137114 0.990555 -0.00114948 0.33322 0.942848 0.000712172 0.78586 0.618404 -0.000516971 0.863758 0.503907 0.00262664 0.888833 0.458225 -0.00071744 0.917023 0.398834 0.000266328 0.959493 0.281733 0.00107985 0.961585 0.274506 0 0.999442 -0.0334148 -2.39109e-18 0.999442 0.0334148 0.00241089 0.995469 0.0950557 -0.00018987 0.991399 0.130876 0.999757 0.0219805 0.00154727 0.998959 0.0389696 -0.023698 1 0.000106222 -0.000113736 1 7.22766e-05 -0.000139487 1 9.1796e-05 -8.95044e-05 1 0 0 1 0 0 1 0 0 -1 0 0 1 0 0 1 0 0 0.999371 0.0345135 -0.00816365 1 0 0 1 0 0 0.995208 0.0198947 0.0957383 1 0 0 0.997555 -0.0641063 0.0278453 0.9971 -0.0735456 0.0195495 0.999891 -0.00852263 0.0120738 0.997991 -0.0553483 0.0308397 0.995524 0.0434814 0.0839152 0.999118 0.0419884 0.000957372 0.996767 -0.062327 0.0507068 0.986745 -0.0110741 0.161897 0.998407 0.0220705 0.051933 0.99991 -0.00449614 0.0126509 0.985341 0.145763 0.0886406 0.988214 0.138816 0.0645155 0.983196 0.175781 0.0492515 0.979814 0.14888 0.133412 0.990285 0.0949133 0.101627 -0.326933 -0.747742 -0.577925 -0.343943 0.651734 0.675978 -0.841514 0.198256 0.502542 -0.000134782 0.561057 0.827777 -0.0109376 0.504414 0.863393 -0.00132257 0.659518 0.751688 -0.00785816 0.74716 0.664598 -0.847534 0.386252 0.363998 -0.982273 0.176072 0.0643323 -0.358147 0.885502 0.296003 -0.429343 0.868448 0.247918 -0.0103225 0.714668 0.699387 -0.310745 0.838493 0.447625 -0.337837 0.812973 0.47428 -0.342195 0.861661 0.374756 -0.0155376 0.107287 0.994107 -0.352924 -0.61224 0.707536 -0.538946 -0.584274 0.606763 -0.532182 -0.628195 0.567586 -0.252207 -0.868224 0.427291 -4.3519e-05 -0.930728 -0.365713 -0.248846 -0.617772 -0.745945 -0.0260536 -0.675933 -0.736502 -0.0323809 0.0452955 -0.998449 -0.0216248 0.00542072 -0.999751 -0.135665 0.354712 -0.925081 -0.273813 0.255977 -0.927094 -0.0133591 0.372431 -0.927964 -0.274833 0.830496 -0.484503 -0.963484 0.265463 -0.0350442 -0.311867 0.941954 0.124349 -0.359874 0.93248 0.0311761 -0.419478 0.907029 -0.0365488 -0.422881 0.905679 -0.03028 -0.0203917 0.48073 -0.876632 -0.965857 0.250049 -0.0677905 -0.759643 0.637648 0.127859 -0.140788 0.927442 -0.346454 -0.101424 0.906608 -0.409603 -0.396914 0.761638 -0.512217 -0.408475 0.814461 -0.412069 -0.586723 0.663178 -0.464704 -0.872745 0.435804 -0.219979 -0.915657 0.314265 -0.250618 -0.933988 0.0881805 -0.346253 -0.777313 0.29448 -0.555937 -0.530802 0.231176 -0.815357 -0.700597 0.122724 -0.702924 -0.274284 0.255743 -0.927019 -0.9153 0.2812 -0.28836 -0.824984 0.327572 -0.460541 -0.4723 -0.242438 -0.847441 -0.881012 -0.339261 -0.329725 -0.778288 -0.600551 -0.183323 -0.0209597 -0.981359 -0.191037 -0.03259 -0.98968 -0.139538 -0.975354 -0.208388 -0.0725229 -0.0222335 -0.900559 -0.434166 -0.426789 -0.673938 -0.603041 -0.991146 -0.0517238 0.122288 -0.987164 -0.0144925 0.15905 -0.875328 -0.478157 0.0718785 -0.503752 -0.588781 0.632116 -0.708261 -0.601185 0.370057 -0.00550599 -0.515583 0.856822 -0.00507084 -0.523971 0.851721 -0.217628 -0.474313 0.853033 -0.575467 -0.231153 0.784478 -0.751364 -0.0861486 0.65424 -0.928689 -0.0578412 0.366321 -0.924024 -0.0636931 0.376992 -0.856009 0.516881 0.00908089 -0.756971 0.546979 0.357504 -0.723332 0.650946 0.230349 -0.830516 0.556044 0.0325283 -0.558864 0.686253 0.46554 -0.887945 -0.458293 0.0390014 -0.0216095 -0.99806 -0.0583881 -0.47328 -0.623427 -0.622371 -0.470671 -0.681105 -0.56086 -0.350471 -0.684813 -0.638906 -0.760964 -0.387508 -0.520358 -0.26653 -0.522726 -0.809765 -0.800586 -0.353197 -0.48406 -0.400372 -0.406656 -0.821178 -0.0406583 -0.0217332 -0.998937 -0.448965 -0.182697 -0.874672 -0.330627 -0.164995 -0.929227 -0.779538 0.329185 -0.532878 -0.237367 0.552542 -0.798971 -0.0388751 0.775785 -0.629799 -0.445389 0.600259 -0.664317 -0.437116 0.616694 -0.65469 -0.434698 0.514753 -0.738963 -0.214699 0.715669 -0.664622 -0.138121 0.782387 -0.607283 -0.771159 0.174771 0.612184 -0.392149 0.321591 0.861858 -0.011749 0.245784 0.969253 -0.943471 0.0508143 0.327537 -0.797472 -0.188412 0.573184 -0.028086 -0.331092 0.943181 -0.377272 -0.211489 0.901631 -0.271037 -0.269316 0.924125 -0.165776 -0.389373 0.906039 -0.169293 -0.822365 0.543191 -0.0153855 0.837835 -0.545707 -0.612606 -0.746504 0.259703 -0.019141 -0.941777 0.335694 -0.579359 -0.750852 0.31712 -0.00772799 -0.981604 0.190772 -0.0115094 -0.998354 0.0561864 -0.998532 0.0107187 0.0530954 -0.994601 0.0445321 -0.0937348 -0.988176 0.0619248 0.140263 -0.992675 0.00996976 -0.120401 -0.98528 -0.169538 -0.0219188 -0.985973 -0.126765 -0.108576 -0.998146 0.00267332 -0.0608023 -0.996801 -0.0651485 0.0463012 -0.995907 -0.0825859 0.0367246 -0.997233 -0.074045 0.00657801 -0.994943 0.0972087 0.025269 -0.99791 0.0563434 -0.0316353 -0.999882 0.00332901 0.0150078 -0.999776 0.00401907 -0.0207923 -0.98523 0.0301505 -0.168561 -0.994858 0.0407862 -0.092703 -0.988622 -0.140417 -0.053948 -0.999983 -0.00583659 -0.000584522 -0.998502 -0.0349168 -0.0421208 -0.983699 0.169207 -0.0608795 -0.997075 -0.0180601 0.0742713 -0.987771 -0.0964634 0.122488 -0.992544 0.075074 -0.0960252 -0.991075 0.0590004 0.119538 -0.987912 0.0653847 0.140551 -0.428577 0.902236 0.0478676 -1 0 0 -0.981969 -0.108613 -0.154729 -1 0 0 -1 0 0 0.157407 -0.967832 -0.196275 0.00161146 -0.909083 -0.416611 0.121447 0.582374 0.803798 0.00353115 0.290421 0.956893 -0.0180782 -0.997227 0.0721921 0 -0.991487 0.130207 0 -0.479434 0.877578 0.0187155 -0.44573 0.894972 -0.440792 0.209114 0.872911 -1 0 0 -1 0 0 0.0407619 0.537203 0.842467 -0.279294 -0.0894454 -0.95603 -0.380611 0.0853087 -0.920792 -0.0801405 0.99565 0.047529 0.0975056 0.94868 -0.300831 0.0311705 -0.969905 -0.241482 -0.176115 0.837228 -0.517718 -0.0221902 0.578115 -0.815654 0.00421067 -0.372074 -0.928194 -0.050948 -0.467203 -0.882681 -0.0198555 -0.985579 -0.168046 -0.74537 0.663548 -0.0642486 -0.999983 0.00582013 -0.000237353 -0.999996 0.00139954 0.00264414 -1 1.8536e-05 -3.47251e-06 -0.985532 0.123599 -0.115972 0.00386854 -0.557872 0.829918 -0.293168 -0.466214 0.834684 -0.195783 -0.22538 -0.954397 0 -0.631779 -0.775149 0 -0.982901 0.184135 -0.0166197 -0.987648 0.155808 -1 0 0 -0.997593 -0.019961 0.0664093 -0.601605 -0.569016 0.560617 -0.19519 -0.543788 0.816208 -0.0339592 0.915266 -0.401417 0.0172369 0.92765 -0.373054 -0.0191163 0.240567 0.970444 -0.187587 0.767991 0.612373 -0.0295824 0.956103 0.291533 -0.0495085 0.548965 -0.834378 0.0294282 0.842429 -0.538002 0.425092 0.836266 -0.346347 -0.609285 0.790812 0.0582078 0.232545 0.902737 0.361924 -0.348171 0.598617 0.721412 0.314182 0.198932 0.928286 -0.0582408 0.238909 0.969294 0.100324 0.637046 0.764269 0.0463328 0.66241 0.747707 -0.0307126 0.934905 0.353567 0.100049 0.984664 -0.14292 -0.0767174 0.882954 -0.463148 -0.186381 -0.114506 -0.975782 -0.0625517 -0.509081 -0.858443 -0.158157 -0.6246 -0.764762 -0.128129 -0.991305 -0.0299651 0.263528 -0.944998 -0.193734 -0.142284 -0.943153 0.300364 0.0675336 -0.845745 0.529297 -0.198482 -0.67705 0.708667 -0.112854 -0.175316 0.978023 0.0649942 0.145011 0.987293 -0.144161 -0.814705 0.56167 0.397141 0.01541 0.917628 0.310679 0.320874 -0.894717 0.256032 0.950861 -0.174102 -0.579905 0.692769 -0.428698 -0.271857 0.949531 -0.156476 0.447683 0.716008 -0.535641 0.977757 -0.20275 -0.0537033 0.362398 -0.37732 0.852231 -0.34197 -0.756674 -0.557226 0.55434 -0.823168 0.122887 0.151753 -0.987851 -0.0334847 -0.530509 -0.409896 0.741988 0.333778 -0.637047 0.694812 -0.221731 0.890773 -0.396686 -0.470532 0.780813 0.411013 0.0394369 0.338039 0.940306 0.504672 0.327994 -0.798578 0.243601 0.707838 -0.663041 0.476201 0.561577 0.676656 0.855727 -0.290864 -0.427936 0.578707 -0.591762 -0.561174 -0.766222 -0.641975 0.0277705 -0.0288417 -0.708664 -0.704957 -0.253184 -0.813939 0.522877 0.51532 -0.65343 -0.554504 0.413955 -0.863648 0.287667 -0.117809 -0.955438 0.270665 0.0119672 0.920459 0.390657 -0.0457333 0.922281 0.383805 0.0657307 0.888332 -0.454472 -0.0956351 0.540409 -0.83595 -0.162841 0.333603 0.928543 -0.265911 0.844751 0.464421 -0.50634 0.752145 -0.42178 0.497835 0.858824 0.120757 -0.846206 0.339323 -0.410848 -0.165944 -0.474663 -0.864383 -0.749673 -0.623604 -0.221604 0.180832 -0.982551 0.0435232 -0.264184 -0.964212 0.0224093 0.0884126 -0.460704 0.883139 0.0295562 -0.183255 -0.982621 -0.11505 -0.822487 -0.557026 1 -0.000183508 5.84414e-05 0.999999 0.000483698 -0.00092118 1 0 0 1 0.000224902 -0.000176881 1 0.00012415 -0.000155716 1 -0.000578096 -0.00032144 1 -1.76952e-05 0.000247937 1 0 0 1 -5.95199e-05 0.000103489 1 3.60192e-05 4.06572e-05 1 -8.5561e-05 0.000379952 0.999991 0.00228956 0.00344673 1 0 0 1 -5.11266e-05 -0.000452327 1 0.000203267 -1.94096e-05 1 0.000206123 1.96824e-05 1 0.00019039 5.59036e-05 0.999972 0.00567353 -0.00483947 0.999984 -0.00535792 -0.0016748 1 0.000180573 -0.000521733 0.999994 -0.00241196 -0.00260673 0.999994 0.00195555 -0.00281446 0.999994 0.00203476 -0.0027855 0.999994 0.00266806 -0.00209819 0.999995 0.00284585 -0.00146714 0.999998 -0.000644699 -0.00173301 0.999996 -0.000745946 0.00278691 0.999999 -0.000357867 0.00118627 0.999999 -0.000995453 -0.000257392 0.999999 -0.000999574 -0.000413715 0.999999 -0.00101051 -0.000389237 1 -0.000673256 -0.000641948 0.999994 -0.0034013 -0.00112431 1 0 0 1 0 0 1 -0.000219424 -0.000553401 1 -0.000259739 0.000238943 1 0.000305022 -5.25995e-05 1 -0.00074762 0.000339427 1 0.000104014 0.000422001 1 0.000951269 -0.000113372 1 -0.000280741 3.34587e-05 0.999989 0.00442489 0.00174936 0.999996 -0.000418557 0.00290659 0.999995 -0.00136198 0.00271023 0.999996 -0.00163321 0.00248822 0.40475 0.910643 0.0831133 0.00137286 -0.444718 0.89567 0.00735686 -0.729627 -0.683806 0.281598 -0.374731 0.883334 -0.18663 0.249594 0.950196 -0.015089 0.000518614 -0.999886 -0.108731 0.488314 -0.865868 -0.0438836 0.00495624 -0.999024 0.0594137 0.188612 -0.980253 -0.069432 -0.188871 -0.979544 0.218442 -0.248696 -0.943628 1 0 0 1 0 0 1 0 0 1 0 0 1 0 0 1 0 0 1 0 0 1 0 0 1 0 0 1 0 0 1 0 0 1 0 0 1 0 0 1 0 0 1 0 0 1 0 0 1 0 0 1 0 0 1 0 0 1 0 0 1 0 0 0 0.990686 -0.136167 0 0.990686 -0.136167 0 0.917211 -0.398401 0 0.917211 -0.398401 0 0.775711 -0.631088 0 0.775711 -0.631088 0 0.57668 -0.81697 0 0.57668 -0.81697 0 0.334879 -0.942261 0 0.334879 -0.942261 0 0.0682426 -0.997669 0 0.0682426 -0.997669 0 -0.203456 -0.979084 0 -0.203456 -0.979084 0 -0.460065 -0.887885 0 -0.460065 -0.887885 0 -0.682553 -0.730836 0 -0.682553 -0.730836 0 -0.854419 -0.519584 0 -0.854419 -0.519584 0 -0.962917 -0.269797 0.00556973 -0.973132 -0.23018 -0.00155195 -0.999739 -0.0227949 0.00155195 -0.999739 0.0227949 -0.00556973 -0.973132 0.23018 0 -0.962917 0.269797 0 -0.854419 0.519584 0 -0.854419 0.519584 0 -0.682553 0.730836 0 -0.682553 0.730836 0 -0.460065 0.887885 0 -0.460065 0.887885 0 -0.203456 0.979084 0 -0.203456 0.979084 0 0.0682426 0.997669 0 0.0682426 0.997669 0 0.334879 0.942261 0 0.334879 0.942261 0 0.57668 0.81697 -2.39772e-08 0.57668 0.81697 1.44312e-08 0.775711 0.631088 0 0.775711 0.631088 0 0.917211 0.398401 0 0.917211 0.398401 0 0.990686 0.136167 0 0.990686 0.136167 0.879343 -0.471892 -0.0638286 1 0 0 1 0 0 1 0 0 0.923789 -0.270068 0.271437 0.942429 -0.178352 0.282876 0.923389 -0.382768 -0.029 0.987192 -0.0196517 0.158319 1 0 0 1 0 0 0.622981 0.127414 -0.771791 1 0 0 1 0 0 0.780608 0.615887 0.106467 0.977048 0.154853 0.146279 0.985313 0.163114 -0.0505132 1 0 0 0.764583 -0.137284 0.629735 0.982002 0.183462 0.0448804 0.995046 -0.096566 -0.023623 1 0 0 0.631744 -0.469458 -0.616853 0.905386 0.0579934 -0.42061 1 0 0 0.984525 0.173883 0.0218087 0.985147 0.170162 0.0230163 1 0 0 0.882477 0.2804 0.377637 0.956903 -0.276742 0.0880331 1 0 0 0.976193 -0.0606464 -0.208255 -1 0 0 -1 0 0 -1 0 0 -1 0 0 -1 0 0 -1 0 0 -1 0 0 -1 0 0 -1 0 0 -1 0 0 -1 0 0 -1 0 0 -1 0 0 -1 0 0 -1 0 0 -1 0 0 -1 0 0 -1 0 0 -1 0 0 -1 0 0 -1 0 0 -1 0 0 -1 0 0 -1 0 0 -1 0 0 -0.0629397 -0.982751 0.173892 0.0335042 -0.861949 0.505886 -0.0460591 -0.721689 0.690683 0.073675 -0.360378 0.929892 -0.0521572 -0.136401 0.98928 0.0917106 0.394411 0.914346 0.235532 0.205586 0.949873 0.099921 0.957117 0.271923 0.0894855 0.955045 0.282633 0.0467601 0.895582 -0.442433 0 0.935576 -0.353127 0 0.766044 -0.642788 0.0499759 0.637352 -0.76895 0.0053868 0.533329 -0.845891 0.0343758 0.123109 -0.991798 0.0395744 0.115408 -0.99253 -0.0333489 -0.405782 -0.913361 0.0959823 -0.58689 -0.803957 -0.0289374 -0.888344 -0.458266 0.117949 -0.980072 -0.159832 -1 0 0 -1 0 0 -1 0 0 -1 0 0 -1 0 0 -1 0 0 -1 0 0 -1 0 0 -1 0 0 -1 0 0 -1 0 0 -1 0 0 -1 0 0 -1 0 0 -1 0 0 -1 0 0 -1 0 0 -1 0 0 -1 0 0 -1 0 0 -1 0 0 -1 0 0 -1 0 0 -1 0 0 -1 0 0 -1 0 0 -1 0 0 -1 0 0 -1 0 0 -1 0 0 -1 0 0 -1 0 0 -1 0 0 -1 0 0 -0.00350702 -0.990302 0.13889 0.034905 -0.961187 0.273679 -0.0460848 -0.801287 0.596502 -1.20355e-08 -0.725995 0.687699 -0.0261532 -0.325402 0.945214 0.0261532 -0.413782 0.91 0.00407367 -0.0179282 0.999831 0.057138 0.171418 0.98354 -0.0323651 0.424811 0.904703 0.028604 0.718748 0.694682 -0.0026911 0.766392 0.642368 0.0262696 0.985792 0.165905 0.0500946 0.977419 0.205285 -0.00458301 0.972573 -0.232553 0.0368979 0.929241 -0.367628 -0.0243079 0.795858 -0.604995 0.0243079 0.647195 -0.761937 -0.0243079 0.46827 -0.883251 0.024308 0.267449 -0.963265 -0.00814721 0.12592 -0.992007 0.0295311 -0.208465 -0.977584 -0.017559 -0.324625 -0.94568 0.0175589 -0.600553 -0.799392 0 -0.635952 -0.771729 0 -0.856857 -0.515554 0 -0.856857 -0.515554 0 -0.987729 -0.156178 0.0377498 -0.97247 -0.229952 1 0 0 1 0 0 1 0 0 1 0 0 1 0 0 1 0 0 1 0 0 -1 0 0 -1 0 0 -1 0 0 -1 0 0 -1 0 0 -1 0 0 -1 0 0 -1 0 0 -1 0 0 -1 0 0 -1 0 0 -1 0 0 -1 0 0 -1 0 0 -1 0 0 -1 0 0 -1 0 0 0.0117246 -0.99317 0.116085 8.93498e-09 -0.939693 0.34202 0.00786392 -0.875456 0.483235 0 -0.835488 0.549509 0 -0.627934 0.778267 0 -0.627934 0.778267 0 -0.360032 0.93294 0 -0.360032 0.93294 0 -0.058145 0.998308 0 -0.058145 0.998308 0 0.173648 0.984808 -0.00786392 0.249282 0.968399 0.00393202 0.465902 0.884828 -0.0117245 0.597117 0.802068 0.0117245 0.765992 0.642743 -0.00393203 0.856241 0.516562 0.010764 0.968338 0.249411 -0.0037432 0.989093 0.147244 0.0037432 0.989093 -0.147244 0 0.984783 -0.17379 0 0.856248 -0.516566 0 0.856248 -0.516566 0 0.657404 -0.753539 -0.0117245 0.597117 -0.802068 0.00393202 0.323879 -0.94609 -0.00393205 0.249288 -0.968421 0.00786391 0.0192344 -0.999784 -0.00786388 -0.135172 -0.990791 0.00393205 -0.360029 -0.932933 -0.00393205 -0.431524 -0.902093 0.00786391 -0.627914 -0.778243 0 -0.686242 -0.727374 0 -0.835488 -0.549509 0 -0.835488 -0.549509 0 -0.939693 -0.34202 -0.0078639 -0.963299 -0.268315 0 -0.993238 -0.116093 0 -0.993238 -0.116093 0 -0.981285 0.192559 0.79846 0.559047 -0.223447 0.338566 -0.747454 -0.571565 0.400378 0.36794 0.839236 0.754446 0.425512 -0.49975 0.941027 0.0101442 -0.338179 0.621958 0.338927 -0.705901 0.0830261 -0.449059 0.889636 0.0247836 0.681944 0.730985 0.0484457 0.60794 0.792504 -0.0389583 0.689791 0.72296 0.0433135 0.95256 0.301252 -0.0103049 0.97319 0.229772 0.02303 0.989236 0.144503 0.0677425 -0.315292 0.946574 0.0341033 -0.276139 0.960513 -0.00717737 0.227196 0.973823 0.0462327 0.290188 0.955852 -0.0452388 -0.992474 0.11379 -0.0852122 -0.984186 0.155297 0.0240869 -0.822309 0.568532 -0.0806032 -0.687598 0.721604 -0.00375108 -0.644812 -0.764332 0.0480025 -0.753465 -0.655733 -0.0652588 -0.92913 -0.363949 0.0143127 -0.976224 -0.216292 0.0641369 0.530768 -0.845087 -0.0692354 0.280744 -0.957282 0.0836004 -0.024374 -0.996201 -0.0302273 -0.281917 -0.958963 0.0641055 -0.444953 -0.893257 0.0163683 0.971206 -0.237679 0 0.965495 -0.260422 0 0.823628 -0.56713 -0.073967 0.727777 -0.681813 0.0590454 0.473811 -0.878645 -0.741621 0.202912 -0.639394 -0.83357 0.0836063 0.54605 0.746159 0.601597 -0.285179 0.114027 0.0506088 -0.992188 -0.344441 0.233894 0.909205 -0.693407 0.145007 -0.705805 0.0129466 0.197231 0.980272 -0.421933 0.243857 0.873216 -0.858729 -0.0594821 -0.508967 -0.127416 0.244017 -0.961364 0.487867 0.0280878 -0.872466 0.802025 0.284121 -0.525386 0.963763 0.113878 0.241233 0.891906 0.194945 0.408045 0.685937 0.149389 0.712161 0.793004 0.347067 -0.500688 -0.231166 0.556687 -0.797911 0.708502 0.246988 0.661076 -0.571947 0.494533 -0.654457 -0.94461 0.326877 -0.0293905 -0.95041 0.297784 -0.0896994 0.456351 0.414256 -0.787487 -0.291755 0.148508 0.944894 0.291755 -0.148508 -0.944894 -0.473674 0.195219 0.858791 0 -1 0 0 -1 0 0 -1 0 0 -1 0 0 -1 0 0 -1 0 0 -1 0 0.831719 0.514929 0.207586 -0.548963 0.453545 -0.702095 0.529466 0.36251 -0.766976 0.562427 0.383348 0.732612 0.392344 0.378469 -0.838348 0.392999 -0.0212311 0.919294 0.585407 0.0165828 0.81057 0.989167 -0.031296 0.143422 0.988428 0.0263357 -0.149388 0.604366 -0.0250147 -0.796314 0.373851 0.0190182 -0.927294 -0.212741 -0.0143832 -0.977003 -0.638808 0.0334232 -0.76864 -0.862507 -0.0155447 -0.505807 -0.983399 0.024075 0.179855 -0.970695 0.0118055 0.240025 -0.447656 0.00257765 0.894202 -0.374528 0.0151986 0.927091 0.389728 -0.163453 0.906309 0.903142 0.413888 0.114152 -0.421464 -0.0012008 0.906844 -0.0547668 -0.993436 0.100429 0.306761 -0.950898 -0.0411125 -0.0864023 -0.987655 0.130659 0.00292546 -0.999889 0.0146066 0.0911407 -0.994899 -0.0432335 0.121985 -0.992106 -0.0290867 0.0295392 -0.626333 -0.778996 -0.153218 -0.977352 -0.145972 -0.302829 0.948175 0.0962268 -0.0435119 -0.989315 0.139151 0.296381 -0.865515 0.403785 0 1 0 0 1 0 -0.573343 -0.562226 0.595969 0.46777 0.8174 -0.336227 0.081772 -0.215148 -0.973152 0.0394014 -0.918565 -0.393301 0.123766 0.970658 0.206168 0.14935 0.12666 0.980639 0.151647 -0.942506 -0.2978 0.147047 -0.94556 -0.290334 0.227812 0.92883 -0.292193 0.299323 0.891271 0.340648 0.183997 -0.542794 0.819463 0.0414998 0.922286 0.384275 0.081792 0.468926 -0.879442 0.240545 -0.458492 0.855525 0.0260139 0.110093 0.993581 0.106788 0.950485 0.291846 -0.080898 0.995735 -0.0443525 0.161671 0.319857 -0.933571 0.140872 0.261055 -0.95499 0.233156 -0.0102567 -0.972385 0.0758774 -0.76645 -0.637806 0.131521 -0.842299 -0.522719 -0.0455399 -0.864619 0.50036 0.640523 -0.293874 -0.709484 0.358691 -0.599671 0.715357 0.844087 0.535705 -0.0231865 0.334315 0.76883 0.5451 0.190222 -0.0794472 -0.978521 0.0650837 -0.641058 0.764728 -1 0 0 -1 0 0 -1 0 0 -1 0 0 -1 0 0 -1 0 0 -1 0 0 0.319096 -0.930028 0.182279 0.748756 -0.50903 -0.424561 0.551959 0.219413 -0.804487 0.212522 0.266019 0.940249 0.448349 0.846074 -0.288343 0.0334839 -0.254776 0.96642 -0.0199175 -0.640283 0.767881 0.0134358 -0.930272 0.366624 -0.0142688 -0.996597 0.0811841 0.0132399 -0.920339 -0.390897 -0.0188073 -0.797868 -0.602539 0.00247325 -0.563529 -0.826093 -0.02369 0.177912 -0.983761 -0.0354092 0.128049 -0.991136 0.00284091 0.915597 -0.402087 0.00924018 0.904015 -0.427402 -0.00658313 0.812971 0.582267 0.033631 0.665615 0.745537 -0.012175 0.140351 0.990027 -0.265109 -0.530908 0.804894 0.272791 -0.904984 0.326481 0.461737 -0.859917 0.21758 -0.581187 -0.509237 -0.634744 0.459837 -0.858714 -0.226188 0.3914 -0.158491 -0.906469 0.34647 0.522326 -0.779188 -0.49289 -0.325756 -0.80681 0.0114116 0.781943 0.623246 0.47149 0.480197 0.739668 -0.157283 0.985872 -0.0576089 -0.0806162 -0.211097 0.974135 0.571217 0.122735 0.811571 0.902442 0.381137 0.200831 0.995994 0.0544311 -0.0709413 -0.903079 -0.384373 -0.191589 -0.994916 -0.098807 0.0194611 -0.970974 -0.137707 0.195566 -0.870921 0.16304 0.463588 -0.741243 0.263617 -0.617304 0.724588 -0.0707426 -0.685542 -0.983086 -0.134676 -0.124113 -0.990148 -0.0742621 -0.118713 -0.859876 0.243088 -0.448911 -0.991549 0.116733 0.056608 -0.995816 0.057651 0.0709038 -0.982307 -0.0332373 0.184303 -0.985691 -0.161905 0.0469074 1 0 0 1 0 0 0.998257 -0.0273235 0.0523196 -0.562226 0.573343 0.595969 0.8174 -0.46777 -0.336227 -0.215148 -0.081772 -0.973152 0.970658 -0.123766 0.206168 0.12666 -0.14935 0.980639 -0.918565 -0.0394014 -0.393301 -0.942506 -0.151647 -0.2978 -0.94556 -0.147047 -0.290334 0.92883 -0.227812 -0.292193 0.891271 -0.299323 0.340648 -0.542794 -0.183997 0.819463 0.922286 -0.0414998 0.384275 0.468926 -0.081792 -0.879442 -0.458492 -0.240545 0.855525 0.110093 -0.0260139 0.993581 0.950485 -0.106788 0.291846 0.995735 0.080898 -0.0443525 0.319857 -0.161671 -0.933571 0.261055 -0.140872 -0.95499 -0.0102567 -0.233156 -0.972385 -0.76645 -0.0758774 -0.637806 -0.842299 -0.131521 -0.522719 -0.864619 0.0455399 0.50036 -0.293874 -0.640523 -0.709484 -0.599671 -0.358691 0.715357 0.535705 -0.844087 -0.0231865 0.76883 -0.334315 0.5451 -0.0794472 -0.190222 -0.978521 -0.641058 -0.0650837 0.764728 0 1 0 0 1 0 0 1 0 0 1 0 0 1 0 0 1 0 0 1 0 -0.930028 -0.319096 0.182279 -0.50903 -0.748756 -0.424561 0.219413 -0.551959 -0.804487 0.846074 -0.448349 -0.288343 0.266019 -0.212522 0.940249 -0.178278 -0.0287988 0.983559 -0.393063 0.0111678 0.919444 -0.961929 -0.0204381 0.272535 -0.959477 -0.018284 0.281193 -0.797953 0.0118434 -0.602603 -0.748699 -0.000770087 -0.66291 -0.0789983 0.0190903 -0.996692 0.163882 -0.0208087 -0.98626 0.640272 0.0207411 -0.767868 0.919538 -0.0323146 -0.39167 0.998697 0.0230432 0.045543 0.814799 -0.0201556 0.579393 0.604292 0.0295269 0.796216 -0.530908 0.265109 0.804894 -0.904984 -0.272791 0.326481 -0.859917 -0.461737 0.21758 -0.509234 0.58119 -0.634743 -0.858714 -0.459837 -0.226188 -0.158491 -0.3914 -0.906469 0.522326 -0.34647 -0.779188 -0.325756 0.492894 -0.806807 0.781943 -0.0114116 0.623246 0.480197 -0.47149 0.739668 0.985872 0.157283 -0.0576089 -0.211097 0.0806162 0.974135 0.122735 -0.571217 0.811571 0.170327 -0.985378 0.00436815 -0.384371 0.903079 -0.191589 -0.0988069 0.994916 0.0194608 -0.137707 0.970974 0.195566 0.16304 0.870921 0.463588 0.263617 0.741243 -0.617304 -0.0707426 -0.724588 -0.685542 0.0786743 0.99464 0.067088 -0.052067 0.997795 0.041169 -0.00132602 -0.996339 0.085482 -0.0065631 -0.988837 -0.14886 -0.333409 -0.700197 -0.631318 -0.449416 -0.507621 -0.735082 -0.195746 0.941837 -0.273178 -0.0994254 0.464855 -0.879786 -0.283841 -0.826499 0.486141 -0.188175 0.398332 0.897732 -0.0567867 0.996388 0.063131 -0.164936 -0.561427 0.810923 -0.209332 -0.938925 0.27313 -0.188127 0.398413 0.897706 -0.214407 -0.183495 0.959354 -0.094766 -0.994825 -0.036635 0.0281036 -0.977455 -0.209264 -0.119554 -0.168547 -0.978417 -0.0417514 0.0244406 -0.998829 -0.269333 0.548189 -0.791801 -0.161672 0.950474 -0.265444 -0.435288 -0.503942 -0.746034 -0.399174 0.911552 -0.0986524 0.795059 -0.588799 0.145593 0.869737 0.491572 0.0437527 0.86401 -0.434303 -0.254692 0.786333 0.259709 0.560564 0.911182 -0.0876594 -0.402571 0.746912 -0.254167 0.614428 0.906224 0.255605 -0.336786 -0.397463 0.774298 -0.492428 -0.30107 0.604837 0.737244 -0.550028 0.103941 -0.828653 -0.384718 0.738517 0.553701 -0.64268 -0.75748 -0.11483 -0.355377 -0.29251 0.887775 -0.00883002 0.217757 0.975963 0.0227144 0.420267 0.907116 -0.0254497 0.916519 0.399182 0.0324586 0.995538 0.0886086 -0.0177788 0.78656 -0.617258 0.0271222 0.604333 -0.79627 -0.00882776 0.042061 -0.999076 0.0136955 -0.212743 -0.977012 -0.00526559 -0.476804 -0.878994 0.0288255 -0.862253 -0.505658 -0.00679281 -0.960741 -0.277362 0.0187323 -0.970592 0.239999 0.0168442 -0.967461 0.252458 -0.00738565 -0.38224 0.924033 0.020087 -0.495365 0.868453 0.842157 0.198075 0.501535 -0.205005 0.9674 0.148696 0.551152 -0.145001 -0.82171 0.554134 0.654863 -0.513897 -0.342023 -0.646328 -0.682115 -0.103474 -0.950505 0.292973 0.831752 0.260108 0.490441 -0.237061 -0.340334 0.909931 -0.963801 0.0152174 -0.266189 -0.851078 0.524824 0.0150183 -0.887131 0.0244728 0.460868 0.845624 0.501565 0.182625 0.959723 -0.187934 -0.208835 0.914683 0.325249 -0.239931 0.981337 0.108118 0.159026 0.993246 -0.0314132 -0.111694 0.993879 -0.0685445 0.0866401 -0.999798 -0.0171985 -0.0104304 -0.999679 -0.0232849 0.00997815</float_array>
                    <technique_common>
                        <accessor count="9999" source="#shape0-lib-normals-array" stride="3">
                            <param name="X" type="float"/>
                            <param name="Y" type="float"/>
                            <param name="Z" type="float"/>
                        </accessor>
                    </technique_common>
                </source>
                <vertices id="shape0-lib-vertices">
                    <input semantic="POSITION" source="#shape0-lib-positions"/>
                </vertices>
                <triangles count="9999">
                    <input offset="0" semantic="VERTEX" source="#shape0-lib-vertices"/>
                    <input offset="1" semantic="NORMAL" source="#shape0-lib-normals"/>
                    <p>4 0 0 0 1 0 1 1 0 1 2 1 1 2 2 2 3 2 4 3 5 3 6 3 6 4 5 4 7 4 6 5 7 5 8 5 8 6 7 6 1564 6 10 7 9 7 11 7 10 8 11 8 12 8 12 9 13 9 14 9 13 10 15 10 14 10 14 11 15 11 1539 11 16 12 17 12 18 12 18 13 17 13 19 13 18 14 19 14 20 14 20 15 19 15 21 15 20 16 21 16 22 16 22 17 21 17 23 17 22 18 23 18 14 18 14 19 23 19 10 19 14 20 10 20 12 20 24 21 25 21 26 21 26 22 25 22 27 22 26 23 27 23 28 23 29 24 30 24 31 24 31 25 30 25 17 25 31 26 17 26 24 26 24 27 17 27 16 27 24 28 16 28 25 28 32 29 33 29 34 29 34 30 33 30 35 30 34 31 35 31 27 31 27 32 35 32 29 32 27 33 29 33 28 33 28 34 29 34 31 34 36 35 37 35 38 35 38 36 37 36 39 36 38 37 39 37 40 37 41 38 42 38 43 38 43 39 42 39 33 39 43 40 33 40 36 40 36 41 33 41 32 41 36 42 32 42 37 42 0 43 4 43 6 43 0 44 6 44 44 44 44 45 6 45 45 45 44 46 45 46 46 46 46 47 45 47 47 47 46 48 47 48 48 48 48 49 47 49 49 49 48 50 49 50 39 50 39 51 49 51 41 51 39 52 41 52 40 52 40 53 41 53 43 53 50 54 51 54 52 54 53 55 54 55 55 55 59 56 58 56 60 56 59 57 60 57 61 57 56 58 62 58 57 58 57 59 62 59 63 59 57 60 63 60 64 60 64 61 63 61 1532 61 65 62 66 62 67 62 69 63 68 63 70 63 70 64 71 64 69 64 69 65 71 65 1575 65 72 66 73 66 74 66 74 67 73 67 75 67 74 68 75 68 76 68 76 69 75 69 77 69 76 70 77 70 78 70 78 71 77 71 79 71 78 72 79 72 57 72 57 73 79 73 61 73 57 74 61 74 56 74 56 75 61 75 60 75 80 76 81 76 82 76 82 77 81 77 83 77 82 78 83 78 55 78 55 79 83 79 84 79 55 80 84 80 53 80 53 81 84 81 85 81 53 82 85 82 86 82 86 83 85 83 73 83 86 84 73 84 87 84 87 85 73 85 72 85 87 86 72 86 54 86 54 87 72 87 88 87 54 88 88 88 55 88 65 89 68 89 66 89 66 90 68 90 69 90 66 91 69 91 89 91 89 92 69 92 90 92 89 93 90 93 91 93 91 94 90 94 92 94 91 95 92 95 93 95 93 96 92 96 94 96 93 97 94 97 52 97 52 98 94 98 95 98 52 99 95 99 50 99 50 100 95 100 96 100 50 101 96 101 97 101 97 102 96 102 81 102 97 103 81 103 98 103 98 104 81 104 80 104 98 105 80 105 51 105 51 106 80 106 99 106 51 107 99 107 52 107 101 108 100 108 102 108 101 109 102 109 103 109 103 110 104 110 105 110 104 111 106 111 105 111 105 112 106 112 1528 112 111 113 107 113 108 113 108 114 107 114 109 114 108 115 109 115 110 115 111 116 112 116 113 116 113 117 112 117 114 117 113 118 114 118 115 118 115 119 114 119 1546 119 116 120 117 120 118 120 118 121 117 121 119 121 118 122 119 122 120 122 120 123 119 123 121 123 120 124 121 124 122 124 122 125 121 125 123 125 122 126 123 126 105 126 105 127 123 127 101 127 105 128 101 128 103 128 124 129 125 129 126 129 126 130 125 130 127 130 126 131 127 131 128 131 129 132 130 132 131 132 131 133 130 133 117 133 131 134 117 134 124 134 124 135 117 135 116 135 124 136 116 136 125 136 132 137 133 137 134 137 134 138 133 138 135 138 134 139 135 139 127 139 127 140 135 140 129 140 127 141 129 141 128 141 128 142 129 142 131 142 136 143 137 143 138 143 138 144 137 144 139 144 138 145 139 145 140 145 141 146 142 146 143 146 143 147 142 147 133 147 143 148 133 148 136 148 136 149 133 149 132 149 136 150 132 150 137 150 107 151 111 151 113 151 107 152 113 152 144 152 144 153 113 153 145 153 144 154 145 154 146 154 146 155 145 155 147 155 146 156 147 156 148 156 148 157 147 157 149 157 148 158 149 158 139 158 139 159 149 159 141 159 139 160 141 160 140 160 140 161 141 161 143 161 150 162 151 162 152 162 153 163 154 163 155 163 160 164 156 164 157 164 157 165 156 165 158 165 157 166 158 166 159 166 160 167 161 167 162 167 162 168 161 168 163 168 162 169 163 169 164 169 164 170 163 170 1521 170 165 171 166 171 167 171 169 172 168 172 170 172 170 173 171 173 169 173 169 174 171 174 1557 174 172 175 173 175 174 175 174 176 173 176 175 176 174 177 175 177 176 177 176 178 175 178 177 178 176 179 177 179 178 179 178 180 177 180 179 180 178 181 179 181 162 181 162 182 179 182 156 182 162 183 156 183 160 183 180 184 181 184 182 184 182 185 181 185 183 185 182 186 183 186 155 186 155 187 183 187 184 187 155 188 184 188 153 188 153 189 184 189 185 189 153 190 185 190 186 190 186 191 185 191 173 191 186 192 173 192 187 192 187 193 173 193 172 193 187 194 172 194 154 194 154 195 172 195 188 195 154 196 188 196 155 196 165 197 168 197 166 197 166 198 168 198 169 198 166 199 169 199 189 199 189 200 169 200 190 200 189 201 190 201 191 201 191 202 190 202 192 202 191 203 192 203 193 203 193 204 192 204 194 204 193 205 194 205 152 205 152 206 194 206 195 206 152 207 195 207 150 207 150 208 195 208 196 208 150 209 196 209 197 209 197 210 196 210 181 210 197 211 181 211 198 211 198 212 181 212 180 212 198 213 180 213 151 213 151 214 180 214 199 214 151 215 199 215 152 215 313 216 3136 216 312 216 296 217 201 217 237 217 237 218 3131 218 201 218 3131 219 237 219 201 219 306 220 311 220 205 220 205 221 311 221 208 221 208 222 204 222 205 222 205 223 204 223 206 223 311 224 206 224 207 224 311 225 207 225 208 225 305 226 3141 226 311 226 3141 227 3137 227 209 227 209 228 311 228 210 228 212 229 307 229 214 229 211 230 213 230 311 230 311 231 213 231 307 231 217 232 216 232 311 232 311 233 312 233 313 233 311 234 313 234 217 234 217 235 313 235 219 235 218 236 219 236 215 236 215 237 219 237 313 237 223 238 222 238 311 238 202 239 3134 239 224 239 202 240 225 240 3134 240 225 241 224 241 226 241 225 242 226 242 224 242 225 243 224 243 311 243 225 244 228 244 227 244 311 245 224 245 227 245 227 246 3134 246 225 246 225 247 311 247 228 247 296 248 311 248 229 248 231 249 230 249 296 249 296 250 230 250 231 250 296 251 237 251 231 251 3132 252 231 252 237 252 231 253 3132 253 296 253 3130 254 296 254 233 254 296 255 232 255 2002 255 296 256 3130 256 3127 256 296 257 3127 257 232 257 296 258 1959 258 233 258 233 259 1959 259 2002 259 233 260 2002 260 232 260 237 261 234 261 1959 261 235 262 236 262 1959 262 238 263 239 263 240 263 240 264 239 264 243 264 240 265 243 265 241 265 235 266 1959 266 242 266 242 267 1959 267 234 267 242 268 234 268 237 268 241 269 243 269 236 269 236 270 243 270 1959 270 244 271 311 271 296 271 2003 272 244 272 2004 272 296 273 2004 273 244 273 246 274 311 274 247 274 246 275 247 275 3124 275 3124 276 247 276 246 276 250 277 311 277 249 277 311 278 250 278 310 278 249 279 311 279 251 279 251 280 311 280 252 280 253 281 311 281 254 281 254 282 311 282 255 282 255 283 311 283 223 283 223 284 311 284 255 284 255 285 311 285 245 285 255 286 245 286 311 286 256 287 257 287 311 287 256 288 259 288 258 288 246 289 3125 289 259 289 259 290 3125 290 258 290 246 291 259 291 311 291 311 292 259 292 256 292 311 293 260 293 261 293 261 294 260 294 311 294 261 295 311 295 248 295 262 296 263 296 272 296 265 297 3128 297 264 297 311 298 265 298 261 298 272 299 266 299 262 299 262 300 266 300 267 300 267 301 266 301 261 301 267 302 261 302 268 302 268 303 261 303 265 303 268 304 265 304 264 304 269 305 270 305 275 305 263 306 271 306 272 306 272 307 271 307 269 307 272 308 269 308 2015 308 2015 309 269 309 275 309 273 310 274 310 270 310 270 311 274 311 275 311 273 312 276 312 274 312 274 313 276 313 277 313 277 314 278 314 279 314 274 315 277 315 280 315 309 316 280 316 277 316 311 317 281 317 2007 317 282 318 311 318 2005 318 2005 319 311 319 2003 319 2003 320 311 320 244 320 3126 321 296 321 283 321 296 322 3126 322 284 322 284 323 3126 323 283 323 283 324 296 324 2002 324 283 325 2002 325 2004 325 283 326 2004 326 284 326 284 327 2004 327 296 327 296 328 286 328 285 328 285 329 1959 329 296 329 286 330 296 330 237 330 1959 331 285 331 237 331 237 332 285 332 286 332 287 333 288 333 289 333 289 334 288 334 290 334 289 335 290 335 291 335 291 336 290 336 292 336 291 337 292 337 238 337 238 338 292 338 239 338 287 339 293 339 288 339 288 340 293 340 294 340 288 341 294 341 296 341 295 342 3145 342 215 342 311 343 3144 343 295 343 3128 344 265 344 264 344 264 345 265 345 311 345 264 346 311 346 295 346 264 347 295 347 215 347 256 348 255 348 257 348 257 349 255 349 311 349 297 350 311 350 296 350 3132 351 237 351 296 351 296 352 297 352 298 352 311 353 227 353 228 353 220 354 302 354 222 354 220 355 223 355 302 355 302 356 223 356 311 356 311 357 222 357 300 357 301 358 311 358 300 358 299 359 311 359 301 359 311 360 299 360 302 360 303 361 300 361 3135 361 303 362 3135 362 299 362 247 363 311 363 261 363 247 364 261 364 256 364 247 365 256 365 246 365 246 366 256 366 258 366 209 367 304 367 311 367 203 368 311 368 3141 368 304 369 200 369 311 369 200 370 305 370 311 370 311 371 205 371 206 371 3139 372 205 372 306 372 306 373 205 373 311 373 261 374 248 374 311 374 3144 375 311 375 215 375 311 376 203 376 210 376 279 377 311 377 2007 377 282 378 281 378 311 378 297 379 296 379 298 379 296 380 229 380 311 380 296 381 311 381 297 381 277 382 279 382 2007 382 277 383 2007 383 308 383 277 384 308 384 309 384 288 385 296 385 310 385 313 386 312 386 311 386 313 387 311 387 279 387 313 388 279 388 215 388 218 389 215 389 311 389 218 390 311 390 216 390 3144 391 215 391 3145 391 296 392 311 392 310 392 316 393 600 393 350 393 319 394 320 394 3009 394 321 395 494 395 322 395 380 396 477 396 323 396 2985 397 324 397 2990 397 2990 398 324 398 318 398 318 399 324 399 325 399 326 400 327 400 328 400 328 401 327 401 3040 401 316 402 350 402 326 402 2984 403 329 403 330 403 330 404 329 404 331 404 330 405 331 405 332 405 333 406 315 406 3034 406 333 407 3034 407 334 407 336 408 3001 408 335 408 338 409 339 409 2994 409 2994 410 339 410 3041 410 3041 411 339 411 3036 411 340 412 341 412 342 412 342 413 341 413 343 413 342 414 343 414 322 414 322 415 343 415 344 415 340 416 342 416 345 416 345 417 342 417 336 417 345 418 336 418 346 418 346 419 336 419 335 419 347 420 348 420 336 420 336 421 348 421 349 421 336 422 349 422 3001 422 3001 423 349 423 502 423 2995 424 380 424 323 424 2995 425 323 425 317 425 326 426 350 426 327 426 327 427 350 427 2988 427 354 428 352 428 353 428 354 429 353 429 355 429 354 430 355 430 357 430 357 431 355 431 356 431 357 432 356 432 358 432 357 433 358 433 375 433 375 434 358 434 359 434 354 435 360 435 361 435 354 436 361 436 396 436 396 437 361 437 421 437 3016 438 362 438 319 438 337 439 2994 439 3041 439 337 440 3041 440 363 440 363 441 3041 441 364 441 364 442 3041 442 3039 442 364 443 3039 443 365 443 365 444 3039 444 366 444 366 445 3039 445 367 445 366 446 367 446 368 446 368 447 367 447 369 447 369 448 367 448 327 448 369 449 327 449 351 449 351 450 327 450 2988 450 2988 451 2990 451 351 451 351 452 2990 452 318 452 351 453 318 453 370 453 370 454 318 454 2983 454 370 455 2983 455 371 455 371 456 2983 456 372 456 372 457 2983 457 373 457 373 458 2983 458 374 458 373 459 374 459 333 459 333 460 374 460 330 460 333 461 330 461 315 461 315 462 330 462 332 462 315 463 332 463 314 463 334 464 3034 464 359 464 359 465 3034 465 3035 465 359 466 3035 466 375 466 3021 467 376 467 385 467 385 468 376 468 377 468 385 469 377 469 3019 469 3019 470 377 470 710 470 3009 471 3016 471 319 471 378 472 3006 472 379 472 380 473 2995 473 337 473 380 474 337 474 381 474 380 475 381 475 3002 475 3002 476 381 476 382 476 3002 477 382 477 335 477 3002 478 335 478 3001 478 337 479 2995 479 383 479 337 480 383 480 384 480 337 481 384 481 2994 481 718 482 398 482 386 482 386 483 398 483 405 483 386 484 405 484 387 484 392 485 3016 485 388 485 388 486 3016 486 3009 486 388 487 3009 487 389 487 389 488 3009 488 3010 488 389 489 3010 489 390 489 390 490 3010 490 344 490 379 491 321 491 378 491 378 492 321 492 322 492 378 493 322 493 344 493 378 494 344 494 3010 494 352 495 397 495 391 495 399 496 392 496 388 496 393 497 394 497 3035 497 3035 498 394 498 375 498 375 499 394 499 395 499 354 500 396 500 352 500 396 501 397 501 352 501 405 502 398 502 399 502 391 503 385 503 352 503 352 504 385 504 3019 504 352 505 3019 505 400 505 400 506 3019 506 401 506 401 507 3019 507 3020 507 401 508 3020 508 402 508 402 509 3020 509 403 509 403 510 3020 510 404 510 404 511 3020 511 405 511 404 512 405 512 406 512 406 513 405 513 388 513 388 514 405 514 399 514 3032 515 410 515 2975 515 409 516 2976 516 412 516 2976 517 409 517 3033 517 3033 518 409 518 413 518 414 519 2973 519 3033 519 433 520 393 520 2973 520 3028 521 415 521 416 521 419 522 2947 522 3029 522 432 523 360 523 2947 523 421 524 420 524 422 524 936 525 931 525 3023 525 423 526 408 526 930 526 424 527 2985 527 2986 527 2981 528 425 528 426 528 407 529 2982 529 428 529 2982 530 407 530 429 530 430 531 2950 531 2982 531 431 532 2984 532 2950 532 360 533 432 533 361 533 361 534 432 534 420 534 361 535 420 535 421 535 393 536 433 536 394 536 394 537 433 537 434 537 394 538 434 538 415 538 394 539 415 539 395 539 395 540 415 540 3028 540 2984 541 431 541 329 541 329 542 431 542 435 542 329 543 435 543 331 543 331 544 435 544 436 544 331 545 436 545 332 545 332 546 436 546 410 546 332 547 410 547 314 547 314 548 410 548 3032 548 2985 549 424 549 324 549 324 550 424 550 437 550 324 551 437 551 425 551 324 552 425 552 325 552 325 553 425 553 2981 553 2947 554 419 554 432 554 432 555 419 555 438 555 432 556 438 556 439 556 432 557 439 557 420 557 420 558 439 558 3023 558 420 559 3023 559 422 559 2973 560 414 560 433 560 433 561 414 561 440 561 433 562 440 562 441 562 433 563 441 563 434 563 434 564 441 564 417 564 434 565 417 565 415 565 415 566 417 566 416 566 2950 567 430 567 431 567 431 568 430 568 442 568 431 569 442 569 435 569 435 570 442 570 443 570 435 571 443 571 436 571 436 572 443 572 411 572 436 573 411 573 410 573 410 574 411 574 2975 574 2986 575 408 575 444 575 2986 576 444 576 424 576 424 577 444 577 445 577 424 578 445 578 437 578 437 579 445 579 427 579 437 580 427 580 425 580 425 581 427 581 426 581 419 582 446 582 438 582 438 583 446 583 447 583 438 584 447 584 439 584 439 585 447 585 936 585 439 586 936 586 3023 586 3033 587 413 587 414 587 414 588 413 588 448 588 414 589 448 589 440 589 440 590 448 590 449 590 440 591 449 591 441 591 441 592 449 592 418 592 441 593 418 593 417 593 417 594 418 594 3029 594 417 595 3029 595 416 595 2982 596 429 596 430 596 430 597 429 597 450 597 430 598 450 598 442 598 442 599 450 599 451 599 442 600 451 600 443 600 443 601 451 601 412 601 443 602 412 602 411 602 411 603 412 603 2976 603 411 604 2976 604 2975 604 408 605 423 605 452 605 408 606 452 606 444 606 444 607 452 607 453 607 444 608 453 608 445 608 445 609 453 609 428 609 445 610 428 610 427 610 427 611 428 611 2982 611 427 612 2982 612 426 612 455 613 454 613 1875 613 455 614 1875 614 456 614 455 615 456 615 457 615 455 616 458 616 454 616 454 617 458 617 459 617 459 618 458 618 460 618 459 619 460 619 461 619 461 620 460 620 462 620 461 621 462 621 463 621 463 622 462 622 464 622 463 623 464 623 465 623 465 624 464 624 466 624 465 625 466 625 467 625 467 626 466 626 2924 626 467 627 2924 627 468 627 468 628 2924 628 469 628 468 629 469 629 470 629 470 630 469 630 471 630 470 631 471 631 472 631 472 632 471 632 473 632 472 633 473 633 474 633 474 634 473 634 475 634 474 635 475 635 456 635 456 636 475 636 457 636 918 637 922 637 476 637 477 638 479 638 480 638 3006 639 481 639 482 639 483 640 3011 640 484 640 484 641 3011 641 912 641 485 642 319 642 362 642 485 643 362 643 483 643 483 644 362 644 3011 644 320 645 319 645 488 645 486 646 492 646 487 646 488 647 489 647 487 647 487 648 489 648 490 648 487 649 490 649 486 649 481 650 492 650 491 650 491 651 492 651 486 651 496 652 501 652 497 652 501 653 498 653 497 653 498 654 499 654 500 654 347 655 501 655 496 655 503 656 2999 656 502 656 504 657 2999 657 476 657 476 658 2999 658 503 658 506 659 927 659 509 659 477 660 478 660 323 660 323 661 478 661 505 661 323 662 505 662 317 662 317 663 505 663 2992 663 3006 664 482 664 379 664 379 665 482 665 507 665 379 666 507 666 321 666 321 667 507 667 493 667 321 668 493 668 494 668 477 669 480 669 478 669 478 670 480 670 508 670 478 671 508 671 505 671 505 672 508 672 509 672 505 673 509 673 2992 673 482 674 510 674 507 674 507 675 510 675 495 675 507 676 495 676 493 676 493 677 495 677 499 677 493 678 499 678 494 678 479 679 504 679 511 679 479 680 511 680 480 680 480 681 511 681 506 681 480 682 506 682 508 682 508 683 506 683 509 683 481 684 491 684 482 684 482 685 491 685 512 685 482 686 512 686 510 686 510 687 512 687 500 687 510 688 500 688 495 688 495 689 500 689 499 689 488 690 319 690 485 690 488 691 485 691 489 691 489 692 485 692 483 692 489 693 483 693 490 693 490 694 483 694 484 694 1989 695 927 695 513 695 513 696 927 696 506 696 513 697 506 697 514 697 514 698 506 698 511 698 514 699 511 699 504 699 514 700 504 700 515 700 476 701 922 701 504 701 504 702 922 702 515 702 516 703 918 703 476 703 516 704 476 704 517 704 517 705 476 705 503 705 517 706 503 706 518 706 518 707 503 707 502 707 518 708 502 708 349 708 349 709 348 709 518 709 518 710 348 710 347 710 518 711 347 711 517 711 517 712 347 712 496 712 517 713 496 713 516 713 516 714 496 714 497 714 516 715 497 715 918 715 918 716 497 716 919 716 917 717 519 717 512 717 512 718 519 718 500 718 500 719 519 719 916 719 500 720 916 720 498 720 498 721 916 721 921 721 498 722 921 722 497 722 497 723 921 723 920 723 497 724 920 724 919 724 917 725 512 725 520 725 520 726 512 726 491 726 520 727 491 727 913 727 913 728 491 728 486 728 913 729 486 729 521 729 521 730 486 730 490 730 521 731 490 731 522 731 484 732 912 732 915 732 484 733 915 733 490 733 490 734 915 734 522 734 525 735 523 735 524 735 525 736 524 736 526 736 525 737 526 737 527 737 525 738 528 738 523 738 523 739 528 739 1919 739 1919 740 528 740 529 740 1919 741 529 741 1872 741 1872 742 529 742 530 742 1872 743 530 743 531 743 531 744 530 744 532 744 531 745 532 745 533 745 533 746 532 746 534 746 533 747 534 747 535 747 535 748 534 748 536 748 535 749 536 749 537 749 537 750 536 750 538 750 537 751 538 751 539 751 539 752 538 752 540 752 539 753 540 753 541 753 541 754 540 754 542 754 541 755 542 755 543 755 543 756 542 756 544 756 543 757 544 757 526 757 526 758 544 758 527 758 547 759 545 759 546 759 547 760 546 760 548 760 547 761 548 761 549 761 547 762 550 762 545 762 545 763 550 763 551 763 551 764 550 764 552 764 551 765 552 765 553 765 553 766 552 766 554 766 553 767 554 767 555 767 555 768 554 768 556 768 555 769 556 769 557 769 557 770 556 770 558 770 557 771 558 771 559 771 559 772 558 772 560 772 559 773 560 773 561 773 561 774 560 774 562 774 561 775 562 775 563 775 563 776 562 776 564 776 563 777 564 777 565 777 565 778 564 778 566 778 565 779 566 779 567 779 567 780 566 780 568 780 567 781 568 781 548 781 548 782 568 782 549 782 571 783 569 783 570 783 571 784 570 784 572 784 571 785 572 785 573 785 571 786 574 786 569 786 569 787 574 787 1874 787 1874 788 574 788 575 788 1874 789 575 789 576 789 576 790 575 790 577 790 576 791 577 791 578 791 578 792 577 792 579 792 578 793 579 793 580 793 580 794 579 794 581 794 580 795 581 795 582 795 582 796 581 796 2925 796 582 797 2925 797 583 797 583 798 2925 798 584 798 583 799 584 799 585 799 585 800 584 800 586 800 585 801 586 801 587 801 587 802 586 802 588 802 587 803 588 803 589 803 589 804 588 804 590 804 589 805 590 805 572 805 572 806 590 806 573 806 592 807 591 807 926 807 593 808 338 808 2991 808 3036 809 594 809 3038 809 597 810 2962 810 3037 810 598 811 3040 811 2962 811 600 812 599 812 601 812 1980 813 930 813 602 813 3040 814 598 814 328 814 328 815 598 815 603 815 328 816 603 816 326 816 326 817 603 817 599 817 326 818 599 818 316 818 316 819 599 819 600 819 338 820 593 820 339 820 339 821 593 821 594 821 339 822 594 822 3036 822 2962 823 597 823 598 823 598 824 597 824 604 824 598 825 604 825 603 825 603 826 604 826 605 826 603 827 605 827 599 827 599 828 605 828 602 828 599 829 602 829 601 829 2991 830 591 830 606 830 2991 831 606 831 593 831 593 832 606 832 607 832 593 833 607 833 594 833 594 834 607 834 595 834 594 835 595 835 3037 835 594 836 3037 836 3038 836 597 837 608 837 604 837 604 838 608 838 609 838 604 839 609 839 605 839 605 840 609 840 1980 840 605 841 1980 841 602 841 591 842 592 842 610 842 591 843 610 843 606 843 606 844 610 844 611 844 606 845 611 845 607 845 607 846 611 846 596 846 607 847 596 847 595 847 595 848 596 848 3037 848 614 849 612 849 613 849 614 850 613 850 615 850 614 851 615 851 616 851 614 852 617 852 612 852 612 853 617 853 1890 853 1890 854 617 854 618 854 1890 855 618 855 619 855 619 856 618 856 620 856 619 857 620 857 621 857 621 858 620 858 622 858 621 859 622 859 623 859 623 860 622 860 624 860 623 861 624 861 625 861 625 862 624 862 626 862 625 863 626 863 627 863 627 864 626 864 628 864 627 865 628 865 629 865 629 866 628 866 630 866 629 867 630 867 631 867 631 868 630 868 632 868 631 869 632 869 633 869 633 870 632 870 634 870 633 871 634 871 615 871 615 872 634 872 616 872 637 873 635 873 636 873 637 874 636 874 638 874 637 875 638 875 639 875 637 876 640 876 635 876 635 877 640 877 641 877 641 878 640 878 642 878 641 879 642 879 643 879 643 880 642 880 644 880 643 881 644 881 645 881 645 882 644 882 646 882 645 883 646 883 647 883 647 884 646 884 648 884 647 885 648 885 649 885 649 886 648 886 650 886 649 887 650 887 651 887 651 888 650 888 652 888 651 889 652 889 653 889 653 890 652 890 654 890 653 891 654 891 1889 891 1889 892 654 892 655 892 1889 893 655 893 656 893 656 894 655 894 657 894 656 895 657 895 638 895 638 896 657 896 639 896 659 897 658 897 1873 897 659 898 1873 898 660 898 659 899 660 899 661 899 659 900 662 900 658 900 658 901 662 901 663 901 663 902 662 902 664 902 663 903 664 903 665 903 665 904 664 904 666 904 665 905 666 905 667 905 667 906 666 906 668 906 667 907 668 907 669 907 669 908 668 908 670 908 669 909 670 909 671 909 671 910 670 910 2928 910 671 911 2928 911 672 911 672 912 2928 912 673 912 672 913 673 913 674 913 674 914 673 914 675 914 674 915 675 915 676 915 676 916 675 916 677 916 676 917 677 917 678 917 678 918 677 918 679 918 678 919 679 919 660 919 660 920 679 920 661 920 682 921 680 921 681 921 682 922 681 922 683 922 682 923 683 923 684 923 682 924 685 924 680 924 680 925 685 925 1876 925 1876 926 685 926 686 926 1876 927 686 927 687 927 687 928 686 928 688 928 687 929 688 929 689 929 689 930 688 930 690 930 689 931 690 931 691 931 691 932 690 932 692 932 691 933 692 933 693 933 693 934 692 934 694 934 693 935 694 935 695 935 695 936 694 936 696 936 695 937 696 937 697 937 697 938 696 938 698 938 697 939 698 939 699 939 699 940 698 940 700 940 699 941 700 941 701 941 701 942 700 942 702 942 701 943 702 943 683 943 683 944 702 944 684 944 705 945 3022 945 706 945 706 946 3022 946 935 946 376 947 3021 947 705 947 705 948 3021 948 3022 948 710 949 377 949 707 949 708 950 709 950 707 950 707 951 709 951 710 951 3017 952 711 952 712 952 3017 953 712 953 703 953 712 954 711 954 713 954 715 955 714 955 713 955 715 956 713 956 711 956 703 957 716 957 717 957 703 958 704 958 387 958 719 959 724 959 721 959 387 960 704 960 386 960 386 961 704 961 718 961 703 962 717 962 704 962 704 963 717 963 720 963 704 964 720 964 718 964 718 965 720 965 721 965 718 966 721 966 3012 966 703 967 712 967 716 967 716 968 712 968 722 968 716 969 722 969 717 969 717 970 722 970 719 970 717 971 719 971 720 971 720 972 719 972 721 972 377 973 376 973 707 973 707 974 376 974 708 974 708 975 376 975 705 975 708 976 705 976 723 976 723 977 705 977 706 977 908 978 724 978 941 978 941 979 724 979 942 979 942 980 724 980 719 980 942 981 719 981 938 981 938 982 719 982 722 982 938 983 722 983 712 983 938 984 712 984 939 984 939 985 712 985 940 985 940 986 712 986 713 986 940 987 713 987 725 987 715 988 709 988 714 988 714 989 709 989 708 989 714 990 708 990 713 990 713 991 708 991 723 991 713 992 723 992 725 992 725 993 723 993 937 993 723 994 706 994 937 994 726 995 727 995 728 995 728 996 727 996 729 996 752 997 730 997 727 997 727 998 730 998 731 998 727 999 731 999 729 999 732 1000 733 1000 734 1000 734 1001 735 1001 730 1001 730 1002 735 1002 736 1002 732 1003 734 1003 737 1003 732 1004 737 1004 738 1004 738 1005 737 1005 739 1005 738 1006 739 1006 740 1006 740 1007 739 1007 726 1007 740 1008 726 1008 741 1008 741 1009 726 1009 728 1009 734 1010 743 1010 737 1010 737 1011 743 1011 742 1011 742 1012 743 1012 744 1012 745 1013 746 1013 747 1013 745 1014 747 1014 748 1014 749 1015 750 1015 745 1015 745 1016 750 1016 751 1016 745 1017 751 1017 746 1017 754 1018 755 1018 2470 1018 754 1019 2470 1019 2471 1019 754 1020 2471 1020 756 1020 756 1021 2471 1021 757 1021 757 1022 2471 1022 758 1022 747 1023 759 1023 748 1023 748 1024 759 1024 760 1024 748 1025 760 1025 761 1025 761 1026 760 1026 762 1026 761 1027 762 1027 753 1027 753 1028 762 1028 763 1028 753 1029 763 1029 764 1029 749 1030 757 1030 750 1030 750 1031 757 1031 758 1031 766 1032 764 1032 763 1032 777 1033 770 1033 771 1033 773 1034 774 1034 775 1034 775 1035 774 1035 776 1035 772 1036 767 1036 784 1036 778 1037 777 1037 771 1037 778 1038 771 1038 774 1038 774 1039 771 1039 779 1039 774 1040 779 1040 776 1040 768 1041 767 1041 772 1041 768 1042 772 1042 780 1042 780 1043 772 1043 781 1043 780 1044 781 1044 782 1044 782 1045 781 1045 773 1045 782 1046 773 1046 783 1046 783 1047 773 1047 775 1047 784 1048 2470 1048 785 1048 785 1049 2470 1049 755 1049 786 1050 787 1050 2466 1050 792 1051 793 1051 794 1051 794 1052 793 1052 795 1052 794 1053 795 1053 786 1053 792 1054 796 1054 793 1054 793 1055 796 1055 797 1055 793 1056 797 1056 798 1056 797 1057 799 1057 798 1057 798 1058 799 1058 800 1058 798 1059 800 1059 801 1059 801 1060 800 1060 802 1060 801 1061 802 1061 803 1061 791 1062 790 1062 803 1062 803 1063 790 1063 801 1063 801 1064 790 1064 804 1064 788 1065 794 1065 789 1065 789 1066 794 1066 786 1066 789 1067 786 1067 2466 1067 805 1068 2466 1068 806 1068 806 1069 2466 1069 787 1069 826 1070 827 1070 853 1070 828 1071 829 1071 830 1071 831 1072 832 1072 833 1072 834 1073 835 1073 846 1073 830 1074 836 1074 828 1074 828 1075 836 1075 838 1075 828 1076 838 1076 837 1076 837 1077 838 1077 827 1077 827 1078 838 1078 839 1078 827 1079 839 1079 853 1079 840 1080 841 1080 842 1080 833 1081 843 1081 831 1081 831 1082 843 1082 844 1082 844 1083 843 1083 845 1083 844 1084 845 1084 835 1084 835 1085 845 1085 846 1085 847 1086 848 1086 865 1086 849 1087 850 1087 869 1087 869 1088 851 1088 849 1088 849 1089 851 1089 870 1089 849 1090 870 1090 852 1090 826 1091 853 1091 854 1091 826 1092 854 1092 855 1092 855 1093 854 1093 856 1093 855 1094 856 1094 841 1094 841 1095 856 1095 842 1095 846 1096 857 1096 834 1096 834 1097 857 1097 859 1097 834 1098 859 1098 858 1098 858 1099 859 1099 848 1099 848 1100 859 1100 860 1100 848 1101 860 1101 865 1101 861 1102 862 1102 829 1102 829 1103 862 1103 830 1103 863 1104 864 1104 891 1104 847 1105 865 1105 866 1105 847 1106 866 1106 867 1106 867 1107 866 1107 868 1107 867 1108 868 1108 850 1108 850 1109 868 1109 869 1109 852 1110 870 1110 871 1110 852 1111 871 1111 872 1111 872 1112 871 1112 892 1112 872 1113 892 1113 873 1113 874 1114 876 1114 875 1114 875 1115 876 1115 861 1115 861 1116 876 1116 877 1116 861 1117 877 1117 862 1117 891 1118 878 1118 863 1118 863 1119 878 1119 879 1119 863 1120 879 1120 880 1120 880 1121 879 1121 881 1121 880 1122 881 1122 832 1122 832 1123 881 1123 833 1123 882 1124 894 1124 883 1124 883 1125 894 1125 884 1125 883 1126 884 1126 885 1126 884 1127 886 1127 885 1127 885 1128 886 1128 887 1128 842 1129 888 1129 840 1129 840 1130 888 1130 889 1130 889 1131 888 1131 890 1131 889 1132 890 1132 864 1132 864 1133 890 1133 891 1133 873 1134 892 1134 893 1134 873 1135 893 1135 882 1135 882 1136 893 1136 894 1136 886 1137 895 1137 887 1137 887 1138 895 1138 896 1138 887 1139 896 1139 897 1139 897 1140 896 1140 899 1140 897 1141 899 1141 898 1141 898 1142 899 1142 900 1142 898 1143 900 1143 901 1143 902 1144 907 1144 874 1144 874 1145 907 1145 903 1145 874 1146 903 1146 876 1146 900 1147 904 1147 901 1147 901 1148 904 1148 905 1148 905 1149 904 1149 906 1149 905 1150 906 1150 902 1150 902 1151 906 1151 907 1151 909 1152 2075 1152 910 1152 2074 1153 909 1153 911 1153 911 1154 909 1154 910 1154 911 1155 910 1155 912 1155 912 1156 910 1156 908 1156 913 1157 521 1157 914 1157 914 1158 521 1158 522 1158 916 1159 519 1159 1992 1159 1992 1160 519 1160 917 1160 1991 1161 514 1161 2029 1161 2029 1162 514 1162 515 1162 923 1163 924 1163 925 1163 2082 1164 923 1164 1088 1164 1088 1165 923 1165 925 1165 1088 1166 925 1166 926 1166 926 1167 925 1167 927 1167 926 1168 927 1168 1989 1168 1990 1169 1989 1169 513 1169 1990 1170 513 1170 1991 1170 1991 1171 513 1171 514 1171 928 1172 2097 1172 1127 1172 2061 1173 928 1173 929 1173 929 1174 928 1174 1127 1174 929 1175 1127 1175 930 1175 1981 1176 1980 1176 609 1176 1981 1177 609 1177 1982 1177 1982 1178 609 1178 608 1178 1982 1179 608 1179 1983 1179 1983 1180 608 1180 597 1180 1983 1181 597 1181 1984 1181 1984 1182 597 1182 3037 1182 1984 1183 3037 1183 1985 1183 1985 1184 3037 1184 596 1184 1985 1185 596 1185 1986 1185 1986 1186 596 1186 611 1186 1986 1187 611 1187 1987 1187 1987 1188 611 1188 610 1188 1987 1189 610 1189 592 1189 932 1190 933 1190 934 1190 2090 1191 932 1191 1021 1191 1021 1192 932 1192 934 1192 1021 1193 934 1193 935 1193 935 1194 934 1194 931 1194 1965 1195 936 1195 447 1195 1965 1196 447 1196 1957 1196 1957 1197 447 1197 446 1197 1957 1198 446 1198 1958 1198 1958 1199 446 1199 419 1199 1958 1200 419 1200 1964 1200 1964 1201 419 1201 3029 1201 1964 1202 3029 1202 1969 1202 1969 1203 3029 1203 418 1203 1969 1204 418 1204 1968 1204 1968 1205 418 1205 449 1205 1968 1206 449 1206 1967 1206 1967 1207 449 1207 448 1207 1967 1208 448 1208 1963 1208 1963 1209 448 1209 413 1209 1963 1210 413 1210 1973 1210 1973 1211 413 1211 409 1211 1973 1212 409 1212 1972 1212 1972 1213 409 1213 412 1213 1972 1214 412 1214 1971 1214 1971 1215 412 1215 451 1215 1971 1216 451 1216 1970 1216 1970 1217 451 1217 450 1217 1970 1218 450 1218 1962 1218 1962 1219 450 1219 429 1219 1962 1220 429 1220 1974 1220 1974 1221 429 1221 407 1221 1974 1222 407 1222 1975 1222 1975 1223 407 1223 428 1223 1975 1224 428 1224 1976 1224 1976 1225 428 1225 453 1225 1976 1226 453 1226 1977 1226 1977 1227 453 1227 452 1227 1977 1228 452 1228 423 1228 943 1229 944 1229 945 1229 945 1230 944 1230 946 1230 945 1231 946 1231 947 1231 947 1232 946 1232 948 1232 947 1233 948 1233 949 1233 949 1234 948 1234 950 1234 949 1235 950 1235 951 1235 951 1236 950 1236 952 1236 951 1237 952 1237 953 1237 953 1238 952 1238 954 1238 955 1239 956 1239 957 1239 957 1240 956 1240 958 1240 957 1241 958 1241 959 1241 959 1242 958 1242 960 1242 959 1243 960 1243 961 1243 961 1244 960 1244 962 1244 961 1245 962 1245 963 1245 963 1246 962 1246 964 1246 963 1247 964 1247 965 1247 965 1248 964 1248 966 1248 965 1249 966 1249 967 1249 967 1250 966 1250 968 1250 967 1251 968 1251 969 1251 969 1252 968 1252 970 1252 969 1253 970 1253 971 1253 971 1254 970 1254 972 1254 971 1255 972 1255 973 1255 973 1256 972 1256 974 1256 973 1257 974 1257 975 1257 975 1258 974 1258 976 1258 975 1259 976 1259 977 1259 977 1260 976 1260 978 1260 979 1261 980 1261 981 1261 981 1262 980 1262 982 1262 981 1263 982 1263 983 1263 983 1264 982 1264 984 1264 983 1265 984 1265 985 1265 985 1266 984 1266 986 1266 985 1267 986 1267 987 1267 987 1268 986 1268 988 1268 987 1269 988 1269 989 1269 989 1270 988 1270 990 1270 991 1271 992 1271 993 1271 993 1272 992 1272 994 1272 993 1273 994 1273 995 1273 995 1274 994 1274 996 1274 995 1275 996 1275 997 1275 997 1276 996 1276 998 1276 997 1277 998 1277 999 1277 999 1278 998 1278 1000 1278 999 1279 1000 1279 1001 1279 1001 1280 1000 1280 1002 1280 1001 1281 1002 1281 1003 1281 1003 1282 1002 1282 1004 1282 1003 1283 1004 1283 1005 1283 1005 1284 1004 1284 1006 1284 1005 1285 1006 1285 1007 1285 1007 1286 1006 1286 1008 1286 1007 1287 1008 1287 1009 1287 1009 1288 1008 1288 1010 1288 1009 1289 1010 1289 1011 1289 1011 1290 1010 1290 1012 1290 1011 1291 1012 1291 1013 1291 1013 1292 1012 1292 1014 1292 953 1293 954 1293 1017 1293 1018 1294 1019 1294 1020 1294 2090 1295 1021 1295 1022 1295 2090 1296 1022 1296 1020 1296 1020 1297 1022 1297 1023 1297 1020 1298 1023 1298 1018 1298 1024 1299 1025 1299 1026 1299 1024 1300 1027 1300 1025 1300 1025 1301 1027 1301 1028 1301 1025 1302 1028 1302 1029 1302 1030 1303 992 1303 991 1303 1031 1304 1016 1304 1032 1304 1032 1305 1016 1305 1015 1305 1032 1306 1015 1306 933 1306 933 1307 1015 1307 1033 1307 933 1308 1033 1308 934 1308 1028 1309 1034 1309 1029 1309 1029 1310 1034 1310 1035 1310 1029 1311 1035 1311 991 1311 991 1312 1035 1312 1036 1312 991 1313 1036 1313 1030 1313 1030 1314 1036 1314 1037 1314 1030 1315 1037 1315 1038 1315 1038 1316 1037 1316 1039 1316 1038 1317 1039 1317 1016 1317 1016 1318 1039 1318 1040 1318 1016 1319 1040 1319 1015 1319 1041 1320 1042 1320 1017 1320 1017 1321 1042 1321 1043 1321 1017 1322 1043 1322 953 1322 953 1323 1043 1323 1044 1323 953 1324 1044 1324 1026 1324 1026 1325 1044 1325 1045 1325 1026 1326 1045 1326 1024 1326 1018 1327 1023 1327 1046 1327 1018 1328 1046 1328 1041 1328 1041 1329 1046 1329 1047 1329 1041 1330 1047 1330 1042 1330 977 1331 978 1331 1050 1331 1051 1332 1052 1332 1053 1332 911 1333 1054 1333 2074 1333 2074 1334 1054 1334 1055 1334 2074 1335 1055 1335 1053 1335 1053 1336 1055 1336 1056 1336 1053 1337 1056 1337 1051 1337 1057 1338 1058 1338 1059 1338 1059 1339 1060 1339 1057 1339 1057 1340 1060 1340 1061 1340 1057 1341 1061 1341 1062 1341 1063 1342 944 1342 943 1342 1064 1343 910 1343 2075 1343 1065 1344 1049 1344 1066 1344 1066 1345 1049 1345 1048 1345 1066 1346 1048 1346 2075 1346 2075 1347 1048 1347 1067 1347 2075 1348 1067 1348 1064 1348 1061 1349 1068 1349 1062 1349 1062 1350 1068 1350 1069 1350 1062 1351 1069 1351 943 1351 943 1352 1069 1352 1070 1352 943 1353 1070 1353 1063 1353 1063 1354 1070 1354 1071 1354 1063 1355 1071 1355 1072 1355 1072 1356 1071 1356 1073 1356 1072 1357 1073 1357 1049 1357 1049 1358 1073 1358 1074 1358 1049 1359 1074 1359 1048 1359 1075 1360 1076 1360 1050 1360 1050 1361 1076 1361 1077 1361 1050 1362 1077 1362 977 1362 977 1363 1077 1363 1078 1363 977 1364 1078 1364 1058 1364 1058 1365 1078 1365 1079 1365 1058 1366 1079 1366 1059 1366 1051 1367 1056 1367 1080 1367 1051 1368 1080 1368 1075 1368 1075 1369 1080 1369 1081 1369 1075 1370 1081 1370 1076 1370 989 1371 990 1371 1084 1371 1085 1372 1086 1372 1087 1372 2082 1373 1088 1373 1089 1373 2082 1374 1089 1374 1087 1374 1087 1375 1089 1375 2991 1375 1087 1376 2991 1376 1085 1376 1090 1377 1091 1377 1092 1377 1092 1378 1093 1378 1090 1378 1090 1379 1093 1379 1094 1379 1090 1380 1094 1380 1095 1380 1096 1381 956 1381 955 1381 1097 1382 1083 1382 1098 1382 1098 1383 1083 1383 1082 1383 1098 1384 1082 1384 924 1384 924 1385 1082 1385 1099 1385 924 1386 1099 1386 925 1386 1094 1387 1100 1387 1095 1387 1095 1388 1100 1388 1101 1388 1095 1389 1101 1389 955 1389 955 1390 1101 1390 1102 1390 955 1391 1102 1391 1096 1391 1096 1392 1102 1392 1103 1392 1096 1393 1103 1393 1104 1393 1104 1394 1103 1394 1105 1394 1104 1395 1105 1395 1083 1395 1083 1396 1105 1396 1106 1396 1083 1397 1106 1397 1082 1397 1107 1398 1108 1398 1084 1398 1084 1399 1108 1399 1109 1399 1084 1400 1109 1400 989 1400 989 1401 1109 1401 1110 1401 989 1402 1110 1402 1091 1402 1091 1403 1110 1403 1111 1403 1091 1404 1111 1404 1092 1404 1085 1405 2991 1405 1112 1405 1085 1406 1112 1406 1107 1406 1107 1407 1112 1407 1113 1407 1107 1408 1113 1408 1108 1408 1013 1409 1014 1409 1115 1409 1116 1410 1117 1410 1118 1410 929 1411 408 1411 2061 1411 2061 1412 408 1412 1119 1412 2061 1413 1119 1413 1118 1413 1118 1414 1119 1414 2986 1414 1118 1415 2986 1415 1116 1415 1120 1416 1121 1416 1122 1416 1120 1417 1123 1417 1121 1417 1121 1418 1123 1418 1124 1418 1121 1419 1124 1419 1125 1419 1126 1420 980 1420 979 1420 1128 1421 1114 1421 1129 1421 1129 1422 1114 1422 601 1422 1129 1423 601 1423 2097 1423 2097 1424 601 1424 1130 1424 2097 1425 1130 1425 1127 1425 1124 1426 1131 1426 1125 1426 1125 1427 1131 1427 1132 1427 1125 1428 1132 1428 979 1428 979 1429 1132 1429 1133 1429 979 1430 1133 1430 1126 1430 1126 1431 1133 1431 1134 1431 1126 1432 1134 1432 1135 1432 1135 1433 1134 1433 1136 1433 1135 1434 1136 1434 1114 1434 1114 1435 1136 1435 1137 1435 1114 1436 1137 1436 601 1436 1138 1437 1139 1437 1115 1437 1115 1438 1139 1438 1140 1438 1115 1439 1140 1439 1013 1439 1013 1440 1140 1440 1141 1440 1013 1441 1141 1441 1122 1441 1122 1442 1141 1442 1142 1442 1122 1443 1142 1443 1120 1443 1116 1444 2986 1444 1143 1444 1116 1445 1143 1445 1138 1445 1138 1446 1143 1446 1144 1446 1138 1447 1144 1447 1139 1447 1145 1448 1146 1448 1147 1448 1148 1449 1149 1449 1150 1449 1150 1450 1149 1450 1151 1450 1153 1451 1152 1451 1145 1451 1153 1452 1145 1452 1154 1452 1154 1453 1145 1453 1147 1453 1154 1454 1147 1454 1155 1454 1155 1455 1147 1455 1156 1455 1155 1456 1156 1456 1157 1456 1157 1457 1156 1457 1158 1457 1157 1458 1158 1458 1159 1458 1159 1459 1158 1459 1160 1459 1159 1460 1160 1460 1161 1460 1161 1461 1160 1461 1162 1461 1161 1462 1162 1462 1163 1462 1163 1463 1162 1463 1164 1463 1163 1464 1164 1464 1148 1464 1148 1465 1164 1465 1165 1465 1148 1466 1165 1466 1149 1466 1166 1467 1167 1467 1168 1467 1169 1468 1170 1468 1171 1468 1171 1469 1170 1469 1172 1469 1173 1470 1174 1470 1175 1470 1175 1471 1174 1471 1166 1471 1175 1472 1166 1472 1176 1472 1176 1473 1166 1473 1168 1473 1176 1474 1168 1474 1177 1474 1177 1475 1168 1475 1178 1475 1177 1476 1178 1476 1179 1476 1179 1477 1178 1477 1180 1477 1179 1478 1180 1478 1181 1478 1181 1479 1180 1479 1182 1479 1181 1480 1182 1480 1183 1480 1183 1481 1182 1481 1184 1481 1183 1482 1184 1482 1185 1482 1185 1483 1184 1483 1186 1483 1185 1484 1186 1484 1169 1484 1169 1485 1186 1485 1187 1485 1169 1486 1187 1486 1170 1486 1188 1487 1189 1487 1190 1487 1191 1488 1192 1488 1193 1488 1193 1489 1192 1489 1194 1489 1195 1490 1196 1490 1197 1490 1197 1491 1196 1491 1188 1491 1197 1492 1188 1492 1198 1492 1198 1493 1188 1493 1190 1493 1198 1494 1190 1494 1199 1494 1199 1495 1190 1495 1200 1495 1199 1496 1200 1496 1201 1496 1201 1497 1200 1497 1202 1497 1201 1498 1202 1498 1203 1498 1203 1499 1202 1499 1204 1499 1203 1500 1204 1500 1205 1500 1205 1501 1204 1501 1206 1501 1205 1502 1206 1502 1207 1502 1207 1503 1206 1503 1208 1503 1207 1504 1208 1504 1191 1504 1191 1505 1208 1505 1209 1505 1191 1506 1209 1506 1192 1506 1210 1507 1211 1507 1212 1507 1213 1508 1214 1508 1215 1508 1215 1509 1214 1509 1216 1509 1217 1510 1218 1510 1219 1510 1219 1511 1218 1511 1210 1511 1219 1512 1210 1512 1220 1512 1220 1513 1210 1513 1212 1513 1220 1514 1212 1514 1221 1514 1221 1515 1212 1515 1222 1515 1221 1516 1222 1516 1223 1516 1223 1517 1222 1517 1224 1517 1223 1518 1224 1518 1225 1518 1225 1519 1224 1519 1226 1519 1225 1520 1226 1520 1227 1520 1227 1521 1226 1521 1228 1521 1227 1522 1228 1522 1229 1522 1229 1523 1228 1523 1230 1523 1229 1524 1230 1524 1213 1524 1213 1525 1230 1525 1231 1525 1213 1526 1231 1526 1214 1526 1232 1527 1251 1527 1233 1527 1234 1528 1238 1528 1235 1528 1152 1529 1236 1529 1237 1529 1152 1530 1237 1530 1145 1530 1145 1531 1237 1531 1146 1531 1235 1532 1238 1532 1237 1532 1237 1533 1238 1533 1146 1533 1239 1534 1240 1534 1241 1534 1241 1535 1240 1535 1246 1535 1234 1536 1235 1536 1242 1536 1242 1537 1235 1537 1243 1537 1242 1538 1243 1538 1244 1538 1244 1539 1243 1539 1241 1539 1244 1540 1241 1540 1245 1540 1245 1541 1241 1541 1246 1541 1247 1542 402 1542 1248 1542 1248 1543 402 1543 1249 1543 1248 1544 1249 1544 1239 1544 1239 1545 1249 1545 1240 1545 1250 1546 1253 1546 1247 1546 1247 1547 1253 1547 402 1547 1233 1548 1251 1548 1252 1548 1233 1549 1252 1549 1250 1549 1250 1550 1252 1550 1253 1550 1232 1551 1233 1551 1254 1551 1254 1552 1233 1552 1255 1552 1254 1553 1255 1553 1256 1553 1256 1554 1255 1554 1257 1554 1256 1555 1257 1555 1258 1555 1258 1556 1257 1556 1259 1556 1258 1557 1259 1557 1214 1557 1260 1558 1216 1558 1259 1558 1259 1559 1216 1559 1214 1559 1236 1560 1260 1560 1261 1560 1236 1561 1261 1561 1262 1561 1236 1562 1262 1562 1237 1562 1237 1563 1262 1563 1263 1563 1237 1564 1263 1564 1235 1564 1235 1565 1263 1565 1264 1565 1235 1566 1264 1566 1243 1566 1243 1567 1264 1567 1265 1567 1243 1568 1265 1568 1241 1568 1241 1569 1265 1569 1266 1569 1241 1570 1266 1570 1239 1570 1239 1571 1266 1571 1267 1571 1239 1572 1267 1572 1248 1572 1248 1573 1267 1573 1247 1573 1247 1574 1267 1574 1250 1574 1250 1575 1267 1575 1268 1575 1250 1576 1268 1576 1233 1576 1233 1577 1268 1577 1269 1577 1233 1578 1269 1578 1255 1578 1255 1579 1269 1579 1270 1579 1255 1580 1270 1580 1257 1580 1257 1581 1270 1581 1271 1581 1257 1582 1271 1582 1259 1582 1259 1583 1271 1583 1272 1583 1259 1584 1272 1584 1260 1584 1260 1585 1272 1585 1261 1585 1273 1586 1274 1586 1275 1586 1276 1587 1280 1587 1277 1587 1217 1588 1278 1588 1218 1588 1218 1589 1278 1589 1279 1589 1218 1590 1279 1590 1210 1590 1210 1591 1279 1591 1211 1591 1277 1592 1280 1592 1279 1592 1279 1593 1280 1593 1211 1593 1276 1594 1277 1594 1281 1594 1281 1595 1277 1595 1282 1595 1281 1596 1282 1596 1283 1596 1283 1597 1282 1597 1284 1597 1283 1598 1284 1598 1285 1598 1286 1599 1285 1599 1287 1599 1287 1600 1285 1600 1284 1600 1287 1601 1284 1601 1288 1601 1288 1602 1284 1602 1289 1602 1288 1603 1289 1603 1290 1603 1290 1604 1289 1604 1291 1604 1290 1605 1291 1605 1292 1605 1292 1606 1291 1606 1293 1606 1292 1607 1293 1607 1294 1607 1294 1608 1293 1608 1295 1608 1294 1609 1295 1609 1296 1609 1274 1610 1297 1610 1275 1610 1275 1611 1297 1611 1298 1611 1275 1612 1298 1612 1295 1612 1295 1613 1298 1613 1299 1613 1295 1614 1299 1614 1296 1614 1273 1615 1275 1615 1300 1615 1300 1616 1275 1616 1301 1616 1300 1617 1301 1617 1302 1617 1302 1618 1301 1618 1303 1618 1302 1619 1303 1619 1304 1619 1304 1620 1303 1620 1305 1620 1304 1621 1305 1621 1192 1621 1306 1622 1194 1622 1305 1622 1305 1623 1194 1623 1192 1623 1307 1624 1326 1624 1308 1624 1309 1625 1313 1625 1310 1625 1195 1626 1311 1626 1196 1626 1196 1627 1311 1627 1312 1627 1196 1628 1312 1628 1188 1628 1188 1629 1312 1629 1189 1629 1310 1630 1313 1630 1312 1630 1312 1631 1313 1631 1189 1631 1314 1632 1315 1632 1316 1632 1316 1633 1315 1633 1321 1633 1309 1634 1310 1634 1317 1634 1317 1635 1310 1635 1318 1635 1317 1636 1318 1636 1319 1636 1319 1637 1318 1637 1316 1637 1319 1638 1316 1638 1320 1638 1320 1639 1316 1639 1321 1639 1322 1640 365 1640 1323 1640 1323 1641 365 1641 1324 1641 1323 1642 1324 1642 1314 1642 1314 1643 1324 1643 1315 1643 1325 1644 1328 1644 1322 1644 1322 1645 1328 1645 365 1645 1308 1646 1326 1646 1327 1646 1308 1647 1327 1647 1325 1647 1325 1648 1327 1648 1328 1648 1307 1649 1308 1649 1329 1649 1329 1650 1308 1650 1330 1650 1329 1651 1330 1651 1331 1651 1331 1652 1330 1652 1332 1652 1331 1653 1332 1653 1333 1653 1333 1654 1332 1654 1334 1654 1333 1655 1334 1655 1170 1655 1335 1656 1172 1656 1334 1656 1334 1657 1172 1657 1170 1657 1336 1658 1337 1658 1338 1658 1339 1659 1343 1659 1340 1659 1173 1660 1341 1660 1174 1660 1174 1661 1341 1661 1342 1661 1174 1662 1342 1662 1166 1662 1166 1663 1342 1663 1167 1663 1340 1664 1343 1664 1342 1664 1342 1665 1343 1665 1167 1665 1339 1666 1340 1666 1344 1666 1344 1667 1340 1667 1345 1667 1344 1668 1345 1668 1346 1668 1346 1669 1345 1669 1347 1669 1346 1670 1347 1670 1348 1670 1349 1671 1348 1671 1350 1671 1350 1672 1348 1672 1347 1672 1350 1673 1347 1673 1351 1673 1351 1674 1347 1674 1352 1674 1351 1675 1352 1675 1353 1675 1353 1676 1352 1676 1354 1676 1353 1677 1354 1677 1355 1677 1355 1678 1354 1678 1356 1678 1355 1679 1356 1679 1357 1679 1357 1680 1356 1680 1358 1680 1357 1681 1358 1681 1359 1681 1337 1682 1360 1682 1338 1682 1338 1683 1360 1683 1361 1683 1338 1684 1361 1684 1358 1684 1358 1685 1361 1685 1362 1685 1358 1686 1362 1686 1359 1686 1336 1687 1338 1687 1363 1687 1363 1688 1338 1688 1364 1688 1363 1689 1364 1689 1365 1689 1365 1690 1364 1690 1366 1690 1365 1691 1366 1691 1367 1691 1367 1692 1366 1692 1368 1692 1367 1693 1368 1693 1149 1693 1369 1694 1151 1694 1368 1694 1368 1695 1151 1695 1149 1695 1278 1696 1306 1696 1370 1696 1278 1697 1370 1697 1371 1697 1278 1698 1371 1698 1279 1698 1279 1699 1371 1699 1372 1699 1279 1700 1372 1700 1277 1700 1277 1701 1372 1701 1373 1701 1277 1702 1373 1702 1282 1702 1282 1703 1373 1703 1374 1703 1282 1704 1374 1704 1284 1704 1284 1705 1374 1705 1375 1705 1284 1706 1375 1706 1289 1706 1289 1707 1375 1707 1376 1707 1289 1708 1376 1708 1291 1708 1291 1709 1376 1709 1293 1709 1293 1710 1376 1710 1295 1710 1295 1711 1376 1711 1377 1711 1295 1712 1377 1712 1275 1712 1275 1713 1377 1713 1378 1713 1275 1714 1378 1714 1301 1714 1301 1715 1378 1715 1379 1715 1301 1716 1379 1716 1303 1716 1303 1717 1379 1717 1380 1717 1303 1718 1380 1718 1305 1718 1305 1719 1380 1719 1381 1719 1305 1720 1381 1720 1306 1720 1306 1721 1381 1721 1370 1721 1311 1722 1335 1722 1382 1722 1311 1723 1382 1723 1383 1723 1311 1724 1383 1724 1312 1724 1312 1725 1383 1725 1384 1725 1312 1726 1384 1726 1310 1726 1310 1727 1384 1727 1385 1727 1310 1728 1385 1728 1318 1728 1318 1729 1385 1729 1386 1729 1318 1730 1386 1730 1316 1730 1316 1731 1386 1731 1387 1731 1316 1732 1387 1732 1314 1732 1314 1733 1387 1733 1388 1733 1314 1734 1388 1734 1323 1734 1323 1735 1388 1735 1322 1735 1322 1736 1388 1736 1325 1736 1325 1737 1388 1737 1389 1737 1325 1738 1389 1738 1308 1738 1308 1739 1389 1739 1390 1739 1308 1740 1390 1740 1330 1740 1330 1741 1390 1741 1391 1741 1330 1742 1391 1742 1332 1742 1332 1743 1391 1743 1392 1743 1332 1744 1392 1744 1334 1744 1334 1745 1392 1745 1393 1745 1334 1746 1393 1746 1335 1746 1335 1747 1393 1747 1382 1747 1341 1748 1369 1748 1394 1748 1341 1749 1394 1749 1395 1749 1341 1750 1395 1750 1342 1750 1342 1751 1395 1751 1396 1751 1342 1752 1396 1752 1340 1752 1340 1753 1396 1753 1397 1753 1340 1754 1397 1754 1345 1754 1345 1755 1397 1755 1398 1755 1345 1756 1398 1756 1347 1756 1347 1757 1398 1757 1399 1757 1347 1758 1399 1758 1352 1758 1352 1759 1399 1759 1400 1759 1352 1760 1400 1760 1354 1760 1354 1761 1400 1761 1356 1761 1356 1762 1400 1762 1358 1762 1358 1763 1400 1763 1401 1763 1358 1764 1401 1764 1338 1764 1338 1765 1401 1765 1402 1765 1338 1766 1402 1766 1364 1766 1364 1767 1402 1767 1403 1767 1364 1768 1403 1768 1366 1768 1366 1769 1403 1769 1404 1769 1366 1770 1404 1770 1368 1770 1368 1771 1404 1771 1405 1771 1368 1772 1405 1772 1369 1772 1369 1773 1405 1773 1394 1773 1406 1774 1407 1774 1408 1774 1409 1775 1410 1775 1411 1775 1411 1776 1410 1776 1412 1776 1412 1777 1410 1777 1413 1777 1412 1778 1413 1778 1414 1778 1408 1779 1407 1779 1415 1779 1415 1780 1407 1780 1416 1780 1415 1781 1416 1781 1417 1781 1408 1782 1418 1782 1406 1782 1406 1783 1418 1783 1419 1783 1406 1784 1419 1784 1420 1784 1420 1785 1419 1785 1421 1785 1420 1786 1421 1786 1430 1786 1430 1787 1421 1787 1422 1787 1411 1788 1423 1788 1409 1788 1409 1789 1423 1789 1424 1789 1409 1790 1424 1790 1425 1790 1425 1791 1424 1791 1426 1791 1425 1792 1426 1792 1433 1792 1433 1793 1426 1793 1427 1793 1413 1794 1428 1794 1414 1794 1414 1795 1428 1795 1429 1795 1414 1796 1429 1796 1422 1796 1422 1797 1429 1797 1430 1797 1416 1798 1431 1798 1417 1798 1417 1799 1431 1799 1432 1799 1417 1800 1432 1800 1427 1800 1427 1801 1432 1801 1433 1801 1434 1802 1435 1802 1436 1802 1437 1803 1438 1803 1439 1803 1439 1804 1438 1804 1440 1804 1440 1805 1438 1805 1441 1805 1440 1806 1441 1806 1442 1806 1436 1807 1435 1807 1443 1807 1443 1808 1435 1808 1444 1808 1443 1809 1444 1809 1445 1809 1436 1810 1446 1810 1434 1810 1434 1811 1446 1811 1447 1811 1434 1812 1447 1812 1448 1812 1448 1813 1447 1813 1449 1813 1448 1814 1449 1814 1458 1814 1458 1815 1449 1815 1450 1815 1439 1816 1451 1816 1437 1816 1437 1817 1451 1817 1452 1817 1437 1818 1452 1818 1453 1818 1453 1819 1452 1819 1454 1819 1453 1820 1454 1820 1461 1820 1461 1821 1454 1821 1455 1821 1441 1822 1456 1822 1442 1822 1442 1823 1456 1823 1457 1823 1442 1824 1457 1824 1450 1824 1450 1825 1457 1825 1458 1825 1444 1826 1459 1826 1445 1826 1445 1827 1459 1827 1460 1827 1445 1828 1460 1828 1455 1828 1455 1829 1460 1829 1461 1829 1462 1830 1463 1830 1464 1830 1465 1831 1466 1831 1467 1831 1467 1832 1466 1832 1468 1832 1468 1833 1466 1833 1469 1833 1468 1834 1469 1834 1470 1834 1464 1835 1463 1835 1471 1835 1471 1836 1463 1836 1472 1836 1471 1837 1472 1837 1473 1837 1464 1838 1474 1838 1462 1838 1462 1839 1474 1839 1475 1839 1462 1840 1475 1840 1476 1840 1476 1841 1475 1841 1477 1841 1476 1842 1477 1842 1486 1842 1486 1843 1477 1843 1478 1843 1467 1844 1479 1844 1465 1844 1465 1845 1479 1845 1480 1845 1465 1846 1480 1846 1481 1846 1481 1847 1480 1847 1482 1847 1481 1848 1482 1848 1489 1848 1489 1849 1482 1849 1483 1849 1469 1850 1484 1850 1470 1850 1470 1851 1484 1851 1485 1851 1470 1852 1485 1852 1478 1852 1478 1853 1485 1853 1486 1853 1472 1854 1487 1854 1473 1854 1473 1855 1487 1855 1488 1855 1473 1856 1488 1856 1483 1856 1483 1857 1488 1857 1489 1857 1490 1858 1491 1858 1492 1858 1493 1859 1494 1859 1495 1859 1495 1860 1494 1860 1496 1860 1496 1861 1494 1861 1497 1861 1496 1862 1497 1862 1498 1862 1492 1863 1491 1863 1499 1863 1499 1864 1491 1864 1500 1864 1499 1865 1500 1865 1501 1865 1492 1866 1502 1866 1490 1866 1490 1867 1502 1867 1503 1867 1490 1868 1503 1868 1504 1868 1504 1869 1503 1869 1505 1869 1504 1870 1505 1870 1514 1870 1514 1871 1505 1871 1506 1871 1495 1872 1507 1872 1493 1872 1493 1873 1507 1873 1508 1873 1493 1874 1508 1874 1509 1874 1509 1875 1508 1875 1510 1875 1509 1876 1510 1876 1517 1876 1517 1877 1510 1877 1511 1877 1497 1878 1512 1878 1498 1878 1498 1879 1512 1879 1513 1879 1498 1880 1513 1880 1506 1880 1506 1881 1513 1881 1514 1881 1500 1882 1515 1882 1501 1882 1501 1883 1515 1883 1516 1883 1501 1884 1516 1884 1511 1884 1511 1885 1516 1885 1517 1885 897 1886 1518 1886 1519 1886 897 1887 1519 1887 887 1887 887 1888 1519 1888 1520 1888 887 1889 1520 1889 3 1889 898 1890 164 1890 1521 1890 898 1891 1521 1891 1522 1891 898 1892 1522 1892 897 1892 897 1893 1522 1893 1523 1893 897 1894 1523 1894 1518 1894 1524 1895 1525 1895 837 1895 837 1896 1525 1896 1526 1896 837 1897 1526 1897 828 1897 828 1898 1526 1898 1527 1898 166 1899 829 1899 167 1899 167 1900 829 1900 828 1900 167 1901 828 1901 1527 1901 105 1902 1528 1902 827 1902 827 1903 1528 1903 837 1903 837 1904 1528 1904 1524 1904 880 1905 1529 1905 1530 1905 880 1906 1530 1906 863 1906 863 1907 1530 1907 1531 1907 863 1908 1531 1908 110 1908 832 1909 64 1909 1532 1909 832 1910 1532 1910 1533 1910 832 1911 1533 1911 880 1911 880 1912 1533 1912 1534 1912 880 1913 1534 1913 1529 1913 1535 1914 1536 1914 850 1914 850 1915 1536 1915 1537 1915 850 1916 1537 1916 867 1916 867 1917 1537 1917 1538 1917 66 1918 847 1918 67 1918 67 1919 847 1919 867 1919 67 1920 867 1920 1538 1920 14 1921 1539 1921 849 1921 849 1922 1539 1922 850 1922 850 1923 1539 1923 1535 1923 3 1924 2 1924 887 1924 887 1925 2 1925 0 1925 887 1926 0 1926 885 1926 0 1927 44 1927 885 1927 885 1928 44 1928 46 1928 885 1929 46 1929 883 1929 46 1930 48 1930 883 1930 883 1931 48 1931 39 1931 883 1932 39 1932 882 1932 39 1933 37 1933 882 1933 882 1934 37 1934 32 1934 882 1935 32 1935 873 1935 32 1936 34 1936 873 1936 873 1937 34 1937 27 1937 873 1938 27 1938 872 1938 27 1939 25 1939 872 1939 872 1940 25 1940 16 1940 872 1941 16 1941 852 1941 16 1942 18 1942 852 1942 852 1943 18 1943 20 1943 852 1944 20 1944 849 1944 849 1945 20 1945 22 1945 849 1946 22 1946 14 1946 66 1947 89 1947 847 1947 847 1948 89 1948 91 1948 847 1949 91 1949 848 1949 91 1950 93 1950 848 1950 848 1951 93 1951 52 1951 848 1952 52 1952 858 1952 52 1953 99 1953 858 1953 858 1954 99 1954 80 1954 858 1955 80 1955 834 1955 80 1956 82 1956 834 1956 834 1957 82 1957 55 1957 834 1958 55 1958 835 1958 55 1959 88 1959 835 1959 835 1960 88 1960 72 1960 835 1961 72 1961 844 1961 72 1962 74 1962 844 1962 844 1963 74 1963 76 1963 844 1964 76 1964 831 1964 831 1965 76 1965 78 1965 831 1966 78 1966 832 1966 832 1967 78 1967 57 1967 832 1968 57 1968 64 1968 110 1969 109 1969 863 1969 863 1970 109 1970 107 1970 863 1971 107 1971 864 1971 107 1972 144 1972 864 1972 864 1973 144 1973 146 1973 864 1974 146 1974 889 1974 146 1975 148 1975 889 1975 889 1976 148 1976 139 1976 889 1977 139 1977 840 1977 139 1978 137 1978 840 1978 840 1979 137 1979 132 1979 840 1980 132 1980 841 1980 132 1981 134 1981 841 1981 841 1982 134 1982 127 1982 841 1983 127 1983 855 1983 127 1984 125 1984 855 1984 855 1985 125 1985 116 1985 855 1986 116 1986 826 1986 116 1987 118 1987 826 1987 826 1988 118 1988 120 1988 826 1989 120 1989 827 1989 827 1990 120 1990 122 1990 827 1991 122 1991 105 1991 166 1992 189 1992 829 1992 829 1993 189 1993 191 1993 829 1994 191 1994 861 1994 191 1995 193 1995 861 1995 861 1996 193 1996 152 1996 861 1997 152 1997 875 1997 152 1998 199 1998 875 1998 875 1999 199 1999 180 1999 875 2000 180 2000 874 2000 180 2001 182 2001 874 2001 874 2002 182 2002 155 2002 874 2003 155 2003 902 2003 155 2004 188 2004 902 2004 902 2005 188 2005 172 2005 902 2006 172 2006 905 2006 172 2007 174 2007 905 2007 905 2008 174 2008 176 2008 905 2009 176 2009 901 2009 901 2010 176 2010 178 2010 901 2011 178 2011 898 2011 898 2012 178 2012 162 2012 898 2013 162 2013 164 2013 1540 2014 1541 2014 1542 2014 1540 2015 1542 2015 1543 2015 1543 2016 1542 2016 1544 2016 1543 2017 1544 2017 58 2017 1545 2018 115 2018 1546 2018 1545 2019 1546 2019 1547 2019 1545 2020 1547 2020 1540 2020 1540 2021 1547 2021 1548 2021 1540 2022 1548 2022 1541 2022 1549 2023 1550 2023 1551 2023 1551 2024 1550 2024 1553 2024 1551 2025 1553 2025 1552 2025 1552 2026 1553 2026 1554 2026 101 2027 1555 2027 100 2027 100 2028 1555 2028 1552 2028 100 2029 1552 2029 1554 2029 169 2030 1557 2030 1556 2030 1556 2031 1557 2031 1551 2031 1551 2032 1557 2032 1549 2032 1558 2033 1559 2033 1560 2033 1558 2034 1560 2034 1561 2034 1561 2035 1560 2035 1562 2035 1561 2036 1562 2036 159 2036 1563 2037 8 2037 1564 2037 1563 2038 1564 2038 1565 2038 1563 2039 1565 2039 1558 2039 1558 2040 1565 2040 1566 2040 1558 2041 1566 2041 1559 2041 1567 2042 1568 2042 1569 2042 1569 2043 1568 2043 1571 2043 1569 2044 1571 2044 1570 2044 1570 2045 1571 2045 1572 2045 10 2046 1573 2046 9 2046 9 2047 1573 2047 1570 2047 9 2048 1570 2048 1572 2048 69 2049 1575 2049 1574 2049 1574 2050 1575 2050 1569 2050 1569 2051 1575 2051 1567 2051 58 2052 59 2052 1543 2052 1543 2053 59 2053 61 2053 1543 2054 61 2054 1576 2054 61 2055 79 2055 1576 2055 1576 2056 79 2056 77 2056 1576 2057 77 2057 1577 2057 77 2058 75 2058 1577 2058 1577 2059 75 2059 73 2059 1577 2060 73 2060 1578 2060 73 2061 85 2061 1578 2061 1578 2062 85 2062 84 2062 1578 2063 84 2063 1579 2063 84 2064 83 2064 1579 2064 1579 2065 83 2065 81 2065 1579 2066 81 2066 1580 2066 81 2067 96 2067 1580 2067 1580 2068 96 2068 95 2068 1580 2069 95 2069 1581 2069 95 2070 94 2070 1581 2070 1581 2071 94 2071 92 2071 1581 2072 92 2072 1574 2072 1574 2073 92 2073 90 2073 1574 2074 90 2074 69 2074 10 2075 23 2075 1573 2075 1573 2076 23 2076 21 2076 1573 2077 21 2077 1582 2077 21 2078 19 2078 1582 2078 1582 2079 19 2079 17 2079 1582 2080 17 2080 1583 2080 17 2081 30 2081 1583 2081 1583 2082 30 2082 29 2082 1583 2083 29 2083 1584 2083 29 2084 35 2084 1584 2084 1584 2085 35 2085 33 2085 1584 2086 33 2086 1585 2086 33 2087 42 2087 1585 2087 1585 2088 42 2088 41 2088 1585 2089 41 2089 1586 2089 41 2090 49 2090 1586 2090 1586 2091 49 2091 47 2091 1586 2092 47 2092 1587 2092 1587 2093 47 2093 45 2093 1587 2094 45 2094 1563 2094 1563 2095 45 2095 6 2095 1563 2096 6 2096 8 2096 159 2097 158 2097 1561 2097 1561 2098 158 2098 156 2098 1561 2099 156 2099 1588 2099 156 2100 179 2100 1588 2100 1588 2101 179 2101 177 2101 1588 2102 177 2102 1589 2102 177 2103 175 2103 1589 2103 1589 2104 175 2104 173 2104 1589 2105 173 2105 1590 2105 173 2106 185 2106 1590 2106 1590 2107 185 2107 184 2107 1590 2108 184 2108 1591 2108 184 2109 183 2109 1591 2109 1591 2110 183 2110 181 2110 1591 2111 181 2111 1592 2111 181 2112 196 2112 1592 2112 1592 2113 196 2113 195 2113 1592 2114 195 2114 1593 2114 195 2115 194 2115 1593 2115 1593 2116 194 2116 192 2116 1593 2117 192 2117 1556 2117 1556 2118 192 2118 190 2118 1556 2119 190 2119 169 2119 101 2120 123 2120 1555 2120 1555 2121 123 2121 121 2121 1555 2122 121 2122 1594 2122 121 2123 119 2123 1594 2123 1594 2124 119 2124 117 2124 1594 2125 117 2125 1595 2125 117 2126 130 2126 1595 2126 1595 2127 130 2127 129 2127 1595 2128 129 2128 1596 2128 129 2129 135 2129 1596 2129 1596 2130 135 2130 133 2130 1596 2131 133 2131 1597 2131 133 2132 142 2132 1597 2132 1597 2133 142 2133 141 2133 1597 2134 141 2134 1598 2134 141 2135 149 2135 1598 2135 1598 2136 149 2136 147 2136 1598 2137 147 2137 1599 2137 1599 2138 147 2138 145 2138 1599 2139 145 2139 1545 2139 1545 2140 145 2140 113 2140 1545 2141 113 2141 115 2141 1578 2142 1579 2142 1600 2142 1561 2143 1601 2143 1558 2143 1558 2144 1601 2144 1602 2144 1558 2145 1602 2145 1563 2145 1573 2146 1582 2146 1603 2146 1603 2147 1604 2147 1573 2147 1573 2148 1604 2148 1605 2148 1573 2149 1605 2149 1570 2149 1570 2150 1605 2150 1606 2150 1570 2151 1606 2151 1569 2151 1581 2152 1607 2152 1580 2152 1580 2153 1607 2153 1608 2153 1580 2154 1608 2154 1579 2154 1579 2155 1608 2155 1609 2155 1579 2156 1609 2156 1600 2156 1602 2157 1610 2157 1563 2157 1563 2158 1610 2158 1611 2158 1563 2159 1611 2159 1587 2159 1584 2160 1585 2160 1612 2160 1612 2161 1613 2161 1584 2161 1584 2162 1613 2162 1614 2162 1584 2163 1614 2163 1583 2163 1583 2164 1614 2164 1615 2164 1583 2165 1615 2165 1582 2165 1582 2166 1615 2166 1616 2166 1582 2167 1616 2167 1603 2167 1606 2168 1617 2168 1569 2168 1569 2169 1617 2169 1618 2169 1569 2170 1618 2170 1574 2170 1618 2171 1619 2171 1574 2171 1574 2172 1619 2172 1620 2172 1574 2173 1620 2173 1581 2173 1581 2174 1620 2174 1621 2174 1581 2175 1621 2175 1607 2175 1600 2176 1622 2176 1578 2176 1578 2177 1622 2177 1623 2177 1578 2178 1623 2178 1577 2178 1577 2179 1623 2179 1624 2179 1577 2180 1624 2180 1576 2180 1590 2181 1625 2181 1589 2181 1589 2182 1625 2182 1626 2182 1589 2183 1626 2183 1588 2183 1626 2184 1627 2184 1588 2184 1588 2185 1627 2185 1628 2185 1588 2186 1628 2186 1561 2186 1561 2187 1628 2187 1629 2187 1561 2188 1629 2188 1601 2188 1611 2189 1630 2189 1587 2189 1587 2190 1630 2190 1631 2190 1587 2191 1631 2191 1586 2191 1586 2192 1631 2192 1632 2192 1586 2193 1632 2193 1585 2193 1585 2194 1632 2194 1633 2194 1585 2195 1633 2195 1612 2195 1624 2196 1634 2196 1576 2196 1576 2197 1634 2197 1635 2197 1576 2198 1635 2198 1543 2198 1599 2199 1545 2199 1636 2199 1596 2200 1597 2200 1637 2200 1635 2201 1638 2201 1543 2201 1543 2202 1638 2202 1639 2202 1543 2203 1639 2203 1540 2203 1540 2204 1639 2204 1640 2204 1540 2205 1640 2205 1545 2205 1545 2206 1640 2206 1641 2206 1545 2207 1641 2207 1636 2207 1636 2208 1642 2208 1599 2208 1599 2209 1642 2209 1643 2209 1599 2210 1643 2210 1598 2210 1598 2211 1643 2211 1644 2211 1598 2212 1644 2212 1597 2212 1597 2213 1644 2213 1645 2213 1597 2214 1645 2214 1637 2214 1555 2215 1594 2215 1646 2215 1646 2216 1647 2216 1555 2216 1555 2217 1647 2217 1648 2217 1555 2218 1648 2218 1552 2218 1591 2219 1649 2219 1590 2219 1590 2220 1649 2220 1650 2220 1590 2221 1650 2221 1625 2221 1593 2222 1556 2222 1651 2222 1637 2223 1652 2223 1596 2223 1596 2224 1652 2224 1653 2224 1596 2225 1653 2225 1595 2225 1595 2226 1653 2226 1654 2226 1595 2227 1654 2227 1594 2227 1594 2228 1654 2228 1655 2228 1594 2229 1655 2229 1646 2229 1648 2230 1656 2230 1552 2230 1552 2231 1656 2231 1657 2231 1552 2232 1657 2232 1551 2232 1551 2233 1657 2233 1658 2233 1551 2234 1658 2234 1556 2234 1556 2235 1658 2235 1659 2235 1556 2236 1659 2236 1651 2236 1651 2237 1660 2237 1593 2237 1593 2238 1660 2238 1661 2238 1593 2239 1661 2239 1592 2239 1592 2240 1661 2240 1662 2240 1592 2241 1662 2241 1591 2241 1591 2242 1662 2242 1663 2242 1591 2243 1663 2243 1649 2243 1565 2244 1564 2244 1496 2244 1522 2245 1521 2245 1499 2245 1499 2246 1521 2246 1492 2246 1522 2247 1499 2247 1523 2247 1523 2248 1499 2248 1501 2248 1523 2249 1501 2249 1518 2249 1518 2250 1501 2250 1511 2250 1518 2251 1511 2251 1519 2251 1508 2252 1 2252 1510 2252 1510 2253 1 2253 3 2253 1519 2254 1511 2254 1520 2254 1520 2255 1511 2255 1510 2255 1520 2256 1510 2256 3 2256 1495 2257 5 2257 1507 2257 1507 2258 5 2258 4 2258 1507 2259 4 2259 1508 2259 1508 2260 4 2260 1 2260 1496 2261 1564 2261 1495 2261 1495 2262 1564 2262 7 2262 1495 2263 7 2263 5 2263 1565 2264 1496 2264 1566 2264 1566 2265 1496 2265 1498 2265 1566 2266 1498 2266 1559 2266 1559 2267 1498 2267 1506 2267 1559 2268 1506 2268 1560 2268 1503 2269 157 2269 1505 2269 1505 2270 157 2270 159 2270 1560 2271 1506 2271 1562 2271 1562 2272 1506 2272 1505 2272 1562 2273 1505 2273 159 2273 1521 2274 163 2274 1492 2274 1492 2275 163 2275 161 2275 1492 2276 161 2276 1502 2276 1502 2277 161 2277 160 2277 1502 2278 160 2278 1503 2278 1503 2279 160 2279 157 2279 1415 2280 1539 2280 1408 2280 1427 2281 1537 2281 1417 2281 1417 2282 1537 2282 1536 2282 1417 2283 1536 2283 1415 2283 1415 2284 1536 2284 1535 2284 1415 2285 1535 2285 1539 2285 1426 2286 67 2286 1538 2286 1426 2287 1538 2287 1427 2287 1427 2288 1538 2288 1537 2288 67 2289 1426 2289 65 2289 65 2290 1426 2290 1424 2290 1411 2291 70 2291 1423 2291 1423 2292 70 2292 68 2292 1423 2293 68 2293 1424 2293 1424 2294 68 2294 65 2294 1412 2295 1575 2295 1411 2295 1411 2296 1575 2296 71 2296 1411 2297 71 2297 70 2297 1422 2298 1571 2298 1414 2298 1414 2299 1571 2299 1568 2299 1414 2300 1568 2300 1412 2300 1412 2301 1568 2301 1567 2301 1412 2302 1567 2302 1575 2302 1421 2303 9 2303 1572 2303 1421 2304 1572 2304 1422 2304 1422 2305 1572 2305 1571 2305 9 2306 1421 2306 11 2306 11 2307 1421 2307 1419 2307 1539 2308 15 2308 1408 2308 1408 2309 15 2309 13 2309 1408 2310 13 2310 1418 2310 1418 2311 13 2311 12 2311 1418 2312 12 2312 1419 2312 1419 2313 12 2313 11 2313 1547 2314 1546 2314 1440 2314 1533 2315 1532 2315 1443 2315 1443 2316 1532 2316 1436 2316 1533 2317 1443 2317 1534 2317 1534 2318 1443 2318 1445 2318 1534 2319 1445 2319 1529 2319 1529 2320 1445 2320 1455 2320 1529 2321 1455 2321 1530 2321 1452 2322 108 2322 1454 2322 1454 2323 108 2323 110 2323 1530 2324 1455 2324 1531 2324 1531 2325 1455 2325 1454 2325 1531 2326 1454 2326 110 2326 1439 2327 112 2327 1451 2327 1451 2328 112 2328 111 2328 1451 2329 111 2329 1452 2329 1452 2330 111 2330 108 2330 1440 2331 1546 2331 1439 2331 1439 2332 1546 2332 114 2332 1439 2333 114 2333 112 2333 1547 2334 1440 2334 1548 2334 1548 2335 1440 2335 1442 2335 1548 2336 1442 2336 1541 2336 1541 2337 1442 2337 1450 2337 1541 2338 1450 2338 1542 2338 1447 2339 60 2339 1449 2339 1449 2340 60 2340 58 2340 1542 2341 1450 2341 1544 2341 1544 2342 1450 2342 1449 2342 1544 2343 1449 2343 58 2343 1532 2344 63 2344 1436 2344 1436 2345 63 2345 62 2345 1436 2346 62 2346 1446 2346 1446 2347 62 2347 56 2347 1446 2348 56 2348 1447 2348 1447 2349 56 2349 60 2349 1471 2350 1528 2350 1464 2350 1483 2351 1526 2351 1473 2351 1473 2352 1526 2352 1525 2352 1473 2353 1525 2353 1471 2353 1471 2354 1525 2354 1524 2354 1471 2355 1524 2355 1528 2355 1482 2356 167 2356 1527 2356 1482 2357 1527 2357 1483 2357 1483 2358 1527 2358 1526 2358 167 2359 1482 2359 165 2359 165 2360 1482 2360 1480 2360 1467 2361 170 2361 1479 2361 1479 2362 170 2362 168 2362 1479 2363 168 2363 1480 2363 1480 2364 168 2364 165 2364 1468 2365 1557 2365 1467 2365 1467 2366 1557 2366 171 2366 1467 2367 171 2367 170 2367 1478 2368 1553 2368 1470 2368 1470 2369 1553 2369 1550 2369 1470 2370 1550 2370 1468 2370 1468 2371 1550 2371 1549 2371 1468 2372 1549 2372 1557 2372 1477 2373 100 2373 1554 2373 1477 2374 1554 2374 1478 2374 1478 2375 1554 2375 1553 2375 100 2376 1477 2376 102 2376 102 2377 1477 2377 1475 2377 1528 2378 106 2378 1464 2378 1464 2379 106 2379 104 2379 1464 2380 104 2380 1474 2380 1474 2381 104 2381 103 2381 1474 2382 103 2382 1475 2382 1475 2383 103 2383 102 2383 1664 2384 1251 2384 1232 2384 1664 2385 1232 2385 1665 2385 1254 2386 1256 2386 1231 2386 1256 2387 1258 2387 1231 2387 1231 2388 1258 2388 1214 2388 1211 2389 1280 2389 1212 2389 1212 2390 1280 2390 1276 2390 1666 2391 1667 2391 1281 2391 1281 2392 1283 2392 1666 2392 1666 2393 1283 2393 1285 2393 1666 2394 1285 2394 1286 2394 1668 2395 3355 2395 1228 2395 1228 2396 3355 2396 1669 2396 1228 2397 1669 2397 1230 2397 1668 2398 1228 2398 1670 2398 1670 2399 1228 2399 1226 2399 1670 2400 1226 2400 1671 2400 1671 2401 1226 2401 1224 2401 3345 2402 1224 2402 1222 2402 3345 2403 1222 2403 3287 2403 1232 2404 1254 2404 1665 2404 1665 2405 1254 2405 1231 2405 1665 2406 1231 2406 1672 2406 1672 2407 1231 2407 1230 2407 1672 2408 1230 2408 1673 2408 1673 2409 1230 2409 1674 2409 1230 2410 1669 2410 1674 2410 1674 2411 1669 2411 3363 2411 1674 2412 3363 2412 1675 2412 1675 2413 3363 2413 1676 2413 1675 2414 1676 2414 1677 2414 1677 2415 1676 2415 1678 2415 1677 2416 1678 2416 1679 2416 1679 2417 1678 2417 1680 2417 1679 2418 1680 2418 1681 2418 1681 2419 1680 2419 1682 2419 1681 2420 1682 2420 1683 2420 1683 2421 1682 2421 3287 2421 1683 2422 3287 2422 1684 2422 1684 2423 3287 2423 1685 2423 1685 2424 3287 2424 1222 2424 1685 2425 1222 2425 1686 2425 1686 2426 1222 2426 1212 2426 1686 2427 1212 2427 1667 2427 1667 2428 1212 2428 1276 2428 1667 2429 1276 2429 1281 2429 1189 2430 1313 2430 1190 2430 1190 2431 1313 2431 1309 2431 1687 2432 1317 2432 1319 2432 1687 2433 1319 2433 1688 2433 1688 2434 1319 2434 1320 2434 1688 2435 1320 2435 1321 2435 1297 2436 1274 2436 1689 2436 1689 2437 1274 2437 1273 2437 1689 2438 1273 2438 1690 2438 1300 2439 1302 2439 1209 2439 1302 2440 1304 2440 1209 2440 1209 2441 1304 2441 1192 2441 1691 2442 1692 2442 3327 2442 1693 2443 1691 2443 1200 2443 1200 2444 1691 2444 3327 2444 1200 2445 3327 2445 1202 2445 1692 2446 1691 2446 1694 2446 1694 2447 1691 2447 1695 2447 1694 2448 1695 2448 1696 2448 1696 2449 1695 2449 1697 2449 1696 2450 1697 2450 1698 2450 1698 2451 1697 2451 1699 2451 1698 2452 1699 2452 1700 2452 1700 2453 1699 2453 1701 2453 1700 2454 1701 2454 1702 2454 1702 2455 1701 2455 1709 2455 1206 2456 3150 2456 1208 2456 1208 2457 3150 2457 1702 2457 1204 2458 1703 2458 1206 2458 1206 2459 1703 2459 3244 2459 1206 2460 3244 2460 3150 2460 3327 2461 1704 2461 1202 2461 1202 2462 1704 2462 1705 2462 1202 2463 1705 2463 1204 2463 1204 2464 1705 2464 1706 2464 1204 2465 1706 2465 1703 2465 1273 2466 1300 2466 1690 2466 1690 2467 1300 2467 1209 2467 1690 2468 1209 2468 1707 2468 1707 2469 1209 2469 1208 2469 1707 2470 1208 2470 1708 2470 1708 2471 1208 2471 1702 2471 1708 2472 1702 2472 1709 2472 1693 2473 1200 2473 1710 2473 1710 2474 1200 2474 1190 2474 1710 2475 1190 2475 1687 2475 1687 2476 1190 2476 1309 2476 1687 2477 1309 2477 1317 2477 1167 2478 1343 2478 1168 2478 1168 2479 1343 2479 1339 2479 1711 2480 1712 2480 1344 2480 1344 2481 1346 2481 1711 2481 1711 2482 1346 2482 1348 2482 1711 2483 1348 2483 1349 2483 1713 2484 1326 2484 1307 2484 1713 2485 1307 2485 1714 2485 1329 2486 1331 2486 1187 2486 1331 2487 1333 2487 1187 2487 1187 2488 1333 2488 1170 2488 3299 2489 3290 2489 1178 2489 1186 2490 1184 2490 3255 2490 1182 2491 1715 2491 1184 2491 1184 2492 1715 2492 1716 2492 1184 2493 1716 2493 3255 2493 1178 2494 3290 2494 1180 2494 1180 2495 3290 2495 1717 2495 1180 2496 1717 2496 1182 2496 1182 2497 1717 2497 1718 2497 1182 2498 1718 2498 1715 2498 1307 2499 1329 2499 1714 2499 1714 2500 1329 2500 1187 2500 1714 2501 1187 2501 1719 2501 1719 2502 1187 2502 1186 2502 1719 2503 1186 2503 1720 2503 1720 2504 1186 2504 1721 2504 1186 2505 3255 2505 1721 2505 1721 2506 3255 2506 3307 2506 1721 2507 3307 2507 1722 2507 1722 2508 3307 2508 1723 2508 1722 2509 1723 2509 1724 2509 1724 2510 1723 2510 1725 2510 1724 2511 1725 2511 1726 2511 1726 2512 1725 2512 1727 2512 1726 2513 1727 2513 1728 2513 1728 2514 1727 2514 1729 2514 1728 2515 1729 2515 1730 2515 1730 2516 1729 2516 3299 2516 1730 2517 3299 2517 1731 2517 1731 2518 3299 2518 1732 2518 1732 2519 3299 2519 1178 2519 1732 2520 1178 2520 1733 2520 1733 2521 1178 2521 1168 2521 1733 2522 1168 2522 1712 2522 1712 2523 1168 2523 1339 2523 1712 2524 1339 2524 1344 2524 1146 2525 1238 2525 1147 2525 1147 2526 1238 2526 1234 2526 1734 2527 1242 2527 1244 2527 1734 2528 1244 2528 1735 2528 1735 2529 1244 2529 1245 2529 1735 2530 1245 2530 1246 2530 1360 2531 1337 2531 1736 2531 1736 2532 1337 2532 1336 2532 1736 2533 1336 2533 1737 2533 1363 2534 1365 2534 1165 2534 1365 2535 1367 2535 1165 2535 1165 2536 1367 2536 1149 2536 1738 2537 1739 2537 3308 2537 1740 2538 1738 2538 1156 2538 1156 2539 1738 2539 3308 2539 1156 2540 3308 2540 1158 2540 1739 2541 1738 2541 1741 2541 1741 2542 1738 2542 1742 2542 1741 2543 1742 2543 1743 2543 1743 2544 1742 2544 1744 2544 1743 2545 1744 2545 1745 2545 1745 2546 1744 2546 1746 2546 1745 2547 1746 2547 1747 2547 1747 2548 1746 2548 1748 2548 1747 2549 1748 2549 3270 2549 3270 2550 1748 2550 1749 2550 1162 2551 1750 2551 1164 2551 1164 2552 1750 2552 3270 2552 1160 2553 1751 2553 1162 2553 1162 2554 1751 2554 1752 2554 1162 2555 1752 2555 1750 2555 3308 2556 1753 2556 1158 2556 1158 2557 1753 2557 1754 2557 1158 2558 1754 2558 1160 2558 1160 2559 1754 2559 1755 2559 1160 2560 1755 2560 1751 2560 1336 2561 1363 2561 1737 2561 1737 2562 1363 2562 1165 2562 1737 2563 1165 2563 1756 2563 1756 2564 1165 2564 1164 2564 1756 2565 1164 2565 1757 2565 1757 2566 1164 2566 3270 2566 1757 2567 3270 2567 1758 2567 1758 2568 3270 2568 1749 2568 1740 2569 1156 2569 1759 2569 1759 2570 1156 2570 1147 2570 1759 2571 1147 2571 1734 2571 1734 2572 1147 2572 1234 2572 1734 2573 1234 2573 1242 2573 334 2574 1290 2574 1292 2574 334 2575 1292 2575 333 2575 333 2576 1292 2576 1294 2576 333 2577 1294 2577 1296 2577 333 2578 1296 2578 373 2578 373 2579 1296 2579 1299 2579 373 2580 1299 2580 1298 2580 359 2581 1666 2581 1286 2581 1286 2582 1287 2582 359 2582 359 2583 1287 2583 1288 2583 359 2584 1288 2584 334 2584 334 2585 1288 2585 1290 2585 402 2586 1253 2586 401 2586 401 2587 1253 2587 1252 2587 1735 2588 1246 2588 403 2588 403 2589 1246 2589 1240 2589 1240 2590 1249 2590 403 2590 403 2591 1249 2591 402 2591 340 2592 1353 2592 1355 2592 340 2593 1355 2593 341 2593 341 2594 1355 2594 1357 2594 341 2595 1357 2595 1359 2595 341 2596 1359 2596 343 2596 343 2597 1359 2597 1362 2597 343 2598 1362 2598 1361 2598 345 2599 1711 2599 1349 2599 1349 2600 1350 2600 345 2600 345 2601 1350 2601 1351 2601 345 2602 1351 2602 340 2602 340 2603 1351 2603 1353 2603 365 2604 1328 2604 364 2604 364 2605 1328 2605 1327 2605 1688 2606 1321 2606 366 2606 366 2607 1321 2607 1315 2607 1315 2608 1324 2608 366 2608 366 2609 1324 2609 365 2609 1688 2610 366 2610 1687 2610 1687 2611 366 2611 368 2611 1687 2612 368 2612 1710 2612 1710 2613 368 2613 1693 2613 1693 2614 368 2614 369 2614 1693 2615 369 2615 1691 2615 1691 2616 369 2616 1695 2616 1695 2617 369 2617 351 2617 1695 2618 351 2618 1697 2618 1697 2619 351 2619 1699 2619 1699 2620 351 2620 370 2620 1699 2621 370 2621 1701 2621 1701 2622 370 2622 1709 2622 1709 2623 370 2623 371 2623 1709 2624 371 2624 1708 2624 1708 2625 371 2625 372 2625 1708 2626 372 2626 1707 2626 1707 2627 372 2627 1690 2627 1690 2628 372 2628 373 2628 1690 2629 373 2629 1689 2629 1689 2630 373 2630 1298 2630 1689 2631 1298 2631 1297 2631 1666 2632 359 2632 1667 2632 1667 2633 359 2633 358 2633 1667 2634 358 2634 1686 2634 1686 2635 358 2635 1685 2635 1685 2636 358 2636 356 2636 1685 2637 356 2637 1684 2637 1684 2638 356 2638 1683 2638 1683 2639 356 2639 355 2639 1683 2640 355 2640 1681 2640 1681 2641 355 2641 1679 2641 1679 2642 355 2642 353 2642 1679 2643 353 2643 1677 2643 1677 2644 353 2644 1675 2644 1675 2645 353 2645 352 2645 1675 2646 352 2646 1674 2646 1674 2647 352 2647 1673 2647 1673 2648 352 2648 400 2648 1673 2649 400 2649 1672 2649 1672 2650 400 2650 1665 2650 1665 2651 400 2651 401 2651 1665 2652 401 2652 1664 2652 1664 2653 401 2653 1252 2653 1664 2654 1252 2654 1251 2654 1735 2655 403 2655 1734 2655 1734 2656 403 2656 404 2656 1734 2657 404 2657 1759 2657 1759 2658 404 2658 1740 2658 1740 2659 404 2659 406 2659 1740 2660 406 2660 1738 2660 1738 2661 406 2661 1742 2661 1742 2662 406 2662 388 2662 1742 2663 388 2663 1744 2663 1744 2664 388 2664 1746 2664 1746 2665 388 2665 389 2665 1746 2666 389 2666 1748 2666 1748 2667 389 2667 1749 2667 1749 2668 389 2668 390 2668 1749 2669 390 2669 1758 2669 1758 2670 390 2670 1757 2670 1757 2671 390 2671 344 2671 1757 2672 344 2672 1756 2672 1756 2673 344 2673 1737 2673 1737 2674 344 2674 343 2674 1737 2675 343 2675 1736 2675 1736 2676 343 2676 1361 2676 1736 2677 1361 2677 1360 2677 1711 2678 345 2678 1712 2678 1712 2679 345 2679 346 2679 1712 2680 346 2680 1733 2680 1733 2681 346 2681 1732 2681 1732 2682 346 2682 335 2682 1732 2683 335 2683 1731 2683 1731 2684 335 2684 1730 2684 1730 2685 335 2685 382 2685 1730 2686 382 2686 1728 2686 1728 2687 382 2687 1726 2687 1726 2688 382 2688 381 2688 1726 2689 381 2689 1724 2689 1724 2690 381 2690 1722 2690 1722 2691 381 2691 337 2691 1722 2692 337 2692 1721 2692 1721 2693 337 2693 1720 2693 1720 2694 337 2694 363 2694 1720 2695 363 2695 1719 2695 1719 2696 363 2696 1714 2696 1714 2697 363 2697 364 2697 1714 2698 364 2698 1713 2698 1713 2699 364 2699 1327 2699 1713 2700 1327 2700 1326 2700 1267 2701 1513 2701 1268 2701 1268 2702 1513 2702 1512 2702 1513 2703 1267 2703 1514 2703 1262 2704 1515 2704 1263 2704 1263 2705 1515 2705 1500 2705 1263 2706 1500 2706 1264 2706 1264 2707 1500 2707 1491 2707 1264 2708 1491 2708 1265 2708 1265 2709 1491 2709 1490 2709 1265 2710 1490 2710 1266 2710 1266 2711 1490 2711 1504 2711 1266 2712 1504 2712 1267 2712 1267 2713 1504 2713 1514 2713 1261 2714 1516 2714 1262 2714 1262 2715 1516 2715 1515 2715 1516 2716 1261 2716 1517 2716 1268 2717 1512 2717 1269 2717 1269 2718 1512 2718 1497 2718 1269 2719 1497 2719 1270 2719 1270 2720 1497 2720 1494 2720 1270 2721 1494 2721 1271 2721 1271 2722 1494 2722 1493 2722 1271 2723 1493 2723 1272 2723 1272 2724 1493 2724 1509 2724 1272 2725 1509 2725 1261 2725 1261 2726 1509 2726 1517 2726 1401 2727 1484 2727 1402 2727 1402 2728 1484 2728 1469 2728 1402 2729 1469 2729 1403 2729 1403 2730 1469 2730 1466 2730 1403 2731 1466 2731 1404 2731 1404 2732 1466 2732 1465 2732 1404 2733 1465 2733 1405 2733 1405 2734 1465 2734 1481 2734 1405 2735 1481 2735 1394 2735 1394 2736 1481 2736 1489 2736 1488 2737 1394 2737 1489 2737 1394 2738 1488 2738 1395 2738 1395 2739 1488 2739 1487 2739 1395 2740 1487 2740 1396 2740 1396 2741 1487 2741 1472 2741 1396 2742 1472 2742 1397 2742 1397 2743 1472 2743 1463 2743 1397 2744 1463 2744 1398 2744 1398 2745 1463 2745 1462 2745 1398 2746 1462 2746 1399 2746 1399 2747 1462 2747 1476 2747 1399 2748 1476 2748 1400 2748 1400 2749 1476 2749 1486 2749 1485 2750 1400 2750 1486 2750 1400 2751 1485 2751 1401 2751 1401 2752 1485 2752 1484 2752 1388 2753 1457 2753 1389 2753 1389 2754 1457 2754 1456 2754 1457 2755 1388 2755 1458 2755 1383 2756 1459 2756 1384 2756 1384 2757 1459 2757 1444 2757 1384 2758 1444 2758 1385 2758 1385 2759 1444 2759 1435 2759 1385 2760 1435 2760 1386 2760 1386 2761 1435 2761 1434 2761 1386 2762 1434 2762 1387 2762 1387 2763 1434 2763 1448 2763 1387 2764 1448 2764 1388 2764 1388 2765 1448 2765 1458 2765 1382 2766 1460 2766 1383 2766 1383 2767 1460 2767 1459 2767 1460 2768 1382 2768 1461 2768 1389 2769 1456 2769 1390 2769 1390 2770 1456 2770 1441 2770 1390 2771 1441 2771 1391 2771 1391 2772 1441 2772 1438 2772 1391 2773 1438 2773 1392 2773 1392 2774 1438 2774 1437 2774 1392 2775 1437 2775 1393 2775 1393 2776 1437 2776 1453 2776 1393 2777 1453 2777 1382 2777 1382 2778 1453 2778 1461 2778 1376 2779 1429 2779 1377 2779 1377 2780 1429 2780 1428 2780 1429 2781 1376 2781 1430 2781 1371 2782 1431 2782 1372 2782 1372 2783 1431 2783 1416 2783 1372 2784 1416 2784 1373 2784 1373 2785 1416 2785 1407 2785 1373 2786 1407 2786 1374 2786 1374 2787 1407 2787 1406 2787 1374 2788 1406 2788 1375 2788 1375 2789 1406 2789 1420 2789 1375 2790 1420 2790 1376 2790 1376 2791 1420 2791 1430 2791 1370 2792 1432 2792 1371 2792 1371 2793 1432 2793 1431 2793 1432 2794 1370 2794 1433 2794 1377 2795 1428 2795 1378 2795 1378 2796 1428 2796 1413 2796 1378 2797 1413 2797 1379 2797 1379 2798 1413 2798 1410 2798 1379 2799 1410 2799 1380 2799 1380 2800 1410 2800 1409 2800 1380 2801 1409 2801 1381 2801 1381 2802 1409 2802 1425 2802 1381 2803 1425 2803 1370 2803 1370 2804 1425 2804 1433 2804 1760 2805 1761 2805 1762 2805 1760 2806 1762 2806 1763 2806 1763 2807 1762 2807 1764 2807 1763 2808 1764 2808 1765 2808 1765 2809 1764 2809 1766 2809 1765 2810 1766 2810 1767 2810 1767 2811 1766 2811 1768 2811 1767 2812 1768 2812 1769 2812 1769 2813 1768 2813 1770 2813 1769 2814 1770 2814 1771 2814 1772 2815 1773 2815 1774 2815 1770 2816 1775 2816 1771 2816 1771 2817 1775 2817 1776 2817 1771 2818 1776 2818 1774 2818 1774 2819 1776 2819 1777 2819 1774 2820 1777 2820 1772 2820 1772 2821 1778 2821 1773 2821 1773 2822 1778 2822 1779 2822 1773 2823 1779 2823 1780 2823 1779 2824 1781 2824 1780 2824 1780 2825 1781 2825 1782 2825 1780 2826 1782 2826 1783 2826 1783 2827 1782 2827 1784 2827 1783 2828 1784 2828 1785 2828 1785 2829 1784 2829 1786 2829 1785 2830 1786 2830 1787 2830 1786 2831 1788 2831 1787 2831 1787 2832 1788 2832 1789 2832 1787 2833 1789 2833 1790 2833 1790 2834 1789 2834 1791 2834 1790 2835 1791 2835 1792 2835 1792 2836 1791 2836 1793 2836 1792 2837 1793 2837 1794 2837 1794 2838 1793 2838 1795 2838 1794 2839 1795 2839 1796 2839 1796 2840 1795 2840 1797 2840 1796 2841 1797 2841 1798 2841 1798 2842 1797 2842 1799 2842 1798 2843 1799 2843 1800 2843 1800 2844 1799 2844 1801 2844 1800 2845 1801 2845 1802 2845 1803 2846 1804 2846 1805 2846 1801 2847 1806 2847 1802 2847 1802 2848 1806 2848 1807 2848 1802 2849 1807 2849 1805 2849 1805 2850 1807 2850 1808 2850 1805 2851 1808 2851 1803 2851 1803 2852 1809 2852 1804 2852 1804 2853 1809 2853 1810 2853 1804 2854 1810 2854 1811 2854 1811 2855 1810 2855 1812 2855 1811 2856 1812 2856 1813 2856 1813 2857 1812 2857 1814 2857 1813 2858 1814 2858 1815 2858 1814 2859 1816 2859 1815 2859 1815 2860 1816 2860 1817 2860 1815 2861 1817 2861 1818 2861 1819 2862 1820 2862 1821 2862 1817 2863 1822 2863 1818 2863 1818 2864 1822 2864 1823 2864 1818 2865 1823 2865 1824 2865 1824 2866 1823 2866 1825 2866 1824 2867 1825 2867 1826 2867 1826 2868 1825 2868 1827 2868 1826 2869 1827 2869 1828 2869 1828 2870 1827 2870 1829 2870 1828 2871 1829 2871 1830 2871 1830 2872 1829 2872 1831 2872 1830 2873 1831 2873 1832 2873 1832 2874 1831 2874 1833 2874 1832 2875 1833 2875 1834 2875 1834 2876 1833 2876 1835 2876 1834 2877 1835 2877 1821 2877 1821 2878 1835 2878 1836 2878 1821 2879 1836 2879 1819 2879 1837 2880 1838 2880 1839 2880 1819 2881 1840 2881 1820 2881 1820 2882 1840 2882 1841 2882 1820 2883 1841 2883 1842 2883 1842 2884 1841 2884 1843 2884 1842 2885 1843 2885 1844 2885 1844 2886 1843 2886 1845 2886 1844 2887 1845 2887 1839 2887 1839 2888 1845 2888 1846 2888 1839 2889 1846 2889 1837 2889 1837 2890 1847 2890 1838 2890 1838 2891 1847 2891 1848 2891 1838 2892 1848 2892 1849 2892 1849 2893 1848 2893 1850 2893 1849 2894 1850 2894 1851 2894 1851 2895 1850 2895 1852 2895 1851 2896 1852 2896 1853 2896 1852 2897 1854 2897 1853 2897 1853 2898 1854 2898 1855 2898 1853 2899 1855 2899 1856 2899 1856 2900 1855 2900 1857 2900 1856 2901 1857 2901 1858 2901 1858 2902 1857 2902 1859 2902 1858 2903 1859 2903 1860 2903 1861 2904 1862 2904 1863 2904 1863 2905 1862 2905 1864 2905 1859 2906 1865 2906 1860 2906 1860 2907 1865 2907 1866 2907 1860 2908 1866 2908 1864 2908 1864 2909 1866 2909 1867 2909 1864 2910 1867 2910 1863 2910 1761 2911 1760 2911 1868 2911 1868 2912 1760 2912 1869 2912 1868 2913 1869 2913 1861 2913 1861 2914 1869 2914 1862 2914 1826 2915 1876 2915 1824 2915 1834 2916 526 2916 1832 2916 1842 2917 1872 2917 1820 2917 1851 2918 1873 2918 1849 2918 1763 2919 1869 2919 1760 2919 1769 2920 1874 2920 1767 2920 1790 2921 1785 2921 1787 2921 1796 2922 1875 2922 1794 2922 1802 2923 1953 2923 1800 2923 699 2924 701 2924 1876 2924 1818 2925 691 2925 1815 2925 1815 2926 691 2926 693 2926 1815 2927 693 2927 1813 2927 693 2928 695 2928 1813 2928 1813 2929 695 2929 697 2929 1813 2930 697 2930 1811 2930 1824 2931 1876 2931 687 2931 1824 2932 687 2932 1818 2932 1818 2933 687 2933 689 2933 1818 2934 689 2934 691 2934 701 2935 683 2935 1876 2935 1876 2936 683 2936 681 2936 1876 2937 681 2937 680 2937 1877 2938 1878 2938 1876 2938 697 2939 699 2939 1811 2939 1811 2940 699 2940 1876 2940 1811 2941 1876 2941 1804 2941 1804 2942 1876 2942 1878 2942 1804 2943 1878 2943 1879 2943 1877 2944 1880 2944 1881 2944 1882 2945 1802 2945 1883 2945 1883 2946 1802 2946 1805 2946 1883 2947 1805 2947 1884 2947 1884 2948 1805 2948 1804 2948 1884 2949 1804 2949 1885 2949 1885 2950 1804 2950 1879 2950 1882 2951 1886 2951 1802 2951 1802 2952 1886 2952 1887 2952 1802 2953 1887 2953 1888 2953 1953 2954 643 2954 1800 2954 1800 2955 643 2955 645 2955 1800 2956 645 2956 1798 2956 1798 2957 645 2957 647 2957 1798 2958 647 2958 1796 2958 1889 2959 656 2959 638 2959 647 2960 649 2960 1796 2960 1796 2961 649 2961 651 2961 1796 2962 651 2962 1875 2962 1875 2963 651 2963 653 2963 1875 2964 653 2964 1889 2964 638 2965 636 2965 1889 2965 1889 2966 636 2966 635 2966 1889 2967 635 2967 1953 2967 1953 2968 635 2968 641 2968 1953 2969 641 2969 643 2969 461 2970 463 2970 1790 2970 472 2971 474 2971 1890 2971 1890 2972 474 2972 456 2972 463 2973 465 2973 1790 2973 1790 2974 465 2974 467 2974 1790 2975 467 2975 1785 2975 1790 2976 1792 2976 461 2976 461 2977 1792 2977 1794 2977 461 2978 1794 2978 459 2978 459 2979 1794 2979 1875 2979 459 2980 1875 2980 454 2980 1890 2981 1871 2981 612 2981 467 2982 468 2982 1785 2982 1785 2983 468 2983 470 2983 1785 2984 470 2984 472 2984 1785 2985 472 2985 1783 2985 1783 2986 472 2986 1890 2986 1783 2987 1890 2987 1780 2987 1780 2988 1890 2988 619 2988 1780 2989 619 2989 621 2989 621 2990 623 2990 1780 2990 1780 2991 623 2991 625 2991 1780 2992 625 2992 1773 2992 631 2993 1774 2993 629 2993 629 2994 1774 2994 1773 2994 629 2995 1773 2995 627 2995 627 2996 1773 2996 625 2996 631 2997 633 2997 1774 2997 1774 2998 633 2998 615 2998 1774 2999 615 2999 1871 2999 1871 3000 615 3000 613 3000 1871 3001 613 3001 612 3001 1774 3002 1871 3002 1891 3002 1774 3003 1891 3003 1892 3003 1892 3004 1893 3004 1774 3004 1774 3005 1893 3005 1894 3005 1774 3006 1894 3006 1947 3006 1895 3007 1896 3007 1774 3007 1897 3008 1898 3008 1947 3008 1947 3009 1898 3009 1899 3009 1774 3010 1896 3010 1771 3010 1899 3011 1900 3011 1947 3011 1947 3012 1900 3012 1901 3012 1947 3013 1901 3013 1774 3013 1774 3014 1901 3014 1902 3014 1774 3015 1902 3015 1895 3015 1903 3016 1874 3016 1904 3016 1904 3017 1874 3017 1769 3017 1904 3018 1769 3018 1905 3018 1905 3019 1769 3019 1771 3019 1905 3020 1771 3020 1906 3020 1906 3021 1771 3021 1896 3021 587 3022 589 3022 570 3022 589 3023 572 3023 570 3023 576 3024 578 3024 1763 3024 578 3025 580 3025 1763 3025 1763 3026 580 3026 582 3026 1763 3027 582 3027 1869 3027 570 3028 569 3028 1874 3028 1767 3029 1874 3029 576 3029 1767 3030 576 3030 1765 3030 1765 3031 576 3031 1763 3031 1907 3032 1908 3032 1949 3032 1908 3033 1909 3033 1949 3033 1949 3034 1909 3034 1910 3034 1949 3035 1910 3035 1913 3035 1913 3036 1910 3036 1911 3036 1913 3037 1911 3037 1912 3037 1913 3038 1914 3038 570 3038 582 3039 583 3039 1869 3039 1869 3040 583 3040 585 3040 1869 3041 585 3041 587 3041 1869 3042 587 3042 1862 3042 1862 3043 587 3043 570 3043 1862 3044 570 3044 1864 3044 1864 3045 570 3045 1914 3045 1864 3046 1914 3046 1915 3046 1915 3047 1916 3047 1864 3047 1864 3048 1916 3048 1917 3048 1864 3049 1917 3049 1860 3049 1860 3050 1917 3050 1918 3050 1860 3051 1918 3051 1858 3051 1856 3052 1873 3052 565 3052 565 3053 567 3053 1856 3053 1856 3054 567 3054 548 3054 1856 3055 548 3055 546 3055 545 3056 551 3056 1856 3056 1856 3057 551 3057 553 3057 1856 3058 553 3058 1853 3058 553 3059 555 3059 1853 3059 1853 3060 555 3060 557 3060 1853 3061 557 3061 1851 3061 1918 3062 1907 3062 1858 3062 1858 3063 1907 3063 1949 3063 1858 3064 1949 3064 1856 3064 545 3065 1856 3065 546 3065 557 3066 559 3066 1851 3066 1851 3067 559 3067 561 3067 1851 3068 561 3068 1873 3068 1873 3069 561 3069 563 3069 1873 3070 563 3070 565 3070 1838 3071 669 3071 1839 3071 1839 3072 669 3072 671 3072 1839 3073 671 3073 1844 3073 671 3074 672 3074 1844 3074 1844 3075 672 3075 674 3075 1844 3076 674 3076 1842 3076 1842 3077 674 3077 676 3077 1842 3078 676 3078 1872 3078 1872 3079 676 3079 678 3079 1872 3080 678 3080 660 3080 1873 3081 658 3081 663 3081 1873 3082 663 3082 1849 3082 1849 3083 663 3083 665 3083 1849 3084 665 3084 1838 3084 1838 3085 665 3085 667 3085 1838 3086 667 3086 669 3086 524 3087 1919 3087 526 3087 524 3088 523 3088 1919 3088 1820 3089 1872 3089 531 3089 531 3090 533 3090 1820 3090 1820 3091 533 3091 535 3091 1820 3092 535 3092 1821 3092 1821 3093 535 3093 537 3093 1821 3094 537 3094 1834 3094 1834 3095 537 3095 539 3095 1834 3096 539 3096 526 3096 526 3097 539 3097 541 3097 526 3098 541 3098 543 3098 1920 3099 1876 3099 1921 3099 1921 3100 1876 3100 1826 3100 1921 3101 1826 3101 1922 3101 1922 3102 1826 3102 1828 3102 1923 3103 1924 3103 1925 3103 1925 3104 1924 3104 1926 3104 1830 3105 1927 3105 1828 3105 1828 3106 1927 3106 1928 3106 1828 3107 1928 3107 1922 3107 1929 3108 1930 3108 1876 3108 1876 3109 1930 3109 1931 3109 1876 3110 1931 3110 1932 3110 1925 3111 1933 3111 1876 3111 1876 3112 1933 3112 1934 3112 1876 3113 1934 3113 1877 3113 1877 3114 1934 3114 1935 3114 1877 3115 1935 3115 1936 3115 1832 3116 1937 3116 1938 3116 1932 3117 1923 3117 1876 3117 1876 3118 1923 3118 1925 3118 1925 3119 1832 3119 1939 3119 1939 3120 1832 3120 1938 3120 1940 3121 1941 3121 1919 3121 1919 3122 1941 3122 1937 3122 1919 3123 1937 3123 526 3123 526 3124 1937 3124 1832 3124 1832 3125 1925 3125 1830 3125 1830 3126 1925 3126 1926 3126 1830 3127 1926 3127 1927 3127 1942 3128 1856 3128 1943 3128 1943 3129 1856 3129 1949 3129 1943 3130 1949 3130 1944 3130 1944 3131 1949 3131 1945 3131 1894 3132 1946 3132 1947 3132 1913 3133 1947 3133 1948 3133 1913 3134 1948 3134 1949 3134 1950 3135 1953 3135 1936 3135 1936 3136 1953 3136 1802 3136 1936 3137 1802 3137 1877 3137 1877 3138 1802 3138 1888 3138 1877 3139 1888 3139 1880 3139 1951 3140 1889 3140 1952 3140 1952 3141 1889 3141 1953 3141 660 3142 1873 3142 1872 3142 1872 3143 1873 3143 1919 3143 1919 3144 1873 3144 1856 3144 1919 3145 1856 3145 1940 3145 1940 3146 1856 3146 1942 3146 1920 3147 1929 3147 1876 3147 1913 3148 570 3148 1947 3148 1947 3149 570 3149 1874 3149 1947 3150 1874 3150 1897 3150 1897 3151 1874 3151 1903 3151 1951 3152 1870 3152 1889 3152 1889 3153 1870 3153 1871 3153 1889 3154 1871 3154 1875 3154 1875 3155 1871 3155 1890 3155 1875 3156 1890 3156 456 3156 1215 3157 1216 3157 1260 3157 1095 3158 955 3158 957 3158 1213 3159 1215 3159 1219 3159 1311 3160 1195 3160 1193 3160 1193 3161 1195 3161 1197 3161 1193 3162 1197 3162 1191 3162 1026 3163 1025 3163 1260 3163 1172 3164 1335 3164 1171 3164 1171 3165 1335 3165 1341 3165 1191 3166 1197 3166 1207 3166 1207 3167 1197 3167 1198 3167 1207 3168 1198 3168 1199 3168 975 3169 977 3169 1058 3169 1260 3170 1236 3170 947 3170 1029 3171 991 3171 993 3171 1341 3172 1173 3172 1171 3172 1171 3173 1173 3173 1175 3173 1171 3174 1175 3174 1176 3174 1199 3175 1201 3175 1207 3175 1207 3176 1201 3176 1203 3176 1207 3177 1203 3177 1205 3177 1185 3178 1179 3178 1183 3178 1183 3179 1179 3179 1181 3179 1176 3180 1177 3180 1171 3180 1171 3181 1177 3181 1179 3181 1171 3182 1179 3182 1169 3182 1169 3183 1179 3183 1185 3183 1219 3184 1220 3184 1213 3184 1213 3185 1220 3185 1221 3185 1213 3186 1221 3186 1223 3186 1223 3187 1225 3187 1213 3187 1213 3188 1225 3188 1227 3188 1213 3189 1227 3189 1229 3189 1157 3190 1159 3190 1369 3190 1369 3191 1159 3191 1161 3191 1369 3192 1161 3192 1163 3192 1163 3193 1148 3193 1369 3193 1369 3194 1148 3194 1150 3194 1369 3195 1150 3195 1151 3195 953 3196 1026 3196 951 3196 951 3197 1026 3197 1260 3197 951 3198 1260 3198 949 3198 949 3199 1260 3199 947 3199 1011 3200 1013 3200 1122 3200 945 3201 1154 3201 943 3201 943 3202 1154 3202 1155 3202 943 3203 1155 3203 1062 3203 945 3204 947 3204 1154 3204 1154 3205 947 3205 1236 3205 1154 3206 1236 3206 1153 3206 1153 3207 1236 3207 1152 3207 961 3208 1369 3208 959 3208 959 3209 1369 3209 1341 3209 959 3210 1341 3210 957 3210 957 3211 1341 3211 1335 3211 961 3212 963 3212 1369 3212 1369 3213 963 3213 965 3213 1369 3214 965 3214 967 3214 973 3215 1157 3215 971 3215 971 3216 1157 3216 1369 3216 971 3217 1369 3217 969 3217 969 3218 1369 3218 967 3218 973 3219 975 3219 1157 3219 1157 3220 975 3220 1058 3220 1157 3221 1058 3221 1155 3221 1155 3222 1058 3222 1057 3222 1155 3223 1057 3223 1062 3223 1121 3224 1125 3224 1311 3224 1311 3225 1125 3225 979 3225 1029 3226 993 3226 1025 3226 993 3227 995 3227 1278 3227 1278 3228 995 3228 997 3228 1095 3229 957 3229 1090 3229 1090 3230 957 3230 1335 3230 1090 3231 1335 3231 1091 3231 1091 3232 1335 3232 987 3232 1091 3233 987 3233 989 3233 1025 3234 993 3234 1260 3234 1260 3235 993 3235 1278 3235 1260 3236 1278 3236 1215 3236 1215 3237 1278 3237 1217 3237 1215 3238 1217 3238 1219 3238 997 3239 999 3239 1278 3239 1278 3240 999 3240 1001 3240 1278 3241 1001 3241 1306 3241 1306 3242 1001 3242 1003 3242 1306 3243 1003 3243 1005 3243 979 3244 981 3244 1311 3244 1311 3245 981 3245 983 3245 1311 3246 983 3246 1335 3246 1335 3247 983 3247 985 3247 1335 3248 985 3248 987 3248 1005 3249 1007 3249 1306 3249 1306 3250 1007 3250 1009 3250 1306 3251 1009 3251 1011 3251 1122 3252 1121 3252 1011 3252 1011 3253 1121 3253 1311 3253 1011 3254 1311 3254 1306 3254 1306 3255 1311 3255 1193 3255 1306 3256 1193 3256 1194 3256 251 3257 252 3257 1954 3257 255 3258 256 3258 2030 3258 1957 3259 1958 3259 1959 3259 913 3260 914 3260 1960 3260 520 3261 913 3261 1961 3261 1965 3262 1966 3262 936 3262 1978 3263 1977 3263 423 3263 1978 3264 423 3264 1979 3264 1979 3265 423 3265 930 3265 1979 3266 930 3266 1980 3266 2016 3267 1987 3267 592 3267 2016 3268 592 3268 1988 3268 1988 3269 592 3269 926 3269 1988 3270 926 3270 1989 3270 520 3271 1954 3271 917 3271 917 3272 1954 3272 2020 3272 917 3273 2020 3273 1992 3273 916 3274 1992 3274 1993 3274 916 3275 1993 3275 921 3275 936 3276 1966 3276 931 3276 931 3277 1966 3277 1994 3277 931 3278 1994 3278 935 3278 935 3279 1994 3279 1995 3279 935 3280 1995 3280 706 3280 706 3281 1995 3281 937 3281 725 3282 937 3282 1996 3282 725 3283 1996 3283 940 3283 942 3284 938 3284 1997 3284 942 3285 1997 3285 941 3285 908 3286 941 3286 1998 3286 908 3287 1998 3287 912 3287 912 3288 1998 3288 1999 3288 912 3289 1999 3289 915 3289 915 3290 1999 3290 2000 3290 915 3291 2000 3291 522 3291 522 3292 2000 3292 2001 3292 522 3293 2001 3293 914 3293 1958 3294 1964 3294 2002 3294 1958 3295 2002 3295 1959 3295 1967 3296 2003 3296 1968 3296 1968 3297 2003 3297 1969 3297 1969 3298 2003 3298 2004 3298 1970 3299 282 3299 1971 3299 1971 3300 282 3300 1972 3300 1972 3301 282 3301 2005 3301 1972 3302 2005 3302 1973 3302 1973 3303 2005 3303 2006 3303 281 3304 1962 3304 2007 3304 2007 3305 1962 3305 1974 3305 2007 3306 1974 3306 1975 3306 2007 3307 1975 3307 2008 3307 2008 3308 1975 3308 1976 3308 2008 3309 1976 3309 2009 3309 2009 3310 1976 3310 1977 3310 2009 3311 1977 3311 1978 3311 2010 3312 1979 3312 1980 3312 2010 3313 1980 3313 1981 3313 2010 3314 1981 3314 2011 3314 2011 3315 1981 3315 1982 3315 2011 3316 1982 3316 1983 3316 2011 3317 1983 3317 2012 3317 2012 3318 1983 3318 1984 3318 2012 3319 1984 3319 2013 3319 2013 3320 1984 3320 1985 3320 2013 3321 1985 3321 2014 3321 2014 3322 1985 3322 1986 3322 2014 3323 1986 3323 2015 3323 2015 3324 1986 3324 1987 3324 2015 3325 1987 3325 2016 3325 2017 3326 2016 3326 1988 3326 2017 3327 1988 3327 2018 3327 2018 3328 1988 3328 1989 3328 2018 3329 1989 3329 1990 3329 2018 3330 1990 3330 261 3330 261 3331 1990 3331 1991 3331 919 3332 920 3332 2019 3332 2019 3333 920 3333 2031 3333 1992 3334 2020 3334 2021 3334 1992 3335 2021 3335 1993 3335 913 3336 1960 3336 1961 3336 2022 3337 2001 3337 2000 3337 2022 3338 2000 3338 249 3338 249 3339 2000 3339 1999 3339 249 3340 1999 3340 2023 3340 2023 3341 1999 3341 1998 3341 2023 3342 1998 3342 2024 3342 2024 3343 1998 3343 941 3343 2024 3344 941 3344 1997 3344 2025 3345 1997 3345 938 3345 2025 3346 938 3346 939 3346 2025 3347 939 3347 2026 3347 2026 3348 939 3348 940 3348 2026 3349 940 3349 1996 3349 2027 3350 1996 3350 937 3350 2027 3351 937 3351 1995 3351 2027 3352 1995 3352 239 3352 239 3353 1995 3353 1994 3353 2028 3354 1994 3354 1966 3354 2028 3355 1966 3355 1965 3355 2028 3356 1965 3356 1959 3356 1957 3357 1959 3357 1965 3357 1964 3358 1969 3358 2004 3358 1964 3359 2004 3359 2002 3359 1967 3360 1963 3360 2006 3360 1967 3361 2006 3361 2003 3361 1963 3362 1973 3362 2006 3362 2006 3363 2005 3363 2003 3363 1970 3364 1962 3364 281 3364 1970 3365 281 3365 282 3365 2018 3366 261 3366 266 3366 2018 3367 266 3367 2017 3367 2017 3368 266 3368 272 3368 2017 3369 272 3369 2016 3369 2016 3370 272 3370 2015 3370 2014 3371 2015 3371 275 3371 2014 3372 275 3372 2013 3372 2013 3373 275 3373 2012 3373 2012 3374 275 3374 274 3374 2012 3375 274 3375 2011 3375 2011 3376 274 3376 280 3376 2011 3377 280 3377 2010 3377 2010 3378 280 3378 309 3378 2010 3379 309 3379 1979 3379 1979 3380 309 3380 1978 3380 1978 3381 309 3381 2009 3381 2009 3382 309 3382 308 3382 2009 3383 308 3383 2008 3383 2008 3384 308 3384 2007 3384 1956 3385 256 3385 261 3385 1956 3386 261 3386 2029 3386 2029 3387 261 3387 1991 3387 2030 3388 256 3388 1956 3388 2029 3389 515 3389 1956 3389 1956 3390 515 3390 2030 3390 2030 3391 1955 3391 255 3391 918 3392 1955 3392 2030 3392 918 3393 2030 3393 922 3393 922 3394 2030 3394 515 3394 918 3395 919 3395 1955 3395 1955 3396 919 3396 2019 3396 1955 3397 2019 3397 255 3397 2031 3398 253 3398 2019 3398 2019 3399 253 3399 254 3399 2019 3400 254 3400 255 3400 1993 3401 2031 3401 920 3401 311 3402 253 3402 2021 3402 920 3403 921 3403 1993 3403 2031 3404 1993 3404 2021 3404 2031 3405 2021 3405 253 3405 1954 3406 252 3406 2020 3406 2020 3407 252 3407 2021 3407 2021 3408 252 3408 311 3408 520 3409 1961 3409 1954 3409 1954 3410 1961 3410 251 3410 914 3411 2001 3411 1960 3411 1960 3412 2001 3412 2022 3412 1960 3413 2022 3413 251 3413 1960 3414 251 3414 1961 3414 2028 3415 1959 3415 243 3415 2028 3416 243 3416 1994 3416 1994 3417 243 3417 239 3417 2027 3418 239 3418 292 3418 2027 3419 292 3419 1996 3419 1996 3420 292 3420 290 3420 1996 3421 290 3421 2026 3421 2026 3422 290 3422 288 3422 2026 3423 288 3423 2025 3423 2025 3424 288 3424 310 3424 2025 3425 310 3425 1997 3425 1997 3426 310 3426 2024 3426 2024 3427 310 3427 250 3427 2024 3428 250 3428 2023 3428 2023 3429 250 3429 249 3429 2022 3430 249 3430 251 3430 1107 3431 2032 3431 1085 3431 1085 3432 2032 3432 1086 3432 2033 3433 2034 3433 986 3433 986 3434 2034 3434 2035 3434 1128 3435 2033 3435 1114 3435 1114 3436 2033 3436 986 3436 1114 3437 986 3437 1135 3437 1135 3438 986 3438 984 3438 1135 3439 984 3439 1126 3439 1126 3440 984 3440 982 3440 1126 3441 982 3441 980 3441 2035 3442 2032 3442 986 3442 986 3443 2032 3443 1107 3443 986 3444 1107 3444 988 3444 988 3445 1107 3445 1084 3445 988 3446 1084 3446 990 3446 994 3447 992 3447 1030 3447 1138 3448 2036 3448 1116 3448 1116 3449 2036 3449 1117 3449 994 3450 1030 3450 996 3450 996 3451 1030 3451 1038 3451 996 3452 1038 3452 1016 3452 2037 3453 2036 3453 1010 3453 1010 3454 2036 3454 1138 3454 1010 3455 1138 3455 1012 3455 1012 3456 1138 3456 1115 3456 1012 3457 1115 3457 1014 3457 2037 3458 1010 3458 2038 3458 2038 3459 1010 3459 1008 3459 2038 3460 1008 3460 2039 3460 2039 3461 1008 3461 1006 3461 2039 3462 1006 3462 2040 3462 1006 3463 1004 3463 2040 3463 2040 3464 1004 3464 1002 3464 2040 3465 1002 3465 2041 3465 2041 3466 1002 3466 1000 3466 2041 3467 1000 3467 2042 3467 2042 3468 1000 3468 998 3468 2042 3469 998 3469 2043 3469 2043 3470 998 3470 996 3470 2043 3471 996 3471 2044 3471 2044 3472 996 3472 1016 3472 2044 3473 1016 3473 1031 3473 958 3474 956 3474 1096 3474 1052 3475 1051 3475 2045 3475 2045 3476 1051 3476 1075 3476 958 3477 1096 3477 960 3477 960 3478 1096 3478 1104 3478 960 3479 1104 3479 1083 3479 2046 3480 966 3480 2047 3480 2047 3481 966 3481 964 3481 2047 3482 964 3482 2048 3482 2048 3483 964 3483 962 3483 2048 3484 962 3484 2049 3484 2049 3485 962 3485 960 3485 2049 3486 960 3486 2050 3486 2050 3487 960 3487 1083 3487 2050 3488 1083 3488 1097 3488 2051 3489 974 3489 2052 3489 2052 3490 974 3490 972 3490 2052 3491 972 3491 2053 3491 2053 3492 972 3492 970 3492 2053 3493 970 3493 2046 3493 2046 3494 970 3494 968 3494 2046 3495 968 3495 966 3495 2051 3496 2045 3496 974 3496 974 3497 2045 3497 1075 3497 974 3498 1075 3498 976 3498 976 3499 1075 3499 1050 3499 976 3500 1050 3500 978 3500 1041 3501 2054 3501 1018 3501 1018 3502 2054 3502 1019 3502 1049 3503 950 3503 1072 3503 1072 3504 950 3504 948 3504 1072 3505 948 3505 1063 3505 1063 3506 948 3506 946 3506 1063 3507 946 3507 944 3507 1049 3508 1065 3508 2055 3508 1049 3509 2055 3509 950 3509 950 3510 2055 3510 2056 3510 950 3511 2056 3511 2057 3511 2057 3512 2054 3512 950 3512 950 3513 2054 3513 1041 3513 950 3514 1041 3514 952 3514 952 3515 1041 3515 1017 3515 952 3516 1017 3516 954 3516 2058 3517 2059 3517 2060 3517 2061 3518 1118 3518 2062 3518 2063 3519 2064 3519 2065 3519 2106 3520 2066 3520 2067 3520 2068 3521 2069 3521 2070 3521 2070 3522 2071 3522 2068 3522 2068 3523 2071 3523 2072 3523 2068 3524 2072 3524 2073 3524 909 3525 2074 3525 2075 3525 1066 3526 2075 3526 2076 3526 1066 3527 2076 3527 2077 3527 2077 3528 2076 3528 2078 3528 2077 3529 2078 3529 2060 3529 2060 3530 2078 3530 2058 3530 2079 3531 2086 3531 2080 3531 2080 3532 2086 3532 2081 3532 2080 3533 2081 3533 1087 3533 1087 3534 2081 3534 2082 3534 923 3535 2082 3535 924 3535 1098 3536 924 3536 2083 3536 2084 3537 2085 3537 2079 3537 2079 3538 2085 3538 2086 3538 2058 3539 2087 3539 2059 3539 2059 3540 2087 3540 2088 3540 2088 3541 2087 3541 2089 3541 2088 3542 2089 3542 1020 3542 1020 3543 2089 3543 2090 3543 932 3544 2090 3544 933 3544 1032 3545 933 3545 2091 3545 2072 3546 2092 3546 2073 3546 2073 3547 2092 3547 2062 3547 2062 3548 2092 3548 2093 3548 2062 3549 2093 3549 2061 3549 924 3550 2094 3550 2083 3550 2083 3551 2094 3551 2095 3551 2074 3552 1053 3552 2096 3552 928 3553 2061 3553 2097 3553 1129 3554 2097 3554 2098 3554 1129 3555 2098 3555 2099 3555 2099 3556 2098 3556 2100 3556 2099 3557 2100 3557 2084 3557 2084 3558 2100 3558 2085 3558 933 3559 2101 3559 2091 3559 2091 3560 2101 3560 2102 3560 2101 3561 2103 3561 2102 3561 2102 3562 2103 3562 2104 3562 2102 3563 2104 3563 2067 3563 2067 3564 2104 3564 2105 3564 2067 3565 2105 3565 2106 3565 2066 3566 2106 3566 2107 3566 2066 3567 2107 3567 2108 3567 2108 3568 2107 3568 2109 3568 2108 3569 2109 3569 2069 3569 2069 3570 2109 3570 2070 3570 2110 3571 2111 3571 2112 3571 2112 3572 2111 3572 2114 3572 2112 3573 2114 3573 2113 3573 2113 3574 2114 3574 2115 3574 2113 3575 2115 3575 2065 3575 2065 3576 2115 3576 2116 3576 2065 3577 2116 3577 2063 3577 2063 3578 2117 3578 2064 3578 2064 3579 2117 3579 2096 3579 2096 3580 2117 3580 2118 3580 2096 3581 2118 3581 2074 3581 2094 3582 2119 3582 2095 3582 2095 3583 2119 3583 2120 3583 2095 3584 2120 3584 2121 3584 2120 3585 2122 3585 2121 3585 2121 3586 2122 3586 2123 3586 2121 3587 2123 3587 2110 3587 2110 3588 2123 3588 2111 3588 1118 3589 1117 3589 2036 3589 1118 3590 2036 3590 2062 3590 2062 3591 2036 3591 2037 3591 2062 3592 2037 3592 2073 3592 2073 3593 2037 3593 2038 3593 2073 3594 2038 3594 2068 3594 2068 3595 2038 3595 2039 3595 2068 3596 2039 3596 2069 3596 2069 3597 2039 3597 2040 3597 2069 3598 2040 3598 2108 3598 2108 3599 2040 3599 2041 3599 2108 3600 2041 3600 2066 3600 2066 3601 2041 3601 2042 3601 2066 3602 2042 3602 2067 3602 2067 3603 2042 3603 2043 3603 2067 3604 2043 3604 2102 3604 2102 3605 2043 3605 2044 3605 2102 3606 2044 3606 2091 3606 2091 3607 2044 3607 1031 3607 2091 3608 1031 3608 1032 3608 1020 3609 1019 3609 2054 3609 1020 3610 2054 3610 2088 3610 2088 3611 2054 3611 2057 3611 2088 3612 2057 3612 2059 3612 2059 3613 2057 3613 2056 3613 2059 3614 2056 3614 2060 3614 2060 3615 2056 3615 2055 3615 2060 3616 2055 3616 2077 3616 2077 3617 2055 3617 1065 3617 2077 3618 1065 3618 1066 3618 1053 3619 1052 3619 2045 3619 1053 3620 2045 3620 2096 3620 2096 3621 2045 3621 2051 3621 2096 3622 2051 3622 2064 3622 2064 3623 2051 3623 2052 3623 2064 3624 2052 3624 2065 3624 2065 3625 2052 3625 2053 3625 2065 3626 2053 3626 2113 3626 2113 3627 2053 3627 2046 3627 2113 3628 2046 3628 2112 3628 2112 3629 2046 3629 2047 3629 2112 3630 2047 3630 2110 3630 2110 3631 2047 3631 2048 3631 2110 3632 2048 3632 2121 3632 2121 3633 2048 3633 2049 3633 2121 3634 2049 3634 2095 3634 2095 3635 2049 3635 2050 3635 2095 3636 2050 3636 2083 3636 2083 3637 2050 3637 1097 3637 2083 3638 1097 3638 1098 3638 1087 3639 1086 3639 2032 3639 1087 3640 2032 3640 2080 3640 2080 3641 2032 3641 2035 3641 2080 3642 2035 3642 2079 3642 2079 3643 2035 3643 2034 3643 2079 3644 2034 3644 2084 3644 2084 3645 2034 3645 2033 3645 2084 3646 2033 3646 2099 3646 2099 3647 2033 3647 1128 3647 2099 3648 1128 3648 1129 3648 2124 3649 2125 3649 2282 3649 2248 3650 2247 3650 2126 3650 2127 3651 2128 3651 821 3651 821 3652 2128 3652 2129 3652 821 3653 2129 3653 2247 3653 2247 3654 2129 3654 2130 3654 2247 3655 2130 3655 2126 3655 2127 3656 821 3656 2131 3656 2131 3657 821 3657 822 3657 2131 3658 822 3658 2132 3658 2132 3659 822 3659 823 3659 2132 3660 823 3660 2133 3660 2133 3661 823 3661 2134 3661 2134 3662 823 3662 824 3662 2134 3663 824 3663 2135 3663 2136 3664 2137 3664 814 3664 814 3665 2137 3665 2138 3665 814 3666 2138 3666 825 3666 825 3667 2138 3667 2139 3667 825 3668 2139 3668 824 3668 824 3669 2139 3669 2140 3669 824 3670 2140 3670 2135 3670 2136 3671 814 3671 2141 3671 2141 3672 814 3672 815 3672 2141 3673 815 3673 2142 3673 2142 3674 815 3674 808 3674 2142 3675 808 3675 2143 3675 2282 3676 2125 3676 808 3676 808 3677 2125 3677 2144 3677 808 3678 2144 3678 2143 3678 2124 3679 2282 3679 2145 3679 2145 3680 2282 3680 2256 3680 2145 3681 2256 3681 2146 3681 2146 3682 2256 3682 820 3682 2146 3683 820 3683 2147 3683 2147 3684 820 3684 2148 3684 2148 3685 820 3685 818 3685 2148 3686 818 3686 2149 3686 2149 3687 818 3687 2150 3687 2150 3688 818 3688 819 3688 2150 3689 819 3689 2151 3689 2275 3690 2152 3690 819 3690 819 3691 2152 3691 2153 3691 819 3692 2153 3692 2151 3692 811 3693 816 3693 2154 3693 2154 3694 2155 3694 811 3694 811 3695 2155 3695 2156 3695 811 3696 2156 3696 2275 3696 2275 3697 2156 3697 2157 3697 2275 3698 2157 3698 2152 3698 2158 3699 2159 3699 2252 3699 2252 3700 2159 3700 2160 3700 2252 3701 2160 3701 817 3701 817 3702 2160 3702 2161 3702 817 3703 2161 3703 816 3703 816 3704 2161 3704 2162 3704 816 3705 2162 3705 2154 3705 2158 3706 2252 3706 2163 3706 2163 3707 2252 3707 2269 3707 2163 3708 2269 3708 2164 3708 2164 3709 2269 3709 2246 3709 2164 3710 2246 3710 2165 3710 2166 3711 2167 3711 813 3711 813 3712 2167 3712 2168 3712 813 3713 2168 3713 812 3713 812 3714 2168 3714 2169 3714 812 3715 2169 3715 2246 3715 2246 3716 2169 3716 2170 3716 2246 3717 2170 3717 2165 3717 2166 3718 813 3718 2171 3718 2171 3719 813 3719 2250 3719 2171 3720 2250 3720 2172 3720 2172 3721 2250 3721 2265 3721 2172 3722 2265 3722 2173 3722 2173 3723 2265 3723 2174 3723 2174 3724 2265 3724 810 3724 2174 3725 810 3725 2175 3725 807 3726 2176 3726 809 3726 809 3727 2176 3727 2177 3727 809 3728 2177 3728 810 3728 810 3729 2177 3729 2178 3729 810 3730 2178 3730 2175 3730 2126 3731 2179 3731 2248 3731 2248 3732 2179 3732 2180 3732 2248 3733 2180 3733 807 3733 807 3734 2180 3734 2181 3734 807 3735 2181 3735 2176 3735 2182 3736 798 3736 2183 3736 2183 3737 798 3737 801 3737 2183 3738 801 3738 2184 3738 2184 3739 801 3739 804 3739 2184 3740 804 3740 2185 3740 2182 3741 2186 3741 798 3741 798 3742 2186 3742 2187 3742 798 3743 2187 3743 793 3743 2187 3744 2188 3744 793 3744 793 3745 2188 3745 2189 3745 793 3746 2189 3746 795 3746 795 3747 2189 3747 2190 3747 795 3748 2190 3748 786 3748 786 3749 2190 3749 2191 3749 2191 3750 2192 3750 786 3750 786 3751 2192 3751 2193 3751 786 3752 2193 3752 787 3752 787 3753 2193 3753 2194 3753 787 3754 2194 3754 806 3754 806 3755 2194 3755 2195 3755 2195 3756 2196 3756 806 3756 806 3757 2196 3757 2197 3757 806 3758 2197 3758 805 3758 2197 3759 2198 3759 805 3759 805 3760 2198 3760 2199 3760 805 3761 2199 3761 744 3761 744 3762 2199 3762 2200 3762 744 3763 2200 3763 742 3763 742 3764 2200 3764 2201 3764 2201 3765 2202 3765 742 3765 742 3766 2202 3766 2203 3766 742 3767 2203 3767 737 3767 2203 3768 2204 3768 737 3768 737 3769 2204 3769 2205 3769 737 3770 2205 3770 739 3770 739 3771 2205 3771 2206 3771 739 3772 2206 3772 726 3772 2206 3773 2207 3773 726 3773 726 3774 2207 3774 2208 3774 726 3775 2208 3775 727 3775 2208 3776 2209 3776 727 3776 727 3777 2209 3777 2210 3777 727 3778 2210 3778 752 3778 2210 3779 2211 3779 752 3779 752 3780 2211 3780 2212 3780 752 3781 2212 3781 753 3781 753 3782 2212 3782 2213 3782 2213 3783 2214 3783 753 3783 753 3784 2214 3784 2215 3784 753 3785 2215 3785 761 3785 761 3786 2215 3786 2216 3786 761 3787 2216 3787 748 3787 2216 3788 2217 3788 748 3788 748 3789 2217 3789 2218 3789 748 3790 2218 3790 745 3790 745 3791 2218 3791 2219 3791 2219 3792 2220 3792 745 3792 745 3793 2220 3793 2221 3793 745 3794 2221 3794 749 3794 2221 3795 2222 3795 749 3795 749 3796 2222 3796 2223 3796 749 3797 2223 3797 757 3797 757 3798 2223 3798 2224 3798 757 3799 2224 3799 756 3799 2224 3800 2225 3800 756 3800 756 3801 2225 3801 2226 3801 756 3802 2226 3802 754 3802 754 3803 2226 3803 2227 3803 2227 3804 2228 3804 754 3804 754 3805 2228 3805 2229 3805 754 3806 2229 3806 755 3806 755 3807 2229 3807 2230 3807 755 3808 2230 3808 785 3808 785 3809 2230 3809 2231 3809 2231 3810 2232 3810 785 3810 785 3811 2232 3811 2233 3811 785 3812 2233 3812 784 3812 2233 3813 2234 3813 784 3813 784 3814 2234 3814 2235 3814 784 3815 2235 3815 772 3815 2235 3816 2236 3816 772 3816 772 3817 2236 3817 2237 3817 772 3818 2237 3818 781 3818 781 3819 2237 3819 2238 3819 781 3820 2238 3820 773 3820 2238 3821 2239 3821 773 3821 773 3822 2239 3822 2240 3822 773 3823 2240 3823 774 3823 2240 3824 2241 3824 774 3824 774 3825 2241 3825 2242 3825 774 3826 2242 3826 778 3826 2242 3827 2243 3827 778 3827 778 3828 2243 3828 2244 3828 778 3829 2244 3829 804 3829 804 3830 2244 3830 2245 3830 804 3831 2245 3831 2185 3831 2248 3832 807 3832 2292 3832 2292 3833 807 3833 809 3833 2292 3834 809 3834 2260 3834 821 3835 2247 3835 2314 3835 2314 3836 2247 3836 2291 3836 2260 3837 809 3837 2249 3837 809 3838 810 3838 2249 3838 2249 3839 810 3839 2263 3839 2250 3840 813 3840 2251 3840 2246 3841 2269 3841 2267 3841 2252 3842 2271 3842 2330 3842 2252 3843 817 3843 2271 3843 2271 3844 817 3844 2253 3844 817 3845 816 3845 2253 3845 2253 3846 816 3846 2254 3846 816 3847 811 3847 2254 3847 2254 3848 811 3848 2273 3848 2255 3849 819 3849 2279 3849 2279 3850 819 3850 2277 3850 818 3851 820 3851 2276 3851 2276 3852 820 3852 2309 3852 820 3853 2256 3853 2309 3853 2257 3854 808 3854 2285 3854 2285 3855 808 3855 2284 3855 815 3856 814 3856 2283 3856 2283 3857 814 3857 2287 3857 814 3858 825 3858 2287 3858 2287 3859 825 3859 2286 3859 824 3860 823 3860 2258 3860 2258 3861 823 3861 2290 3861 823 3862 822 3862 2290 3862 2290 3863 822 3863 2259 3863 2260 3864 2261 3864 2262 3864 2260 3865 2262 3865 2292 3865 2300 3866 2299 3866 2263 3866 2264 3867 2300 3867 2265 3867 2265 3868 2300 3868 2263 3868 2265 3869 2263 3869 810 3869 2265 3870 2250 3870 2264 3870 2264 3871 2250 3871 2251 3871 2303 3872 2266 3872 813 3872 813 3873 2266 3873 2251 3873 2304 3874 2303 3874 812 3874 812 3875 2303 3875 813 3875 812 3876 2246 3876 2304 3876 2246 3877 2267 3877 2305 3877 2246 3878 2305 3878 2304 3878 2269 3879 2268 3879 2267 3879 2269 3880 2252 3880 2268 3880 2268 3881 2252 3881 2330 3881 2253 3882 2328 3882 2270 3882 2253 3883 2270 3883 2271 3883 2274 3884 2272 3884 2275 3884 2275 3885 2272 3885 2273 3885 2275 3886 2273 3886 811 3886 2275 3887 819 3887 2255 3887 2275 3888 2255 3888 2274 3888 2277 3889 2278 3889 2279 3889 2276 3890 2277 3890 818 3890 818 3891 2277 3891 819 3891 2256 3892 2317 3892 2280 3892 2256 3893 2280 3893 2309 3893 2281 3894 2317 3894 2282 3894 2282 3895 2317 3895 2256 3895 2282 3896 808 3896 2257 3896 2282 3897 2257 3897 2281 3897 2283 3898 2284 3898 815 3898 815 3899 2284 3899 808 3899 2288 3900 2286 3900 824 3900 824 3901 2286 3901 825 3901 824 3902 2258 3902 2288 3902 2259 3903 2319 3903 2289 3903 2259 3904 2289 3904 2290 3904 822 3905 821 3905 2259 3905 2259 3906 821 3906 2314 3906 2259 3907 2314 3907 2313 3907 2292 3908 2293 3908 2248 3908 2248 3909 2293 3909 2294 3909 2248 3910 2294 3910 2247 3910 2247 3911 2294 3911 2295 3911 2247 3912 2295 3912 2291 3912 2332 3913 2294 3913 2293 3913 2296 3914 2292 3914 2262 3914 2296 3915 2262 3915 2261 3915 2297 3916 2261 3916 2260 3916 2297 3917 2260 3917 2249 3917 2298 3918 2249 3918 2263 3918 2298 3919 2263 3919 2299 3919 2342 3920 2300 3920 2264 3920 2342 3921 2264 3921 2251 3921 2301 3922 2251 3922 2266 3922 2301 3923 2266 3923 2302 3923 2302 3924 2266 3924 2303 3924 2340 3925 2303 3925 2304 3925 2338 3926 2267 3926 2268 3926 2306 3927 2328 3927 2253 3927 2306 3928 2253 3928 2254 3928 2307 3929 2254 3929 2273 3929 2308 3930 2277 3930 2276 3930 2308 3931 2276 3931 2309 3931 2316 3932 2309 3932 2280 3932 2316 3933 2280 3933 2317 3933 2310 3934 2284 3934 2283 3934 2311 3935 2286 3935 2288 3935 2312 3936 2319 3936 2259 3936 2312 3937 2259 3937 2313 3937 2315 3938 2314 3938 2291 3938 2332 3939 2295 3939 2294 3939 2296 3940 2261 3940 2297 3940 2297 3941 2249 3941 2298 3941 2299 3942 2300 3942 2342 3942 2341 3943 2342 3943 2251 3943 2341 3944 2251 3944 2301 3944 2302 3945 2303 3945 2340 3945 2339 3946 2340 3946 2304 3946 2304 3947 2305 3947 2339 3947 2339 3948 2305 3948 2338 3948 2305 3949 2267 3949 2338 3949 2330 3950 2271 3950 2329 3950 2329 3951 2271 3951 2270 3951 2329 3952 2270 3952 2328 3952 2306 3953 2254 3953 2307 3953 2307 3954 2273 3954 2272 3954 2327 3955 2274 3955 2255 3955 2327 3956 2255 3956 2326 3956 2255 3957 2279 3957 2326 3957 2326 3958 2279 3958 2278 3958 2326 3959 2278 3959 2308 3959 2278 3960 2277 3960 2308 3960 2324 3961 2281 3961 2257 3961 2324 3962 2257 3962 2318 3962 2257 3963 2285 3963 2318 3963 2318 3964 2285 3964 2323 3964 2285 3965 2284 3965 2323 3965 2323 3966 2284 3966 2310 3966 2310 3967 2283 3967 2322 3967 2283 3968 2287 3968 2322 3968 2322 3969 2287 3969 2311 3969 2287 3970 2286 3970 2311 3970 2321 3971 2288 3971 2258 3971 2321 3972 2258 3972 2320 3972 2258 3973 2290 3973 2320 3973 2320 3974 2290 3974 2289 3974 2320 3975 2289 3975 2319 3975 2312 3976 2313 3976 2315 3976 2313 3977 2314 3977 2315 3977 2315 3978 2291 3978 2295 3978 2331 3979 2332 3979 2293 3979 2331 3980 2293 3980 2292 3980 2331 3981 2292 3981 2296 3981 2295 3982 2332 3982 2333 3982 2295 3983 2333 3983 2315 3983 2288 3984 2321 3984 2311 3984 2281 3985 2324 3985 2334 3985 2281 3986 2334 3986 2317 3986 2317 3987 2334 3987 2335 3987 2317 3988 2335 3988 2316 3988 2309 3989 2316 3989 2308 3989 2308 3990 2325 3990 2326 3990 2274 3991 2327 3991 2336 3991 2274 3992 2336 3992 2272 3992 2272 3993 2336 3993 2307 3993 2268 3994 2330 3994 2337 3994 2268 3995 2337 3995 2338 3995 2299 3996 2342 3996 2343 3996 2299 3997 2343 3997 2298 3997 2332 3998 2344 3998 2333 3998 2333 3999 2344 3999 2315 3999 2315 4000 2344 4000 2345 4000 2315 4001 2345 4001 2312 4001 2312 4002 2345 4002 2346 4002 2312 4003 2346 4003 2319 4003 2319 4004 2346 4004 2320 4004 2320 4005 2346 4005 2347 4005 2320 4006 2347 4006 2321 4006 2321 4007 2347 4007 2348 4007 2321 4008 2348 4008 2311 4008 2311 4009 2348 4009 2349 4009 2311 4010 2349 4010 2322 4010 2322 4011 2349 4011 2350 4011 2322 4012 2350 4012 2310 4012 2310 4013 2350 4013 2323 4013 2323 4014 2350 4014 2318 4014 2318 4015 2350 4015 2351 4015 2318 4016 2351 4016 2324 4016 2324 4017 2351 4017 2374 4017 2324 4018 2374 4018 2334 4018 2334 4019 2374 4019 2352 4019 2334 4020 2352 4020 2335 4020 2335 4021 2352 4021 2316 4021 2316 4022 2352 4022 2308 4022 2308 4023 2352 4023 2353 4023 2308 4024 2353 4024 2325 4024 2325 4025 2353 4025 2326 4025 2326 4026 2353 4026 2327 4026 2327 4027 2353 4027 2354 4027 2327 4028 2354 4028 2336 4028 2336 4029 2354 4029 2355 4029 2336 4030 2355 4030 2307 4030 2307 4031 2355 4031 2306 4031 2306 4032 2355 4032 2356 4032 2306 4033 2356 4033 2328 4033 2328 4034 2356 4034 2329 4034 2329 4035 2356 4035 2366 4035 2329 4036 2366 4036 2330 4036 2330 4037 2366 4037 2337 4037 2337 4038 2366 4038 2357 4038 2337 4039 2357 4039 2338 4039 2338 4040 2357 4040 2339 4040 2339 4041 2357 4041 2340 4041 2340 4042 2357 4042 2358 4042 2340 4043 2358 4043 2302 4043 2302 4044 2358 4044 2301 4044 2301 4045 2358 4045 2341 4045 2341 4046 2358 4046 2369 4046 2341 4047 2369 4047 2342 4047 2342 4048 2369 4048 2359 4048 2342 4049 2359 4049 2343 4049 2343 4050 2359 4050 2360 4050 2343 4051 2360 4051 2298 4051 2298 4052 2360 4052 2297 4052 2297 4053 2360 4053 2361 4053 2297 4054 2361 4054 2296 4054 2296 4055 2361 4055 2371 4055 2296 4056 2371 4056 2331 4056 2331 4057 2371 4057 2362 4057 2331 4058 2362 4058 2332 4058 2332 4059 2362 4059 2344 4059 2354 4060 2363 4060 2364 4060 2354 4061 2364 4061 2355 4061 2355 4062 2364 4062 2365 4062 2355 4063 2365 4063 2356 4063 2356 4064 2365 4064 2366 4064 2366 4065 2367 4065 2357 4065 2357 4066 2367 4066 2368 4066 2357 4067 2368 4067 2358 4067 2359 4068 2369 4068 2360 4068 2360 4069 2369 4069 2370 4069 2360 4070 2370 4070 2361 4070 2345 4071 2344 4071 2372 4071 2345 4072 2372 4072 2346 4072 2346 4073 2372 4073 2347 4073 2350 4074 2349 4074 2373 4074 2350 4075 2373 4075 2351 4075 2352 4076 2374 4076 2375 4076 2352 4077 2375 4077 2353 4077 2353 4078 2375 4078 2363 4078 2353 4079 2363 4079 2354 4079 2376 4080 2461 4080 2398 4080 2464 4081 2426 4081 2388 4081 2377 4082 2457 4082 2384 4082 2358 4083 2368 4083 2424 4083 2369 4084 2387 4084 2386 4084 2369 4085 2386 4085 2370 4085 2351 4086 2409 4086 2374 4086 2374 4087 2409 4087 2407 4087 2372 4088 2420 4088 2418 4088 2378 4089 2344 4089 2379 4089 2425 4090 2387 4090 2369 4090 2425 4091 2369 4091 2358 4091 2437 4092 2409 4092 2351 4092 2437 4093 2351 4093 2373 4093 2381 4094 2420 4094 2372 4094 2381 4095 2372 4095 2344 4095 2362 4096 2371 4096 2382 4096 2371 4097 2361 4097 2383 4097 2383 4098 2361 4098 2384 4098 2361 4099 2370 4099 2384 4099 2384 4100 2370 4100 2385 4100 2388 4101 2368 4101 2428 4101 2389 4102 2391 4102 2466 4102 2466 4103 2391 4103 2390 4103 2389 4104 2367 4104 2391 4104 2391 4105 2367 4105 2392 4105 2393 4106 2395 4106 2468 4106 2468 4107 2395 4107 2394 4107 2393 4108 2366 4108 2395 4108 2366 4109 2365 4109 2395 4109 2395 4110 2365 4110 2396 4110 2397 4111 2433 4111 2460 4111 2433 4112 2364 4112 2398 4112 2398 4113 2364 4113 2399 4113 2400 4114 2403 4114 2401 4114 2401 4115 2403 4115 2402 4115 2400 4116 2363 4116 2403 4116 2403 4117 2363 4117 2404 4117 2405 4118 2406 4118 2479 4118 2479 4119 2406 4119 2446 4119 2405 4120 2375 4120 2406 4120 2375 4121 2374 4121 2406 4121 2406 4122 2374 4122 2408 4122 2407 4123 2409 4123 2449 4123 2449 4124 2409 4124 2470 4124 2411 4125 2451 4125 2413 4125 2413 4126 2451 4126 2412 4126 2412 4127 2373 4127 2413 4127 2373 4128 2349 4128 2413 4128 2413 4129 2349 4129 2438 4129 2414 4130 2417 4130 2415 4130 2415 4131 2417 4131 2416 4131 2414 4132 2348 4132 2417 4132 2348 4133 2347 4133 2417 4133 2417 4134 2347 4134 2419 4134 2418 4135 2420 4135 2476 4135 2476 4136 2420 4136 2453 4136 2344 4137 2362 4137 2379 4137 2379 4138 2362 4138 2382 4138 2384 4139 2457 4139 2383 4139 2384 4140 2385 4140 2377 4140 2387 4141 2421 4141 2386 4141 2386 4142 2421 4142 2422 4142 2386 4143 2422 4143 2385 4143 2385 4144 2422 4144 2423 4144 2385 4145 2423 4145 2377 4145 2385 4146 2370 4146 2386 4146 2387 4147 2425 4147 2463 4147 2463 4148 2425 4148 2458 4148 2424 4149 743 4149 2425 4149 2358 4150 2424 4150 2425 4150 2368 4151 2380 4151 2424 4151 2424 4152 2380 4152 2427 4152 2424 4153 2427 4153 743 4153 2388 4154 2426 4154 2380 4154 2380 4155 2426 4155 2427 4155 2380 4156 2368 4156 2388 4156 2388 4157 2428 4157 2464 4157 2466 4158 2459 4158 2389 4158 2389 4159 2459 4159 2428 4159 2368 4160 2367 4160 2428 4160 2428 4161 2367 4161 2389 4161 2391 4162 2392 4162 2390 4162 2468 4163 2429 4163 2393 4163 2392 4164 2393 4164 2430 4164 2392 4165 2430 4165 2390 4165 2367 4166 2366 4166 2392 4166 2392 4167 2366 4167 2393 4167 2395 4168 2396 4168 2394 4168 2460 4169 2467 4169 2397 4169 2397 4170 2467 4170 2431 4170 2397 4171 2431 4171 2396 4171 2396 4172 2431 4172 2432 4172 2396 4173 2432 4173 2394 4173 2396 4174 2365 4174 2397 4174 2433 4175 2398 4175 2460 4175 2460 4176 2398 4176 2461 4176 2365 4177 2364 4177 2397 4177 2397 4178 2364 4178 2433 4178 2398 4179 2399 4179 2376 4179 2401 4180 2434 4180 2400 4180 2400 4181 2434 4181 2399 4181 2399 4182 2434 4182 2443 4182 2399 4183 2443 4183 2376 4183 2364 4184 2363 4184 2399 4184 2399 4185 2363 4185 2400 4185 2403 4186 2404 4186 2402 4186 2479 4187 2435 4187 2405 4187 2405 4188 2435 4188 2404 4188 2404 4189 2435 4189 2436 4189 2404 4190 2436 4190 2402 4190 2363 4191 2375 4191 2404 4191 2404 4192 2375 4192 2405 4192 2406 4193 2408 4193 2446 4193 2407 4194 2448 4194 2408 4194 2408 4195 2448 4195 2447 4195 2408 4196 2447 4196 2446 4196 2408 4197 2374 4197 2407 4197 2409 4198 2437 4198 2470 4198 2373 4199 2410 4199 2437 4199 2451 4200 2450 4200 2412 4200 2412 4201 2450 4201 2410 4201 2410 4202 2450 4202 2478 4202 2410 4203 2478 4203 2437 4203 2410 4204 2373 4204 2412 4204 2413 4205 2438 4205 2411 4205 2415 4206 2471 4206 2414 4206 2414 4207 2471 4207 2438 4207 2438 4208 2452 4208 2411 4208 2349 4209 2348 4209 2438 4209 2438 4210 2348 4210 2414 4210 2417 4211 2419 4211 2416 4211 2476 4212 2439 4212 2418 4212 2419 4213 2418 4213 2440 4213 2419 4214 2440 4214 2416 4214 2347 4215 2372 4215 2419 4215 2419 4216 2372 4216 2418 4216 2420 4217 2381 4217 2453 4217 2344 4218 2378 4218 2381 4218 2371 4219 2455 4219 2382 4219 2382 4220 2455 4220 2474 4220 2382 4221 2474 4221 2379 4221 2379 4222 2474 4222 2441 4222 2379 4223 2441 4223 2378 4223 2378 4224 2441 4224 2442 4224 2444 4225 2436 4225 2435 4225 2444 4226 2435 4226 2445 4226 2445 4227 2435 4227 2479 4227 2478 4228 2470 4228 2437 4228 2452 4229 2438 4229 2471 4229 2472 4230 2415 4230 2416 4230 2472 4231 2416 4231 2440 4231 2439 4232 2440 4232 2418 4232 2473 4233 2476 4233 2453 4233 2453 4234 2381 4234 2454 4234 2454 4235 2381 4235 2378 4235 2454 4236 2378 4236 2442 4236 2456 4237 2371 4237 2383 4237 2456 4238 2383 4238 2457 4238 2462 4239 2423 4239 2422 4239 2462 4240 2422 4240 2421 4240 2463 4241 2421 4241 2387 4241 2458 4242 2425 4242 743 4242 2465 4243 2466 4243 2390 4243 2465 4244 2390 4244 2430 4244 2429 4245 2430 4245 2393 4245 2469 4246 2461 4246 2376 4246 2469 4247 2376 4247 2443 4247 2457 4248 2377 4248 2462 4248 2462 4249 2377 4249 2423 4249 2462 4250 2421 4250 2463 4250 2464 4251 2428 4251 2459 4251 2465 4252 2430 4252 2429 4252 2431 4253 2467 4253 2394 4253 2394 4254 2432 4254 2431 4254 2460 4255 2461 4255 2469 4255 2469 4256 2443 4256 2434 4256 2401 4257 2402 4257 2444 4257 2444 4258 2402 4258 2436 4258 2448 4259 2449 4259 2447 4259 2479 4260 2446 4260 2447 4260 2448 4261 2407 4261 2449 4261 2450 4262 2477 4262 2478 4262 2477 4263 2450 4263 2451 4263 2477 4264 2451 4264 2411 4264 2477 4265 2411 4265 2452 4265 2471 4266 2415 4266 2472 4266 2472 4267 2440 4267 2439 4267 2454 4268 2475 4268 2473 4268 2473 4269 2453 4269 2454 4269 2454 4270 2442 4270 2475 4270 2475 4271 2442 4271 2441 4271 2475 4272 2441 4272 2474 4272 2474 4273 2455 4273 2456 4273 2456 4274 2455 4274 2371 4274 2470 4275 784 4275 2449 4275 2449 4276 784 4276 767 4276 2449 4277 767 4277 2447 4277 2447 4278 767 4278 2479 4278 2479 4279 767 4279 2445 4279 2445 4280 767 4280 769 4280 2445 4281 769 4281 2444 4281 2444 4282 769 4282 777 4282 2444 4283 777 4283 2401 4283 2401 4284 777 4284 2434 4284 2434 4285 777 4285 778 4285 2434 4286 778 4286 2469 4286 2469 4287 778 4287 804 4287 2469 4288 804 4288 790 4288 2469 4289 790 4289 2460 4289 2460 4290 790 4290 2467 4290 2467 4291 790 4291 2394 4291 2394 4292 790 4292 2468 4292 2468 4293 790 4293 789 4293 2468 4294 789 4294 2429 4294 2429 4295 789 4295 2466 4295 2429 4296 2466 4296 2465 4296 2459 4297 2466 4297 2464 4297 2464 4298 2466 4298 2426 4298 2426 4299 2466 4299 805 4299 2426 4300 805 4300 744 4300 2426 4301 744 4301 2427 4301 2427 4302 744 4302 743 4302 2458 4303 743 4303 2463 4303 2463 4304 743 4304 2462 4304 2462 4305 743 4305 734 4305 2462 4306 734 4306 2457 4306 2457 4307 734 4307 730 4307 2457 4308 730 4308 2456 4308 2456 4309 730 4309 2474 4309 2474 4310 730 4310 752 4310 2474 4311 752 4311 2475 4311 2475 4312 752 4312 753 4312 2475 4313 753 4313 764 4313 2475 4314 764 4314 2473 4314 2473 4315 764 4315 2476 4315 2476 4316 764 4316 765 4316 2476 4317 765 4317 2439 4317 2439 4318 765 4318 758 4318 2439 4319 758 4319 2472 4319 2472 4320 758 4320 2471 4320 2452 4321 2471 4321 2477 4321 2477 4322 2471 4322 2470 4322 2477 4323 2470 4323 2478 4323 2090 4324 2481 4324 933 4324 933 4325 2481 4325 2482 4325 933 4326 2482 4326 2101 4326 2101 4327 2482 4327 2483 4327 2101 4328 2483 4328 2484 4328 2101 4329 2484 4329 2103 4329 2103 4330 2484 4330 2485 4330 2103 4331 2485 4331 2104 4331 2104 4332 2485 4332 2486 4332 2104 4333 2486 4333 2105 4333 2105 4334 2486 4334 2487 4334 2105 4335 2487 4335 2106 4335 2106 4336 2487 4336 2488 4336 2106 4337 2488 4337 2489 4337 2106 4338 2489 4338 2107 4338 2107 4339 2489 4339 2490 4339 2107 4340 2490 4340 2109 4340 2109 4341 2490 4341 2491 4341 2109 4342 2491 4342 2492 4342 2109 4343 2492 4343 2070 4343 2070 4344 2492 4344 2493 4344 2070 4345 2493 4345 2071 4345 2071 4346 2493 4346 2494 4346 2071 4347 2494 4347 2072 4347 2072 4348 2494 4348 2495 4348 2072 4349 2495 4349 2092 4349 2092 4350 2495 4350 2496 4350 2092 4351 2496 4351 2497 4351 2092 4352 2497 4352 2093 4352 2093 4353 2497 4353 2480 4353 2093 4354 2480 4354 2061 4354 2090 4355 2498 4355 2499 4355 2090 4356 2499 4356 2481 4356 2074 4357 2500 4357 2075 4357 2075 4358 2500 4358 2501 4358 2075 4359 2501 4359 2076 4359 2076 4360 2501 4360 2502 4360 2076 4361 2502 4361 2078 4361 2078 4362 2502 4362 2503 4362 2078 4363 2503 4363 2504 4363 2078 4364 2504 4364 2058 4364 2058 4365 2504 4365 2505 4365 2058 4366 2505 4366 2087 4366 2087 4367 2505 4367 2506 4367 2087 4368 2506 4368 2507 4368 2087 4369 2507 4369 2089 4369 2089 4370 2507 4370 2498 4370 2089 4371 2498 4371 2090 4371 2074 4372 2508 4372 2509 4372 2074 4373 2509 4373 2500 4373 2082 4374 2510 4374 924 4374 924 4375 2510 4375 2511 4375 924 4376 2511 4376 2094 4376 2094 4377 2511 4377 2512 4377 2094 4378 2512 4378 2513 4378 2094 4379 2513 4379 2119 4379 2119 4380 2513 4380 2514 4380 2119 4381 2514 4381 2120 4381 2120 4382 2514 4382 2515 4382 2120 4383 2515 4383 2122 4383 2122 4384 2515 4384 2516 4384 2122 4385 2516 4385 2123 4385 2123 4386 2516 4386 2517 4386 2123 4387 2517 4387 2518 4387 2123 4388 2518 4388 2111 4388 2111 4389 2518 4389 2519 4389 2111 4390 2519 4390 2114 4390 2114 4391 2519 4391 2520 4391 2114 4392 2520 4392 2521 4392 2114 4393 2521 4393 2115 4393 2115 4394 2521 4394 2522 4394 2115 4395 2522 4395 2116 4395 2116 4396 2522 4396 2523 4396 2116 4397 2523 4397 2063 4397 2063 4398 2523 4398 2524 4398 2063 4399 2524 4399 2117 4399 2117 4400 2524 4400 2525 4400 2117 4401 2525 4401 2526 4401 2117 4402 2526 4402 2118 4402 2118 4403 2526 4403 2508 4403 2118 4404 2508 4404 2074 4404 2082 4405 2527 4405 2528 4405 2082 4406 2528 4406 2510 4406 2480 4407 2529 4407 2061 4407 2061 4408 2529 4408 2530 4408 2061 4409 2530 4409 2097 4409 2097 4410 2530 4410 2531 4410 2097 4411 2531 4411 2098 4411 2098 4412 2531 4412 2532 4412 2098 4413 2532 4413 2100 4413 2100 4414 2532 4414 2533 4414 2100 4415 2533 4415 2534 4415 2100 4416 2534 4416 2085 4416 2085 4417 2534 4417 2535 4417 2085 4418 2535 4418 2086 4418 2086 4419 2535 4419 2536 4419 2086 4420 2536 4420 2537 4420 2086 4421 2537 4421 2081 4421 2081 4422 2537 4422 2527 4422 2081 4423 2527 4423 2082 4423 2534 4424 2538 4424 2535 4424 2535 4425 2538 4425 2539 4425 2535 4426 2539 4426 2536 4426 2536 4427 2539 4427 2540 4427 2536 4428 2540 4428 2537 4428 2537 4429 2540 4429 2541 4429 2537 4430 2541 4430 2527 4430 2527 4431 2541 4431 2542 4431 2527 4432 2542 4432 2528 4432 2528 4433 2542 4433 2543 4433 2528 4434 2543 4434 2510 4434 2510 4435 2543 4435 2544 4435 2510 4436 2544 4436 2511 4436 2511 4437 2544 4437 2545 4437 2511 4438 2545 4438 2512 4438 2512 4439 2545 4439 2546 4439 2512 4440 2546 4440 2513 4440 2513 4441 2546 4441 2547 4441 2513 4442 2547 4442 2514 4442 2514 4443 2547 4443 2548 4443 2514 4444 2548 4444 2515 4444 2515 4445 2548 4445 2549 4445 2515 4446 2549 4446 2516 4446 2516 4447 2549 4447 2550 4447 2516 4448 2550 4448 2517 4448 2517 4449 2550 4449 2551 4449 2517 4450 2551 4450 2518 4450 2518 4451 2551 4451 2552 4451 2518 4452 2552 4452 2519 4452 2519 4453 2552 4453 2553 4453 2519 4454 2553 4454 2520 4454 2520 4455 2553 4455 2554 4455 2520 4456 2554 4456 2521 4456 2521 4457 2554 4457 2555 4457 2521 4458 2555 4458 2522 4458 2522 4459 2555 4459 2556 4459 2522 4460 2556 4460 2523 4460 2523 4461 2556 4461 2557 4461 2523 4462 2557 4462 2524 4462 2524 4463 2557 4463 2558 4463 2524 4464 2558 4464 2525 4464 2525 4465 2558 4465 2559 4465 2525 4466 2559 4466 2526 4466 2526 4467 2559 4467 2560 4467 2526 4468 2560 4468 2508 4468 2508 4469 2560 4469 2561 4469 2508 4470 2561 4470 2509 4470 2509 4471 2561 4471 2562 4471 2509 4472 2562 4472 2500 4472 2500 4473 2562 4473 2563 4473 2500 4474 2563 4474 2501 4474 2501 4475 2563 4475 2564 4475 2501 4476 2564 4476 2502 4476 2502 4477 2564 4477 2565 4477 2502 4478 2565 4478 2503 4478 2503 4479 2565 4479 2566 4479 2503 4480 2566 4480 2504 4480 2504 4481 2566 4481 2567 4481 2504 4482 2567 4482 2505 4482 2505 4483 2567 4483 2568 4483 2505 4484 2568 4484 2506 4484 2506 4485 2568 4485 2569 4485 2506 4486 2569 4486 2507 4486 2507 4487 2569 4487 2570 4487 2507 4488 2570 4488 2498 4488 2498 4489 2570 4489 2571 4489 2498 4490 2571 4490 2499 4490 2499 4491 2571 4491 2572 4491 2499 4492 2572 4492 2481 4492 2481 4493 2572 4493 2573 4493 2481 4494 2573 4494 2482 4494 2482 4495 2573 4495 2574 4495 2482 4496 2574 4496 2483 4496 2483 4497 2574 4497 2575 4497 2483 4498 2575 4498 2484 4498 2484 4499 2575 4499 2576 4499 2484 4500 2576 4500 2485 4500 2485 4501 2576 4501 2577 4501 2485 4502 2577 4502 2486 4502 2486 4503 2577 4503 2578 4503 2486 4504 2578 4504 2487 4504 2487 4505 2578 4505 2579 4505 2487 4506 2579 4506 2488 4506 2488 4507 2579 4507 2580 4507 2488 4508 2580 4508 2489 4508 2489 4509 2580 4509 2581 4509 2489 4510 2581 4510 2490 4510 2490 4511 2581 4511 2582 4511 2490 4512 2582 4512 2491 4512 2491 4513 2582 4513 2583 4513 2491 4514 2583 4514 2492 4514 2492 4515 2583 4515 2584 4515 2492 4516 2584 4516 2493 4516 2493 4517 2584 4517 2585 4517 2493 4518 2585 4518 2494 4518 2494 4519 2585 4519 2586 4519 2494 4520 2586 4520 2495 4520 2495 4521 2586 4521 2587 4521 2495 4522 2587 4522 2496 4522 2496 4523 2587 4523 2588 4523 2496 4524 2588 4524 2497 4524 2497 4525 2588 4525 2589 4525 2497 4526 2589 4526 2480 4526 2480 4527 2589 4527 2590 4527 2480 4528 2590 4528 2529 4528 2529 4529 2590 4529 2591 4529 2529 4530 2591 4530 2530 4530 2530 4531 2591 4531 2592 4531 2530 4532 2592 4532 2531 4532 2531 4533 2592 4533 2593 4533 2531 4534 2593 4534 2532 4534 2532 4535 2593 4535 2594 4535 2532 4536 2594 4536 2533 4536 2533 4537 2594 4537 2595 4537 2533 4538 2595 4538 2534 4538 2534 4539 2595 4539 2538 4539 2595 4540 2126 4540 2538 4540 2538 4541 2126 4541 2130 4541 2538 4542 2130 4542 2539 4542 2539 4543 2130 4543 2129 4543 2539 4544 2129 4544 2540 4544 2540 4545 2129 4545 2128 4545 2540 4546 2128 4546 2541 4546 2541 4547 2128 4547 2127 4547 2541 4548 2127 4548 2542 4548 2542 4549 2127 4549 2131 4549 2542 4550 2131 4550 2543 4550 2543 4551 2131 4551 2132 4551 2543 4552 2132 4552 2544 4552 2544 4553 2132 4553 2133 4553 2544 4554 2133 4554 2545 4554 2545 4555 2133 4555 2134 4555 2545 4556 2134 4556 2546 4556 2546 4557 2134 4557 2135 4557 2546 4558 2135 4558 2547 4558 2547 4559 2135 4559 2140 4559 2547 4560 2140 4560 2548 4560 2548 4561 2140 4561 2139 4561 2548 4562 2139 4562 2549 4562 2549 4563 2139 4563 2138 4563 2549 4564 2138 4564 2550 4564 2550 4565 2138 4565 2137 4565 2550 4566 2137 4566 2551 4566 2551 4567 2137 4567 2136 4567 2551 4568 2136 4568 2552 4568 2552 4569 2136 4569 2141 4569 2552 4570 2141 4570 2553 4570 2553 4571 2141 4571 2142 4571 2553 4572 2142 4572 2554 4572 2554 4573 2142 4573 2143 4573 2554 4574 2143 4574 2555 4574 2555 4575 2143 4575 2144 4575 2555 4576 2144 4576 2556 4576 2556 4577 2144 4577 2125 4577 2556 4578 2125 4578 2557 4578 2557 4579 2125 4579 2124 4579 2557 4580 2124 4580 2558 4580 2558 4581 2124 4581 2145 4581 2558 4582 2145 4582 2559 4582 2559 4583 2145 4583 2146 4583 2559 4584 2146 4584 2560 4584 2560 4585 2146 4585 2147 4585 2560 4586 2147 4586 2561 4586 2561 4587 2147 4587 2148 4587 2561 4588 2148 4588 2562 4588 2562 4589 2148 4589 2149 4589 2562 4590 2149 4590 2563 4590 2563 4591 2149 4591 2150 4591 2563 4592 2150 4592 2564 4592 2564 4593 2150 4593 2151 4593 2564 4594 2151 4594 2565 4594 2565 4595 2151 4595 2153 4595 2565 4596 2153 4596 2566 4596 2566 4597 2153 4597 2152 4597 2566 4598 2152 4598 2567 4598 2567 4599 2152 4599 2157 4599 2567 4600 2157 4600 2568 4600 2568 4601 2157 4601 2156 4601 2568 4602 2156 4602 2569 4602 2569 4603 2156 4603 2155 4603 2569 4604 2155 4604 2570 4604 2570 4605 2155 4605 2154 4605 2570 4606 2154 4606 2571 4606 2571 4607 2154 4607 2162 4607 2571 4608 2162 4608 2572 4608 2572 4609 2162 4609 2161 4609 2572 4610 2161 4610 2573 4610 2573 4611 2161 4611 2160 4611 2573 4612 2160 4612 2574 4612 2574 4613 2160 4613 2159 4613 2574 4614 2159 4614 2575 4614 2575 4615 2159 4615 2158 4615 2575 4616 2158 4616 2576 4616 2576 4617 2158 4617 2163 4617 2576 4618 2163 4618 2577 4618 2577 4619 2163 4619 2164 4619 2577 4620 2164 4620 2578 4620 2578 4621 2164 4621 2165 4621 2578 4622 2165 4622 2579 4622 2579 4623 2165 4623 2170 4623 2579 4624 2170 4624 2580 4624 2580 4625 2170 4625 2169 4625 2580 4626 2169 4626 2581 4626 2581 4627 2169 4627 2168 4627 2581 4628 2168 4628 2582 4628 2582 4629 2168 4629 2167 4629 2582 4630 2167 4630 2583 4630 2583 4631 2167 4631 2166 4631 2583 4632 2166 4632 2584 4632 2584 4633 2166 4633 2171 4633 2584 4634 2171 4634 2585 4634 2585 4635 2171 4635 2172 4635 2585 4636 2172 4636 2586 4636 2586 4637 2172 4637 2173 4637 2586 4638 2173 4638 2587 4638 2587 4639 2173 4639 2174 4639 2587 4640 2174 4640 2588 4640 2588 4641 2174 4641 2175 4641 2588 4642 2175 4642 2589 4642 2589 4643 2175 4643 2178 4643 2589 4644 2178 4644 2590 4644 2590 4645 2178 4645 2177 4645 2590 4646 2177 4646 2591 4646 2591 4647 2177 4647 2176 4647 2591 4648 2176 4648 2592 4648 2592 4649 2176 4649 2181 4649 2592 4650 2181 4650 2593 4650 2593 4651 2181 4651 2180 4651 2593 4652 2180 4652 2594 4652 2594 4653 2180 4653 2179 4653 2594 4654 2179 4654 2595 4654 2595 4655 2179 4655 2126 4655 899 4656 2596 4656 900 4656 900 4657 2596 4657 2597 4657 900 4658 2597 4658 904 4658 904 4659 2597 4659 2598 4659 904 4660 2598 4660 2599 4660 904 4661 2599 4661 906 4661 906 4662 2599 4662 2600 4662 906 4663 2600 4663 907 4663 907 4664 2600 4664 2601 4664 907 4665 2601 4665 2602 4665 907 4666 2602 4666 903 4666 903 4667 2602 4667 2603 4667 903 4668 2603 4668 876 4668 876 4669 2603 4669 2604 4669 876 4670 2604 4670 2605 4670 876 4671 2605 4671 877 4671 877 4672 2605 4672 2606 4672 877 4673 2606 4673 862 4673 862 4674 2606 4674 2607 4674 862 4675 2607 4675 2608 4675 862 4676 2608 4676 830 4676 830 4677 2608 4677 2609 4677 830 4678 2609 4678 836 4678 836 4679 2609 4679 2610 4679 836 4680 2610 4680 838 4680 838 4681 2610 4681 2611 4681 838 4682 2611 4682 2612 4682 838 4683 2612 4683 839 4683 839 4684 2612 4684 2613 4684 839 4685 2613 4685 853 4685 853 4686 2613 4686 2614 4686 853 4687 2614 4687 2615 4687 853 4688 2615 4688 854 4688 854 4689 2615 4689 2616 4689 854 4690 2616 4690 856 4690 856 4691 2616 4691 2617 4691 856 4692 2617 4692 2618 4692 856 4693 2618 4693 842 4693 842 4694 2618 4694 2619 4694 842 4695 2619 4695 888 4695 888 4696 2619 4696 2620 4696 888 4697 2620 4697 2621 4697 888 4698 2621 4698 890 4698 890 4699 2621 4699 2622 4699 890 4700 2622 4700 891 4700 891 4701 2622 4701 2623 4701 891 4702 2623 4702 2624 4702 891 4703 2624 4703 878 4703 878 4704 2624 4704 2625 4704 878 4705 2625 4705 879 4705 879 4706 2625 4706 2626 4706 879 4707 2626 4707 881 4707 881 4708 2626 4708 2627 4708 881 4709 2627 4709 2628 4709 881 4710 2628 4710 833 4710 833 4711 2628 4711 2629 4711 833 4712 2629 4712 843 4712 843 4713 2629 4713 2630 4713 843 4714 2630 4714 2631 4714 843 4715 2631 4715 845 4715 845 4716 2631 4716 2632 4716 845 4717 2632 4717 846 4717 846 4718 2632 4718 2633 4718 846 4719 2633 4719 2634 4719 846 4720 2634 4720 857 4720 857 4721 2634 4721 2635 4721 857 4722 2635 4722 859 4722 859 4723 2635 4723 2636 4723 859 4724 2636 4724 2637 4724 859 4725 2637 4725 860 4725 860 4726 2637 4726 2638 4726 860 4727 2638 4727 865 4727 865 4728 2638 4728 2639 4728 865 4729 2639 4729 2640 4729 865 4730 2640 4730 866 4730 866 4731 2640 4731 2641 4731 866 4732 2641 4732 868 4732 868 4733 2641 4733 2642 4733 868 4734 2642 4734 869 4734 869 4735 2642 4735 2643 4735 869 4736 2643 4736 2644 4736 869 4737 2644 4737 851 4737 851 4738 2644 4738 2645 4738 851 4739 2645 4739 870 4739 870 4740 2645 4740 2646 4740 870 4741 2646 4741 2647 4741 870 4742 2647 4742 871 4742 871 4743 2647 4743 2648 4743 871 4744 2648 4744 892 4744 892 4745 2648 4745 2649 4745 892 4746 2649 4746 2650 4746 892 4747 2650 4747 893 4747 893 4748 2650 4748 2651 4748 893 4749 2651 4749 894 4749 894 4750 2651 4750 2652 4750 894 4751 2652 4751 2653 4751 894 4752 2653 4752 884 4752 884 4753 2653 4753 2654 4753 884 4754 2654 4754 886 4754 886 4755 2654 4755 2655 4755 886 4756 2655 4756 2656 4756 886 4757 2656 4757 895 4757 895 4758 2656 4758 2657 4758 895 4759 2657 4759 896 4759 896 4760 2657 4760 2658 4760 896 4761 2658 4761 899 4761 899 4762 2658 4762 2659 4762 899 4763 2659 4763 2596 4763 2596 4764 2660 4764 2597 4764 2597 4765 2660 4765 2661 4765 2597 4766 2661 4766 2598 4766 2598 4767 2661 4767 2662 4767 2598 4768 2662 4768 2599 4768 2599 4769 2662 4769 2663 4769 2599 4770 2663 4770 2600 4770 2600 4771 2663 4771 2664 4771 2600 4772 2664 4772 2601 4772 2601 4773 2664 4773 2665 4773 2601 4774 2665 4774 2602 4774 2602 4775 2665 4775 2666 4775 2602 4776 2666 4776 2603 4776 2603 4777 2666 4777 2667 4777 2603 4778 2667 4778 2604 4778 2604 4779 2667 4779 2668 4779 2604 4780 2668 4780 2605 4780 2605 4781 2668 4781 2669 4781 2605 4782 2669 4782 2606 4782 2606 4783 2669 4783 2670 4783 2606 4784 2670 4784 2607 4784 2607 4785 2670 4785 2671 4785 2607 4786 2671 4786 2608 4786 2608 4787 2671 4787 2672 4787 2608 4788 2672 4788 2609 4788 2609 4789 2672 4789 2673 4789 2609 4790 2673 4790 2610 4790 2610 4791 2673 4791 2674 4791 2610 4792 2674 4792 2611 4792 2611 4793 2674 4793 2675 4793 2611 4794 2675 4794 2612 4794 2612 4795 2675 4795 2676 4795 2612 4796 2676 4796 2613 4796 2613 4797 2676 4797 2677 4797 2613 4798 2677 4798 2614 4798 2614 4799 2677 4799 2678 4799 2614 4800 2678 4800 2615 4800 2615 4801 2678 4801 2679 4801 2615 4802 2679 4802 2616 4802 2616 4803 2679 4803 2680 4803 2616 4804 2680 4804 2617 4804 2617 4805 2680 4805 2681 4805 2617 4806 2681 4806 2618 4806 2618 4807 2681 4807 2682 4807 2618 4808 2682 4808 2619 4808 2619 4809 2682 4809 2683 4809 2619 4810 2683 4810 2620 4810 2620 4811 2683 4811 2684 4811 2620 4812 2684 4812 2621 4812 2621 4813 2684 4813 2685 4813 2621 4814 2685 4814 2622 4814 2622 4815 2685 4815 2686 4815 2622 4816 2686 4816 2623 4816 2623 4817 2686 4817 2687 4817 2623 4818 2687 4818 2624 4818 2624 4819 2687 4819 2688 4819 2624 4820 2688 4820 2625 4820 2625 4821 2688 4821 2689 4821 2625 4822 2689 4822 2626 4822 2626 4823 2689 4823 2690 4823 2626 4824 2690 4824 2627 4824 2627 4825 2690 4825 2691 4825 2627 4826 2691 4826 2628 4826 2628 4827 2691 4827 2692 4827 2628 4828 2692 4828 2629 4828 2629 4829 2692 4829 2693 4829 2629 4830 2693 4830 2630 4830 2630 4831 2693 4831 2694 4831 2630 4832 2694 4832 2631 4832 2631 4833 2694 4833 2695 4833 2631 4834 2695 4834 2632 4834 2632 4835 2695 4835 2696 4835 2632 4836 2696 4836 2633 4836 2633 4837 2696 4837 2697 4837 2633 4838 2697 4838 2634 4838 2634 4839 2697 4839 2698 4839 2634 4840 2698 4840 2635 4840 2635 4841 2698 4841 2699 4841 2635 4842 2699 4842 2636 4842 2636 4843 2699 4843 2700 4843 2636 4844 2700 4844 2637 4844 2637 4845 2700 4845 2701 4845 2637 4846 2701 4846 2638 4846 2638 4847 2701 4847 2702 4847 2638 4848 2702 4848 2639 4848 2639 4849 2702 4849 2703 4849 2639 4850 2703 4850 2640 4850 2640 4851 2703 4851 2704 4851 2640 4852 2704 4852 2641 4852 2641 4853 2704 4853 2705 4853 2641 4854 2705 4854 2642 4854 2642 4855 2705 4855 2706 4855 2642 4856 2706 4856 2643 4856 2643 4857 2706 4857 2707 4857 2643 4858 2707 4858 2644 4858 2644 4859 2707 4859 2708 4859 2644 4860 2708 4860 2645 4860 2645 4861 2708 4861 2709 4861 2645 4862 2709 4862 2646 4862 2646 4863 2709 4863 2710 4863 2646 4864 2710 4864 2647 4864 2647 4865 2710 4865 2711 4865 2647 4866 2711 4866 2648 4866 2648 4867 2711 4867 2712 4867 2648 4868 2712 4868 2649 4868 2649 4869 2712 4869 2713 4869 2649 4870 2713 4870 2650 4870 2650 4871 2713 4871 2714 4871 2650 4872 2714 4872 2651 4872 2651 4873 2714 4873 2715 4873 2651 4874 2715 4874 2652 4874 2652 4875 2715 4875 2716 4875 2652 4876 2716 4876 2653 4876 2653 4877 2716 4877 2717 4877 2653 4878 2717 4878 2654 4878 2654 4879 2717 4879 2718 4879 2654 4880 2718 4880 2655 4880 2655 4881 2718 4881 2719 4881 2655 4882 2719 4882 2656 4882 2656 4883 2719 4883 2720 4883 2656 4884 2720 4884 2657 4884 2657 4885 2720 4885 2721 4885 2657 4886 2721 4886 2658 4886 2658 4887 2721 4887 2722 4887 2658 4888 2722 4888 2659 4888 2659 4889 2722 4889 2723 4889 2659 4890 2723 4890 2596 4890 2596 4891 2723 4891 2660 4891 2660 4892 2245 4892 2661 4892 2661 4893 2245 4893 2244 4893 2661 4894 2244 4894 2662 4894 2662 4895 2244 4895 2243 4895 2662 4896 2243 4896 2663 4896 2663 4897 2243 4897 2242 4897 2663 4898 2242 4898 2664 4898 2664 4899 2242 4899 2241 4899 2664 4900 2241 4900 2665 4900 2665 4901 2241 4901 2240 4901 2665 4902 2240 4902 2666 4902 2666 4903 2240 4903 2239 4903 2666 4904 2239 4904 2667 4904 2667 4905 2239 4905 2238 4905 2667 4906 2238 4906 2668 4906 2668 4907 2238 4907 2237 4907 2668 4908 2237 4908 2669 4908 2669 4909 2237 4909 2236 4909 2669 4910 2236 4910 2670 4910 2670 4911 2236 4911 2235 4911 2670 4912 2235 4912 2671 4912 2671 4913 2235 4913 2234 4913 2671 4914 2234 4914 2672 4914 2672 4915 2234 4915 2233 4915 2672 4916 2233 4916 2673 4916 2673 4917 2233 4917 2232 4917 2673 4918 2232 4918 2674 4918 2674 4919 2232 4919 2231 4919 2674 4920 2231 4920 2675 4920 2675 4921 2231 4921 2230 4921 2675 4922 2230 4922 2676 4922 2676 4923 2230 4923 2229 4923 2676 4924 2229 4924 2677 4924 2677 4925 2229 4925 2228 4925 2677 4926 2228 4926 2678 4926 2678 4927 2228 4927 2227 4927 2678 4928 2227 4928 2679 4928 2679 4929 2227 4929 2226 4929 2679 4930 2226 4930 2680 4930 2680 4931 2226 4931 2225 4931 2680 4932 2225 4932 2681 4932 2681 4933 2225 4933 2224 4933 2681 4934 2224 4934 2682 4934 2682 4935 2224 4935 2223 4935 2682 4936 2223 4936 2683 4936 2683 4937 2223 4937 2222 4937 2683 4938 2222 4938 2684 4938 2684 4939 2222 4939 2221 4939 2684 4940 2221 4940 2685 4940 2685 4941 2221 4941 2220 4941 2685 4942 2220 4942 2686 4942 2686 4943 2220 4943 2219 4943 2686 4944 2219 4944 2687 4944 2687 4945 2219 4945 2218 4945 2687 4946 2218 4946 2688 4946 2688 4947 2218 4947 2217 4947 2688 4948 2217 4948 2689 4948 2689 4949 2217 4949 2216 4949 2689 4950 2216 4950 2690 4950 2690 4951 2216 4951 2215 4951 2690 4952 2215 4952 2691 4952 2691 4953 2215 4953 2214 4953 2691 4954 2214 4954 2692 4954 2692 4955 2214 4955 2213 4955 2692 4956 2213 4956 2693 4956 2693 4957 2213 4957 2212 4957 2693 4958 2212 4958 2694 4958 2694 4959 2212 4959 2211 4959 2694 4960 2211 4960 2695 4960 2695 4961 2211 4961 2210 4961 2695 4962 2210 4962 2696 4962 2696 4963 2210 4963 2209 4963 2696 4964 2209 4964 2697 4964 2697 4965 2209 4965 2208 4965 2697 4966 2208 4966 2698 4966 2698 4967 2208 4967 2207 4967 2698 4968 2207 4968 2699 4968 2699 4969 2207 4969 2206 4969 2699 4970 2206 4970 2700 4970 2700 4971 2206 4971 2205 4971 2700 4972 2205 4972 2701 4972 2701 4973 2205 4973 2204 4973 2701 4974 2204 4974 2702 4974 2702 4975 2204 4975 2203 4975 2702 4976 2203 4976 2703 4976 2703 4977 2203 4977 2202 4977 2703 4978 2202 4978 2704 4978 2704 4979 2202 4979 2201 4979 2704 4980 2201 4980 2705 4980 2705 4981 2201 4981 2200 4981 2705 4982 2200 4982 2706 4982 2706 4983 2200 4983 2199 4983 2706 4984 2199 4984 2707 4984 2707 4985 2199 4985 2198 4985 2707 4986 2198 4986 2708 4986 2708 4987 2198 4987 2197 4987 2708 4988 2197 4988 2709 4988 2709 4989 2197 4989 2196 4989 2709 4990 2196 4990 2710 4990 2710 4991 2196 4991 2195 4991 2710 4992 2195 4992 2711 4992 2711 4993 2195 4993 2194 4993 2711 4994 2194 4994 2712 4994 2712 4995 2194 4995 2193 4995 2712 4996 2193 4996 2713 4996 2713 4997 2193 4997 2192 4997 2713 4998 2192 4998 2714 4998 2714 4999 2192 4999 2191 4999 2714 5000 2191 5000 2715 5000 2715 5001 2191 5001 2190 5001 2715 5002 2190 5002 2716 5002 2716 5003 2190 5003 2189 5003 2716 5004 2189 5004 2717 5004 2717 5005 2189 5005 2188 5005 2717 5006 2188 5006 2718 5006 2718 5007 2188 5007 2187 5007 2718 5008 2187 5008 2719 5008 2719 5009 2187 5009 2186 5009 2719 5010 2186 5010 2720 5010 2720 5011 2186 5011 2182 5011 2720 5012 2182 5012 2721 5012 2721 5013 2182 5013 2183 5013 2721 5014 2183 5014 2722 5014 2722 5015 2183 5015 2184 5015 2722 5016 2184 5016 2723 5016 2723 5017 2184 5017 2185 5017 2723 5018 2185 5018 2660 5018 2660 5019 2185 5019 2245 5019 2724 5020 215 5020 279 5020 2724 5021 279 5021 2725 5021 2725 5022 279 5022 278 5022 2725 5023 278 5023 2726 5023 2726 5024 278 5024 277 5024 2726 5025 277 5025 2727 5025 2727 5026 277 5026 276 5026 2727 5027 276 5027 2728 5027 2728 5028 276 5028 273 5028 2728 5029 273 5029 2729 5029 2729 5030 273 5030 270 5030 2729 5031 270 5031 2730 5031 2730 5032 270 5032 2731 5032 2731 5033 270 5033 269 5033 269 5034 271 5034 2731 5034 2731 5035 271 5035 2732 5035 2732 5036 271 5036 263 5036 2732 5037 263 5037 2733 5037 2733 5038 263 5038 262 5038 2733 5039 262 5039 2734 5039 2734 5040 262 5040 267 5040 2734 5041 267 5041 2735 5041 2735 5042 267 5042 268 5042 2735 5043 268 5043 2736 5043 2736 5044 268 5044 264 5044 2736 5045 264 5045 2737 5045 2737 5046 264 5046 2724 5046 2724 5047 264 5047 215 5047 2738 5048 2739 5048 2740 5048 2740 5049 2739 5049 2741 5049 2741 5050 2739 5050 2742 5050 2741 5051 2742 5051 2743 5051 2743 5052 2742 5052 2744 5052 2743 5053 2744 5053 2745 5053 2745 5054 2744 5054 2746 5054 2746 5055 2744 5055 2747 5055 2746 5056 2747 5056 2748 5056 2748 5057 2747 5057 2749 5057 2748 5058 2749 5058 2750 5058 2750 5059 2749 5059 2751 5059 2750 5060 2751 5060 2752 5060 2752 5061 2751 5061 2753 5061 2752 5062 2753 5062 2754 5062 2754 5063 2753 5063 2755 5063 2754 5064 2755 5064 2738 5064 2738 5065 2755 5065 2739 5065 2756 5066 2757 5066 2758 5066 2758 5067 2757 5067 2759 5067 2758 5068 2759 5068 2760 5068 2760 5069 2759 5069 2761 5069 2760 5070 2761 5070 2762 5070 2762 5071 2761 5071 2763 5071 2762 5072 2763 5072 2764 5072 2764 5073 2763 5073 2765 5073 2764 5074 2765 5074 2766 5074 2766 5075 2765 5075 2767 5075 2767 5076 2765 5076 2768 5076 2767 5077 2768 5077 2769 5077 2769 5078 2768 5078 2770 5078 2769 5079 2770 5079 2771 5079 2771 5080 2770 5080 2772 5080 2772 5081 2770 5081 2773 5081 2772 5082 2773 5082 2756 5082 2756 5083 2773 5083 2757 5083 2769 5084 2771 5084 2724 5084 2730 5085 2731 5085 2745 5085 2724 5086 2771 5086 2737 5086 2745 5087 2731 5087 2743 5087 2743 5088 2731 5088 2766 5088 2743 5089 2766 5089 2741 5089 2767 5090 2738 5090 2766 5090 2766 5091 2738 5091 2740 5091 2766 5092 2740 5092 2741 5092 2771 5093 2772 5093 2737 5093 2737 5094 2772 5094 2756 5094 2737 5095 2756 5095 2736 5095 2736 5096 2756 5096 2758 5096 2736 5097 2758 5097 2735 5097 2735 5098 2758 5098 2734 5098 2734 5099 2758 5099 2760 5099 2734 5100 2760 5100 2733 5100 2733 5101 2760 5101 2762 5101 2733 5102 2762 5102 2732 5102 2732 5103 2762 5103 2731 5103 2731 5104 2762 5104 2764 5104 2731 5105 2764 5105 2766 5105 2767 5106 2769 5106 2738 5106 2738 5107 2769 5107 2724 5107 2738 5108 2724 5108 2754 5108 2754 5109 2724 5109 2725 5109 2754 5110 2725 5110 2752 5110 2752 5111 2725 5111 2726 5111 2752 5112 2726 5112 2727 5112 2752 5113 2727 5113 2750 5113 2750 5114 2727 5114 2728 5114 2750 5115 2728 5115 2748 5115 2748 5116 2728 5116 2729 5116 2748 5117 2729 5117 2730 5117 2748 5118 2730 5118 2746 5118 2746 5119 2730 5119 2745 5119 2774 5120 238 5120 240 5120 2774 5121 240 5121 2775 5121 2775 5122 240 5122 241 5122 2775 5123 241 5123 2776 5123 2776 5124 241 5124 236 5124 2776 5125 236 5125 2777 5125 2777 5126 236 5126 235 5126 2777 5127 235 5127 2778 5127 2778 5128 235 5128 242 5128 2778 5129 242 5129 2779 5129 2779 5130 242 5130 237 5130 2779 5131 237 5131 2780 5131 2781 5132 2780 5132 237 5132 2781 5133 237 5133 201 5133 2781 5134 201 5134 296 5134 2781 5135 296 5135 2782 5135 2782 5136 296 5136 294 5136 2782 5137 294 5137 2783 5137 2783 5138 294 5138 293 5138 2783 5139 293 5139 2784 5139 2784 5140 293 5140 287 5140 2784 5141 287 5141 2785 5141 2785 5142 287 5142 289 5142 2785 5143 289 5143 2786 5143 2786 5144 289 5144 291 5144 2786 5145 291 5145 2787 5145 2787 5146 291 5146 2774 5146 2774 5147 291 5147 238 5147 2788 5148 2789 5148 2790 5148 2790 5149 2789 5149 2791 5149 2791 5150 2789 5150 2792 5150 2791 5151 2792 5151 2793 5151 2793 5152 2792 5152 2794 5152 2793 5153 2794 5153 2795 5153 2795 5154 2794 5154 2796 5154 2796 5155 2794 5155 2797 5155 2796 5156 2797 5156 2798 5156 2798 5157 2797 5157 2799 5157 2798 5158 2799 5158 2800 5158 2800 5159 2799 5159 2801 5159 2800 5160 2801 5160 2802 5160 2802 5161 2801 5161 2803 5161 2802 5162 2803 5162 2804 5162 2804 5163 2803 5163 2805 5163 2804 5164 2805 5164 2788 5164 2788 5165 2805 5165 2789 5165 2806 5166 2807 5166 2808 5166 2808 5167 2807 5167 2809 5167 2808 5168 2809 5168 2810 5168 2810 5169 2809 5169 2811 5169 2810 5170 2811 5170 2812 5170 2812 5171 2811 5171 2813 5171 2812 5172 2813 5172 2814 5172 2814 5173 2813 5173 2815 5173 2814 5174 2815 5174 2816 5174 2816 5175 2815 5175 2817 5175 2816 5176 2817 5176 2818 5176 2818 5177 2817 5177 2819 5177 2818 5178 2819 5178 2820 5178 2820 5179 2819 5179 2821 5179 2821 5180 2819 5180 2822 5180 2821 5181 2822 5181 2823 5181 2823 5182 2822 5182 2824 5182 2823 5183 2824 5183 2806 5183 2806 5184 2824 5184 2807 5184 2787 5185 2823 5185 2806 5185 2790 5186 2816 5186 2788 5186 2788 5187 2816 5187 2818 5187 2787 5188 2806 5188 2786 5188 2786 5189 2806 5189 2785 5189 2785 5190 2806 5190 2808 5190 2785 5191 2808 5191 2784 5191 2784 5192 2808 5192 2810 5192 2784 5193 2810 5193 2783 5193 2783 5194 2810 5194 2812 5194 2783 5195 2812 5195 2782 5195 2782 5196 2812 5196 2814 5196 2782 5197 2814 5197 2781 5197 2781 5198 2814 5198 2816 5198 2823 5199 2787 5199 2821 5199 2821 5200 2787 5200 2774 5200 2821 5201 2774 5201 2820 5201 2790 5202 2791 5202 2816 5202 2816 5203 2791 5203 2793 5203 2816 5204 2793 5204 2781 5204 2781 5205 2793 5205 2795 5205 2781 5206 2795 5206 2780 5206 2818 5207 2820 5207 2788 5207 2788 5208 2820 5208 2774 5208 2788 5209 2774 5209 2804 5209 2804 5210 2774 5210 2775 5210 2804 5211 2775 5211 2776 5211 2804 5212 2776 5212 2802 5212 2802 5213 2776 5213 2777 5213 2802 5214 2777 5214 2800 5214 2800 5215 2777 5215 2778 5215 2800 5216 2778 5216 2779 5216 2800 5217 2779 5217 2798 5217 2798 5218 2779 5218 2780 5218 2798 5219 2780 5219 2796 5219 2796 5220 2780 5220 2795 5220 2807 5221 2813 5221 2811 5221 2807 5222 2811 5222 2809 5222 2819 5223 2817 5223 2807 5223 2807 5224 2817 5224 2815 5224 2807 5225 2815 5225 2813 5225 2824 5226 2822 5226 2807 5226 2807 5227 2822 5227 2819 5227 2792 5228 2789 5228 2805 5228 2797 5229 2794 5229 2805 5229 2805 5230 2794 5230 2792 5230 2801 5231 2799 5231 2805 5231 2805 5232 2799 5232 2797 5232 2805 5233 2803 5233 2801 5233 2759 5234 2757 5234 2763 5234 2763 5235 2757 5235 2773 5235 2763 5236 2761 5236 2759 5236 2768 5237 2765 5237 2763 5237 2773 5238 2770 5238 2763 5238 2763 5239 2770 5239 2768 5239 2742 5240 2739 5240 2749 5240 2749 5241 2739 5241 2755 5241 2747 5242 2744 5242 2749 5242 2749 5243 2744 5243 2742 5243 2755 5244 2753 5244 2749 5244 2749 5245 2753 5245 2751 5245 799 5246 2825 5246 800 5246 800 5247 2825 5247 2826 5247 800 5248 2826 5248 802 5248 802 5249 2826 5249 2827 5249 802 5250 2827 5250 803 5250 803 5251 2827 5251 2828 5251 803 5252 2828 5252 791 5252 791 5253 2828 5253 2829 5253 791 5254 2829 5254 790 5254 790 5255 2829 5255 2830 5255 790 5256 2830 5256 789 5256 789 5257 2830 5257 2831 5257 789 5258 2831 5258 788 5258 788 5259 2831 5259 2832 5259 788 5260 2832 5260 794 5260 794 5261 2832 5261 2833 5261 794 5262 2833 5262 792 5262 792 5263 2833 5263 2834 5263 792 5264 2834 5264 796 5264 796 5265 2834 5265 2835 5265 796 5266 2835 5266 797 5266 797 5267 2835 5267 2836 5267 797 5268 2836 5268 799 5268 799 5269 2836 5269 2825 5269 2826 5270 2837 5270 2827 5270 2827 5271 2837 5271 2838 5271 2827 5272 2838 5272 2828 5272 2828 5273 2838 5273 2839 5273 2828 5274 2839 5274 2829 5274 2829 5275 2839 5275 2840 5275 2829 5276 2840 5276 2830 5276 2830 5277 2840 5277 2841 5277 2830 5278 2841 5278 2831 5278 2831 5279 2841 5279 2842 5279 2831 5280 2842 5280 2832 5280 2832 5281 2842 5281 2843 5281 2832 5282 2843 5282 2833 5282 2833 5283 2843 5283 2844 5283 2833 5284 2844 5284 2834 5284 2834 5285 2844 5285 2845 5285 2834 5286 2845 5286 2835 5286 2835 5287 2845 5287 2846 5287 2835 5288 2846 5288 2836 5288 2836 5289 2846 5289 2847 5289 2836 5290 2847 5290 2825 5290 2825 5291 2847 5291 2848 5291 2825 5292 2848 5292 2826 5292 2826 5293 2848 5293 2837 5293 2848 5294 1885 5294 2837 5294 2837 5295 1885 5295 1879 5295 2837 5296 1879 5296 2838 5296 2838 5297 1879 5297 1878 5297 2838 5298 1878 5298 2839 5298 2839 5299 1878 5299 1877 5299 2839 5300 1877 5300 2840 5300 2840 5301 1877 5301 1881 5301 2840 5302 1881 5302 2841 5302 2841 5303 1881 5303 1880 5303 2841 5304 1880 5304 2842 5304 2842 5305 1880 5305 1888 5305 2842 5306 1888 5306 2843 5306 2843 5307 1888 5307 1887 5307 2843 5308 1887 5308 2844 5308 2844 5309 1887 5309 1886 5309 2844 5310 1886 5310 2845 5310 2845 5311 1886 5311 1882 5311 2845 5312 1882 5312 2846 5312 2846 5313 1882 5313 1883 5313 2846 5314 1883 5314 2847 5314 2847 5315 1883 5315 1884 5315 2847 5316 1884 5316 2848 5316 2848 5317 1884 5317 1885 5317 776 5318 2849 5318 775 5318 775 5319 2849 5319 2850 5319 775 5320 2850 5320 783 5320 783 5321 2850 5321 2851 5321 783 5322 2851 5322 782 5322 782 5323 2851 5323 2852 5323 782 5324 2852 5324 780 5324 780 5325 2852 5325 2853 5325 780 5326 2853 5326 768 5326 768 5327 2853 5327 2854 5327 768 5328 2854 5328 767 5328 767 5329 2854 5329 2855 5329 767 5330 2855 5330 769 5330 769 5331 2855 5331 2856 5331 769 5332 2856 5332 777 5332 777 5333 2856 5333 2857 5333 777 5334 2857 5334 770 5334 770 5335 2857 5335 2858 5335 770 5336 2858 5336 771 5336 771 5337 2858 5337 2859 5337 771 5338 2859 5338 779 5338 779 5339 2859 5339 2860 5339 779 5340 2860 5340 776 5340 776 5341 2860 5341 2849 5341 2850 5342 2861 5342 2851 5342 2851 5343 2861 5343 2862 5343 2851 5344 2862 5344 2852 5344 2852 5345 2862 5345 2863 5345 2852 5346 2863 5346 2853 5346 2853 5347 2863 5347 2864 5347 2853 5348 2864 5348 2854 5348 2854 5349 2864 5349 2865 5349 2854 5350 2865 5350 2855 5350 2855 5351 2865 5351 2866 5351 2855 5352 2866 5352 2856 5352 2856 5353 2866 5353 2867 5353 2856 5354 2867 5354 2857 5354 2857 5355 2867 5355 2868 5355 2857 5356 2868 5356 2858 5356 2858 5357 2868 5357 2869 5357 2858 5358 2869 5358 2859 5358 2859 5359 2869 5359 2870 5359 2859 5360 2870 5360 2860 5360 2860 5361 2870 5361 2871 5361 2860 5362 2871 5362 2849 5362 2849 5363 2871 5363 2872 5363 2849 5364 2872 5364 2850 5364 2850 5365 2872 5365 2861 5365 2872 5366 1921 5366 2861 5366 2861 5367 1921 5367 1922 5367 2861 5368 1922 5368 2862 5368 2862 5369 1922 5369 1928 5369 2862 5370 1928 5370 2863 5370 2863 5371 1928 5371 1927 5371 2863 5372 1927 5372 2864 5372 2864 5373 1927 5373 1926 5373 2864 5374 1926 5374 2865 5374 2865 5375 1926 5375 1924 5375 2865 5376 1924 5376 2866 5376 2866 5377 1924 5377 1923 5377 2866 5378 1923 5378 2867 5378 2867 5379 1923 5379 1932 5379 2867 5380 1932 5380 2868 5380 2868 5381 1932 5381 1931 5381 2868 5382 1931 5382 2869 5382 2869 5383 1931 5383 1930 5383 2869 5384 1930 5384 2870 5384 2870 5385 1930 5385 1929 5385 2870 5386 1929 5386 2871 5386 2871 5387 1929 5387 1920 5387 2871 5388 1920 5388 2872 5388 2872 5389 1920 5389 1921 5389 765 5390 2873 5390 758 5390 758 5391 2873 5391 2874 5391 758 5392 2874 5392 750 5392 750 5393 2874 5393 2875 5393 750 5394 2875 5394 751 5394 751 5395 2875 5395 2876 5395 751 5396 2876 5396 746 5396 746 5397 2876 5397 2877 5397 746 5398 2877 5398 747 5398 747 5399 2877 5399 2878 5399 747 5400 2878 5400 759 5400 759 5401 2878 5401 2879 5401 759 5402 2879 5402 760 5402 760 5403 2879 5403 2880 5403 760 5404 2880 5404 762 5404 762 5405 2880 5405 2881 5405 762 5406 2881 5406 763 5406 763 5407 2881 5407 2882 5407 763 5408 2882 5408 766 5408 766 5409 2882 5409 2883 5409 766 5410 2883 5410 764 5410 764 5411 2883 5411 2884 5411 764 5412 2884 5412 765 5412 765 5413 2884 5413 2873 5413 2874 5414 2885 5414 2875 5414 2875 5415 2885 5415 2886 5415 2875 5416 2886 5416 2876 5416 2876 5417 2886 5417 2887 5417 2876 5418 2887 5418 2877 5418 2877 5419 2887 5419 2888 5419 2877 5420 2888 5420 2878 5420 2878 5421 2888 5421 2889 5421 2878 5422 2889 5422 2879 5422 2879 5423 2889 5423 2890 5423 2879 5424 2890 5424 2880 5424 2880 5425 2890 5425 2891 5425 2880 5426 2891 5426 2881 5426 2881 5427 2891 5427 2892 5427 2881 5428 2892 5428 2882 5428 2882 5429 2892 5429 2893 5429 2882 5430 2893 5430 2883 5430 2883 5431 2893 5431 2894 5431 2883 5432 2894 5432 2884 5432 2884 5433 2894 5433 2895 5433 2884 5434 2895 5434 2873 5434 2873 5435 2895 5435 2896 5435 2873 5436 2896 5436 2874 5436 2874 5437 2896 5437 2885 5437 2896 5438 1910 5438 2885 5438 2885 5439 1910 5439 1909 5439 2885 5440 1909 5440 2886 5440 2886 5441 1909 5441 1908 5441 2886 5442 1908 5442 2887 5442 2887 5443 1908 5443 1907 5443 2887 5444 1907 5444 2888 5444 2888 5445 1907 5445 1918 5445 2888 5446 1918 5446 2889 5446 2889 5447 1918 5447 1917 5447 2889 5448 1917 5448 2890 5448 2890 5449 1917 5449 1916 5449 2890 5450 1916 5450 2891 5450 2891 5451 1916 5451 1915 5451 2891 5452 1915 5452 2892 5452 2892 5453 1915 5453 1914 5453 2892 5454 1914 5454 2893 5454 2893 5455 1914 5455 1913 5455 2893 5456 1913 5456 2894 5456 2894 5457 1913 5457 1912 5457 2894 5458 1912 5458 2895 5458 2895 5459 1912 5459 1911 5459 2895 5460 1911 5460 2896 5460 2896 5461 1911 5461 1910 5461 733 5462 2897 5462 734 5462 734 5463 2897 5463 2898 5463 734 5464 2898 5464 735 5464 735 5465 2898 5465 2899 5465 735 5466 2899 5466 736 5466 736 5467 2899 5467 2900 5467 736 5468 2900 5468 730 5468 730 5469 2900 5469 2901 5469 730 5470 2901 5470 731 5470 731 5471 2901 5471 2902 5471 731 5472 2902 5472 729 5472 729 5473 2902 5473 2903 5473 729 5474 2903 5474 728 5474 728 5475 2903 5475 2904 5475 728 5476 2904 5476 741 5476 741 5477 2904 5477 2905 5477 741 5478 2905 5478 740 5478 740 5479 2905 5479 2906 5479 740 5480 2906 5480 738 5480 738 5481 2906 5481 2907 5481 738 5482 2907 5482 732 5482 732 5483 2907 5483 2908 5483 732 5484 2908 5484 733 5484 733 5485 2908 5485 2897 5485 2898 5486 2909 5486 2899 5486 2899 5487 2909 5487 2910 5487 2899 5488 2910 5488 2900 5488 2900 5489 2910 5489 2911 5489 2900 5490 2911 5490 2901 5490 2901 5491 2911 5491 2912 5491 2901 5492 2912 5492 2902 5492 2902 5493 2912 5493 2913 5493 2902 5494 2913 5494 2903 5494 2903 5495 2913 5495 2914 5495 2903 5496 2914 5496 2904 5496 2904 5497 2914 5497 2915 5497 2904 5498 2915 5498 2905 5498 2905 5499 2915 5499 2916 5499 2905 5500 2916 5500 2906 5500 2906 5501 2916 5501 2917 5501 2906 5502 2917 5502 2907 5502 2907 5503 2917 5503 2918 5503 2907 5504 2918 5504 2908 5504 2908 5505 2918 5505 2919 5505 2908 5506 2919 5506 2897 5506 2897 5507 2919 5507 2920 5507 2897 5508 2920 5508 2898 5508 2898 5509 2920 5509 2909 5509 2920 5510 1901 5510 2909 5510 2909 5511 1901 5511 1900 5511 2909 5512 1900 5512 2910 5512 2910 5513 1900 5513 1899 5513 2910 5514 1899 5514 2911 5514 2911 5515 1899 5515 1898 5515 2911 5516 1898 5516 2912 5516 2912 5517 1898 5517 1897 5517 2912 5518 1897 5518 2913 5518 2913 5519 1897 5519 1903 5519 2913 5520 1903 5520 2914 5520 2914 5521 1903 5521 1904 5521 2914 5522 1904 5522 2915 5522 2915 5523 1904 5523 1905 5523 2915 5524 1905 5524 2916 5524 2916 5525 1905 5525 1906 5525 2916 5526 1906 5526 2917 5526 2917 5527 1906 5527 1896 5527 2917 5528 1896 5528 2918 5528 2918 5529 1896 5529 1895 5529 2918 5530 1895 5530 2919 5530 2919 5531 1895 5531 1902 5531 2919 5532 1902 5532 2920 5532 2920 5533 1902 5533 1901 5533 1640 5534 1868 5534 1641 5534 1641 5535 1868 5535 1861 5535 1641 5536 1861 5536 1636 5536 1636 5537 1861 5537 1863 5537 1636 5538 1863 5538 1642 5538 1642 5539 1863 5539 1867 5539 1642 5540 1867 5540 1643 5540 1643 5541 1867 5541 1866 5541 1643 5542 1866 5542 1644 5542 1644 5543 1866 5543 1865 5543 1644 5544 1865 5544 1645 5544 1645 5545 1865 5545 1859 5545 1645 5546 1859 5546 1637 5546 1637 5547 1859 5547 1857 5547 1637 5548 1857 5548 1652 5548 1652 5549 1857 5549 1855 5549 1652 5550 1855 5550 1653 5550 1653 5551 1855 5551 1854 5551 1653 5552 1854 5552 1654 5552 1654 5553 1854 5553 1852 5553 1654 5554 1852 5554 1655 5554 1655 5555 1852 5555 1850 5555 1655 5556 1850 5556 1646 5556 1646 5557 1850 5557 1848 5557 1646 5558 1848 5558 1647 5558 1647 5559 1848 5559 1847 5559 1647 5560 1847 5560 1648 5560 1648 5561 1847 5561 1837 5561 1648 5562 1837 5562 1656 5562 1656 5563 1837 5563 1846 5563 1656 5564 1846 5564 1657 5564 1657 5565 1846 5565 1845 5565 1657 5566 1845 5566 1658 5566 1658 5567 1845 5567 1843 5567 1658 5568 1843 5568 1659 5568 1659 5569 1843 5569 1841 5569 1659 5570 1841 5570 1651 5570 1651 5571 1841 5571 1840 5571 1651 5572 1840 5572 1660 5572 1660 5573 1840 5573 1819 5573 1660 5574 1819 5574 1661 5574 1661 5575 1819 5575 1836 5575 1661 5576 1836 5576 1662 5576 1662 5577 1836 5577 1835 5577 1662 5578 1835 5578 1663 5578 1663 5579 1835 5579 1833 5579 1663 5580 1833 5580 1649 5580 1649 5581 1833 5581 1831 5581 1649 5582 1831 5582 1650 5582 1650 5583 1831 5583 1829 5583 1650 5584 1829 5584 1625 5584 1625 5585 1829 5585 1827 5585 1625 5586 1827 5586 1626 5586 1626 5587 1827 5587 1825 5587 1626 5588 1825 5588 1627 5588 1627 5589 1825 5589 1823 5589 1627 5590 1823 5590 1628 5590 1628 5591 1823 5591 1822 5591 1628 5592 1822 5592 1629 5592 1629 5593 1822 5593 1817 5593 1629 5594 1817 5594 1601 5594 1601 5595 1817 5595 1816 5595 1601 5596 1816 5596 1602 5596 1602 5597 1816 5597 1814 5597 1602 5598 1814 5598 1610 5598 1610 5599 1814 5599 1812 5599 1610 5600 1812 5600 1611 5600 1611 5601 1812 5601 1810 5601 1611 5602 1810 5602 1630 5602 1630 5603 1810 5603 1809 5603 1630 5604 1809 5604 1631 5604 1631 5605 1809 5605 1803 5605 1631 5606 1803 5606 1632 5606 1632 5607 1803 5607 1808 5607 1632 5608 1808 5608 1633 5608 1633 5609 1808 5609 1807 5609 1633 5610 1807 5610 1612 5610 1612 5611 1807 5611 1806 5611 1612 5612 1806 5612 1613 5612 1613 5613 1806 5613 1801 5613 1613 5614 1801 5614 1614 5614 1614 5615 1801 5615 1799 5615 1614 5616 1799 5616 1615 5616 1615 5617 1799 5617 1797 5617 1615 5618 1797 5618 1616 5618 1616 5619 1797 5619 1795 5619 1616 5620 1795 5620 1603 5620 1603 5621 1795 5621 1793 5621 1603 5622 1793 5622 1604 5622 1604 5623 1793 5623 1791 5623 1604 5624 1791 5624 1605 5624 1605 5625 1791 5625 1789 5625 1605 5626 1789 5626 1606 5626 1606 5627 1789 5627 1788 5627 1606 5628 1788 5628 1617 5628 1617 5629 1788 5629 1786 5629 1617 5630 1786 5630 1618 5630 1618 5631 1786 5631 1784 5631 1618 5632 1784 5632 1619 5632 1619 5633 1784 5633 1782 5633 1619 5634 1782 5634 1620 5634 1620 5635 1782 5635 1781 5635 1620 5636 1781 5636 1621 5636 1621 5637 1781 5637 1779 5637 1621 5638 1779 5638 1607 5638 1607 5639 1779 5639 1778 5639 1607 5640 1778 5640 1608 5640 1608 5641 1778 5641 1772 5641 1608 5642 1772 5642 1609 5642 1609 5643 1772 5643 1777 5643 1609 5644 1777 5644 1600 5644 1600 5645 1777 5645 1776 5645 1600 5646 1776 5646 1622 5646 1622 5647 1776 5647 1775 5647 1622 5648 1775 5648 1623 5648 1623 5649 1775 5649 1770 5649 1623 5650 1770 5650 1624 5650 1624 5651 1770 5651 1768 5651 1624 5652 1768 5652 1634 5652 1634 5653 1768 5653 1766 5653 1634 5654 1766 5654 1635 5654 1635 5655 1766 5655 1764 5655 1635 5656 1764 5656 1638 5656 1638 5657 1764 5657 1762 5657 1638 5658 1762 5658 1639 5658 1639 5659 1762 5659 1761 5659 1639 5660 1761 5660 1640 5660 1640 5661 1761 5661 1868 5661 624 5662 622 5662 620 5662 628 5663 626 5663 630 5663 630 5664 626 5664 616 5664 630 5665 616 5665 632 5665 632 5666 616 5666 634 5666 620 5667 618 5667 624 5667 624 5668 618 5668 617 5668 624 5669 617 5669 626 5669 626 5670 617 5670 2921 5670 626 5671 2921 5671 616 5671 2922 5672 639 5672 650 5672 650 5673 639 5673 657 5673 650 5674 648 5674 646 5674 640 5675 2922 5675 650 5675 640 5676 650 5676 642 5676 642 5677 650 5677 646 5677 642 5678 646 5678 644 5678 657 5679 655 5679 650 5679 650 5680 655 5680 654 5680 650 5681 654 5681 652 5681 688 5682 686 5682 685 5682 696 5683 694 5683 698 5683 698 5684 694 5684 684 5684 698 5685 684 5685 700 5685 700 5686 684 5686 702 5686 690 5687 688 5687 692 5687 692 5688 688 5688 685 5688 692 5689 685 5689 694 5689 694 5690 685 5690 2923 5690 694 5691 2923 5691 684 5691 466 5692 464 5692 462 5692 469 5693 2924 5693 471 5693 471 5694 2924 5694 457 5694 471 5695 457 5695 473 5695 473 5696 457 5696 475 5696 462 5697 460 5697 466 5697 466 5698 460 5698 458 5698 466 5699 458 5699 2924 5699 581 5700 579 5700 577 5700 584 5701 2925 5701 586 5701 586 5702 2925 5702 573 5702 586 5703 573 5703 588 5703 588 5704 573 5704 590 5704 577 5705 575 5705 581 5705 581 5706 575 5706 574 5706 581 5707 574 5707 2925 5707 550 5708 2926 5708 560 5708 560 5709 2926 5709 549 5709 554 5710 552 5710 556 5710 556 5711 552 5711 550 5711 556 5712 550 5712 558 5712 558 5713 550 5713 560 5713 562 5714 560 5714 564 5714 564 5715 560 5715 549 5715 564 5716 549 5716 566 5716 566 5717 549 5717 568 5717 540 5718 538 5718 536 5718 527 5719 536 5719 2927 5719 2927 5720 536 5720 528 5720 530 5721 529 5721 532 5721 532 5722 529 5722 528 5722 532 5723 528 5723 534 5723 534 5724 528 5724 536 5724 542 5725 540 5725 544 5725 544 5726 540 5726 536 5726 544 5727 536 5727 527 5727 673 5728 2928 5728 661 5728 670 5729 668 5729 666 5729 666 5730 664 5730 670 5730 670 5731 664 5731 662 5731 670 5732 662 5732 2928 5732 679 5733 677 5733 661 5733 661 5734 677 5734 675 5734 661 5735 675 5735 673 5735 2930 5736 2929 5736 2933 5736 2933 5737 2931 5737 2932 5737 2930 5738 2933 5738 2932 5738 2931 5739 3017 5739 2932 5739 2931 5740 711 5740 3017 5740 2933 5741 715 5741 2931 5741 2931 5742 715 5742 711 5742 2933 5743 3018 5743 715 5743 682 5744 684 5744 2923 5744 685 5745 682 5745 2923 5745 3004 5746 2935 5746 2936 5746 2937 5747 2939 5747 2936 5747 2937 5748 2936 5748 2935 5748 2939 5749 2938 5749 2934 5749 2939 5750 2934 5750 2936 5750 2940 5751 2937 5751 2935 5751 2935 5752 2941 5752 2940 5752 3004 5753 499 5753 2935 5753 2935 5754 499 5754 2941 5754 2936 5755 2934 5755 494 5755 2936 5756 494 5756 3004 5756 659 5757 661 5757 2928 5757 662 5758 659 5758 2928 5758 2946 5759 2942 5759 2943 5759 2944 5760 2946 5760 2943 5760 2945 5761 2946 5761 2944 5761 2947 5762 2944 5762 2943 5762 2942 5763 3029 5763 2943 5763 2943 5764 3029 5764 2947 5764 2946 5765 3028 5765 416 5765 2946 5766 416 5766 2942 5766 637 5767 639 5767 2922 5767 640 5768 637 5768 2922 5768 614 5769 616 5769 2921 5769 617 5770 614 5770 2921 5770 2950 5771 2948 5771 2949 5771 2951 5772 2950 5772 2949 5772 2951 5773 2982 5773 2950 5773 2951 5774 2952 5774 2982 5774 2953 5775 2954 5775 2981 5775 2953 5776 2981 5776 426 5776 2953 5777 426 5777 2952 5777 2953 5778 2948 5778 2954 5778 2954 5779 2948 5779 2955 5779 2952 5780 2951 5780 2953 5780 2948 5781 2953 5781 2949 5781 2949 5782 2953 5782 2951 5782 2957 5783 2959 5783 2961 5783 2959 5784 2958 5784 2960 5784 2960 5785 2956 5785 2959 5785 2959 5786 2956 5786 2961 5786 2962 5787 2956 5787 2960 5787 2958 5788 3037 5788 2960 5788 2960 5789 3037 5789 2962 5789 2959 5790 3038 5790 2958 5790 571 5791 573 5791 2925 5791 574 5792 571 5792 2925 5792 547 5793 549 5793 2926 5793 550 5794 547 5794 2926 5794 3000 5795 2963 5795 2964 5795 2964 5796 479 5796 3000 5796 2965 5797 504 5797 2964 5797 2964 5798 504 5798 479 5798 2965 5799 2999 5799 504 5799 2965 5800 2966 5800 2998 5800 2965 5801 2998 5801 2999 5801 2966 5802 2965 5802 2964 5802 2963 5803 2966 5803 2964 5803 2966 5804 2963 5804 3003 5804 525 5805 527 5805 2927 5805 528 5806 525 5806 2927 5806 2968 5807 481 5807 2967 5807 492 5808 481 5808 2968 5808 3007 5809 492 5809 2968 5809 2969 5810 3008 5810 3007 5810 3007 5811 2968 5811 2969 5811 2967 5812 2970 5812 2969 5812 2967 5813 2969 5813 2968 5813 2971 5814 2969 5814 2970 5814 455 5815 457 5815 2924 5815 458 5816 455 5816 2924 5816 2973 5817 2978 5817 2972 5817 2974 5818 2976 5818 3033 5818 2974 5819 3033 5819 2972 5819 2972 5820 3033 5820 2973 5820 2977 5821 2975 5821 2974 5821 2974 5822 2975 5822 2976 5822 2977 5823 2980 5823 3032 5823 2977 5824 3032 5824 2975 5824 2978 5825 2980 5825 2972 5825 2974 5826 2972 5826 2977 5826 2977 5827 2972 5827 2980 5827 2980 5828 2978 5828 2979 5828 2982 5829 2952 5829 426 5829 325 5830 2981 5830 318 5830 330 5831 374 5831 2984 5831 2981 5832 2954 5832 318 5832 318 5833 2954 5833 2955 5833 318 5834 2955 5834 2983 5834 2983 5835 2955 5835 374 5835 374 5836 2955 5836 2948 5836 374 5837 2948 5837 2984 5837 2984 5838 2948 5838 2950 5838 930 5839 408 5839 929 5839 408 5840 2986 5840 1119 5840 2986 5841 2985 5841 1143 5841 602 5842 930 5842 1127 5842 602 5843 1127 5843 1130 5843 602 5844 1130 5844 601 5844 1137 5845 600 5845 601 5845 350 5846 600 5846 2987 5846 350 5847 2987 5847 2988 5847 2990 5848 2988 5848 2989 5848 600 5849 1137 5849 1136 5849 600 5850 1136 5850 2987 5850 2987 5851 1136 5851 1134 5851 2987 5852 1134 5852 1133 5852 2987 5853 1133 5853 1132 5853 2987 5854 1132 5854 2988 5854 2988 5855 1132 5855 1131 5855 2988 5856 1131 5856 1124 5856 2988 5857 1124 5857 1123 5857 2988 5858 1123 5858 2989 5858 2989 5859 1123 5859 1120 5859 2989 5860 1120 5860 1142 5860 2989 5861 1142 5861 1141 5861 2989 5862 1141 5862 2990 5862 2990 5863 1141 5863 1140 5863 2990 5864 1140 5864 1139 5864 2990 5865 1139 5865 2985 5865 2985 5866 1139 5866 1144 5866 2985 5867 1144 5867 1143 5867 926 5868 591 5868 1088 5868 1088 5869 591 5869 2991 5869 1088 5870 2991 5870 1089 5870 2991 5871 338 5871 1112 5871 509 5872 927 5872 925 5872 509 5873 925 5873 1099 5873 509 5874 1099 5874 2992 5874 2992 5875 1099 5875 1082 5875 2992 5876 1082 5876 1106 5876 317 5877 2992 5877 2995 5877 383 5878 2995 5878 2996 5878 383 5879 2996 5879 2997 5879 383 5880 2997 5880 384 5880 384 5881 2997 5881 2993 5881 384 5882 2993 5882 2994 5882 2992 5883 1106 5883 2995 5883 2995 5884 1106 5884 1105 5884 2995 5885 1105 5885 1103 5885 2995 5886 1103 5886 1102 5886 2995 5887 1102 5887 1101 5887 2995 5888 1101 5888 1100 5888 2995 5889 1100 5889 2996 5889 2996 5890 1100 5890 1094 5890 2996 5891 1094 5891 1093 5891 2996 5892 1093 5892 2997 5892 2997 5893 1093 5893 1092 5893 2997 5894 1092 5894 2993 5894 2993 5895 1092 5895 1111 5895 2993 5896 1111 5896 1110 5896 2993 5897 1110 5897 2994 5897 2994 5898 1110 5898 1109 5898 2994 5899 1109 5899 1108 5899 2994 5900 1108 5900 1113 5900 2994 5901 1113 5901 338 5901 338 5902 1113 5902 1112 5902 477 5903 3000 5903 479 5903 2999 5904 2998 5904 502 5904 502 5905 2998 5905 3001 5905 3002 5906 3003 5906 380 5906 380 5907 3000 5907 477 5907 2998 5908 2966 5908 3001 5908 3001 5909 2966 5909 3002 5909 3002 5910 2966 5910 3003 5910 380 5911 3003 5911 2963 5911 380 5912 2963 5912 3000 5912 347 5913 2940 5913 501 5913 501 5914 2940 5914 2941 5914 501 5915 2941 5915 498 5915 498 5916 2941 5916 499 5916 499 5917 3004 5917 494 5917 336 5918 3005 5918 347 5918 347 5919 3005 5919 2940 5919 494 5920 2934 5920 322 5920 322 5921 2934 5921 2938 5921 322 5922 2938 5922 342 5922 342 5923 2938 5923 336 5923 336 5924 2938 5924 2939 5924 336 5925 2939 5925 3005 5925 3005 5926 2939 5926 2937 5926 3005 5927 2937 5927 2940 5927 487 5928 492 5928 3007 5928 487 5929 3007 5929 488 5929 488 5930 3007 5930 3008 5930 488 5931 3008 5931 320 5931 320 5932 3008 5932 3009 5932 3008 5933 2969 5933 3009 5933 3009 5934 2969 5934 2971 5934 3009 5935 2971 5935 3010 5935 3010 5936 2971 5936 2970 5936 3010 5937 2970 5937 378 5937 378 5938 2970 5938 3006 5938 3006 5939 2970 5939 2967 5939 3006 5940 2967 5940 481 5940 911 5941 912 5941 3011 5941 911 5942 3011 5942 1054 5942 1054 5943 3011 5943 1055 5943 1055 5944 3011 5944 362 5944 1055 5945 362 5945 1056 5945 1056 5946 362 5946 1080 5946 721 5947 908 5947 910 5947 910 5948 1064 5948 721 5948 721 5949 1064 5949 1067 5949 721 5950 1067 5950 3012 5950 3012 5951 1067 5951 1048 5951 3012 5952 1048 5952 1074 5952 721 5953 724 5953 908 5953 718 5954 3012 5954 398 5954 398 5955 3012 5955 3013 5955 398 5956 3013 5956 399 5956 392 5957 399 5957 3014 5957 392 5958 3014 5958 3016 5958 3016 5959 3014 5959 3015 5959 362 5960 3016 5960 1080 5960 3012 5961 1074 5961 3013 5961 3013 5962 1074 5962 1073 5962 3013 5963 1073 5963 1071 5963 3013 5964 1071 5964 399 5964 399 5965 1071 5965 1070 5965 399 5966 1070 5966 1069 5966 399 5967 1069 5967 1068 5967 399 5968 1068 5968 3014 5968 3014 5969 1068 5969 1061 5969 3014 5970 1061 5970 1060 5970 3014 5971 1060 5971 3015 5971 3015 5972 1060 5972 1059 5972 3015 5973 1059 5973 1079 5973 3015 5974 1079 5974 1078 5974 3015 5975 1078 5975 3016 5975 3016 5976 1078 5976 1077 5976 3016 5977 1077 5977 1076 5977 3016 5978 1076 5978 1081 5978 3016 5979 1081 5979 1080 5979 387 5980 3017 5980 703 5980 709 5981 715 5981 3018 5981 709 5982 3018 5982 710 5982 710 5983 3018 5983 3019 5983 3019 5984 3018 5984 2929 5984 387 5985 405 5985 3017 5985 3018 5986 2933 5986 2929 5986 2929 5987 2930 5987 3019 5987 3019 5988 2930 5988 3020 5988 3020 5989 2930 5989 405 5989 405 5990 2930 5990 2932 5990 405 5991 2932 5991 3017 5991 1021 5992 935 5992 3022 5992 1021 5993 3022 5993 1022 5993 1022 5994 3022 5994 3021 5994 1022 5995 3021 5995 1023 5995 1023 5996 3021 5996 1046 5996 3023 5997 931 5997 934 5997 3023 5998 934 5998 1033 5998 3023 5999 1033 5999 422 5999 422 6000 1033 6000 1015 6000 422 6001 1015 6001 1040 6001 1040 6002 421 6002 422 6002 397 6003 396 6003 3026 6003 397 6004 3026 6004 3027 6004 397 6005 3027 6005 391 6005 391 6006 3027 6006 3024 6006 391 6007 3024 6007 385 6007 385 6008 3024 6008 3025 6008 385 6009 3025 6009 3021 6009 421 6010 1040 6010 1039 6010 421 6011 1039 6011 396 6011 396 6012 1039 6012 1037 6012 396 6013 1037 6013 1036 6013 396 6014 1036 6014 1035 6014 396 6015 1035 6015 1034 6015 396 6016 1034 6016 3026 6016 3026 6017 1034 6017 1028 6017 3026 6018 1028 6018 1027 6018 3026 6019 1027 6019 3027 6019 3027 6020 1027 6020 1024 6020 3027 6021 1024 6021 3024 6021 3024 6022 1024 6022 1045 6022 3024 6023 1045 6023 1044 6023 3024 6024 1044 6024 3025 6024 3025 6025 1044 6025 1043 6025 3025 6026 1043 6026 1042 6026 3025 6027 1042 6027 1047 6027 3025 6028 1047 6028 3021 6028 3021 6029 1047 6029 1046 6029 3029 6030 2942 6030 416 6030 395 6031 3028 6031 375 6031 375 6032 3028 6032 3030 6032 375 6033 3030 6033 357 6033 357 6034 3030 6034 3031 6034 357 6035 3031 6035 354 6035 354 6036 3031 6036 360 6036 3028 6037 2946 6037 3030 6037 3030 6038 2946 6038 2945 6038 3030 6039 2945 6039 3031 6039 3031 6040 2945 6040 2944 6040 3031 6041 2944 6041 360 6041 360 6042 2944 6042 2947 6042 314 6043 3032 6043 315 6043 3032 6044 2980 6044 315 6044 315 6045 2980 6045 3034 6045 3034 6046 2980 6046 2979 6046 3034 6047 2979 6047 3035 6047 3035 6048 2979 6048 2978 6048 3035 6049 2978 6049 393 6049 393 6050 2978 6050 2973 6050 3037 6051 2958 6051 3038 6051 327 6052 367 6052 3040 6052 3036 6053 3038 6053 3041 6053 3039 6054 3041 6054 2957 6054 3038 6055 2959 6055 3041 6055 3041 6056 2959 6056 2957 6056 3039 6057 2957 6057 2961 6057 3039 6058 2961 6058 367 6058 367 6059 2961 6059 2956 6059 367 6060 2956 6060 3040 6060 3040 6061 2956 6061 2962 6061 3042 6062 1934 6062 3043 6062 3043 6063 1934 6063 1933 6063 3043 6064 1933 6064 3044 6064 3044 6065 1933 6065 1925 6065 3044 6066 1925 6066 3045 6066 3045 6067 1925 6067 1939 6067 3045 6068 1939 6068 3046 6068 3046 6069 1939 6069 1938 6069 3046 6070 1938 6070 3047 6070 3047 6071 1938 6071 1937 6071 3047 6072 1937 6072 3048 6072 3048 6073 1937 6073 1941 6073 3048 6074 1941 6074 3049 6074 3049 6075 1941 6075 1940 6075 3049 6076 1940 6076 3050 6076 3050 6077 1940 6077 1942 6077 3050 6078 1942 6078 3051 6078 3051 6079 1942 6079 1943 6079 3051 6080 1943 6080 3052 6080 3052 6081 1943 6081 1944 6081 3052 6082 1944 6082 3053 6082 3053 6083 1944 6083 1945 6083 3053 6084 1945 6084 3054 6084 3054 6085 1945 6085 1949 6085 3054 6086 1949 6086 3055 6086 3055 6087 1949 6087 1948 6087 3055 6088 1948 6088 3056 6088 3056 6089 1948 6089 1947 6089 3056 6090 1947 6090 3057 6090 3057 6091 1947 6091 1946 6091 3057 6092 1946 6092 3058 6092 3058 6093 1946 6093 1894 6093 3058 6094 1894 6094 3059 6094 3059 6095 1894 6095 1893 6095 3059 6096 1893 6096 3060 6096 3060 6097 1893 6097 1892 6097 3060 6098 1892 6098 3061 6098 3061 6099 1892 6099 1891 6099 3061 6100 1891 6100 3062 6100 3062 6101 1891 6101 1871 6101 3062 6102 1871 6102 3063 6102 3063 6103 1871 6103 1870 6103 3063 6104 1870 6104 3064 6104 3064 6105 1870 6105 1951 6105 3064 6106 1951 6106 3065 6106 3065 6107 1951 6107 1952 6107 3065 6108 1952 6108 3066 6108 3066 6109 1952 6109 1953 6109 3066 6110 1953 6110 3067 6110 3067 6111 1953 6111 1950 6111 3067 6112 1950 6112 3068 6112 3068 6113 1950 6113 1936 6113 3068 6114 1936 6114 3069 6114 3069 6115 1936 6115 1935 6115 3069 6116 1935 6116 3042 6116 3042 6117 1935 6117 1934 6117 3053 6118 3054 6118 3070 6118 3070 6119 3054 6119 3055 6119 3070 6120 3055 6120 3071 6120 3071 6121 3055 6121 3056 6121 3071 6122 3056 6122 3072 6122 3072 6123 3056 6123 3057 6123 3072 6124 3057 6124 3073 6124 3073 6125 3057 6125 3058 6125 3073 6126 3058 6126 3074 6126 3074 6127 3058 6127 3059 6127 3074 6128 3059 6128 3075 6128 3075 6129 3059 6129 3060 6129 3075 6130 3060 6130 3076 6130 3076 6131 3060 6131 3061 6131 3076 6132 3061 6132 3077 6132 3077 6133 3061 6133 3062 6133 3077 6134 3062 6134 3078 6134 3078 6135 3062 6135 3063 6135 3078 6136 3063 6136 3079 6136 3079 6137 3063 6137 3064 6137 3079 6138 3064 6138 3080 6138 3080 6139 3064 6139 3065 6139 3080 6140 3065 6140 3081 6140 3081 6141 3065 6141 3066 6141 3081 6142 3066 6142 3082 6142 3082 6143 3066 6143 3067 6143 3082 6144 3067 6144 3083 6144 3083 6145 3067 6145 3068 6145 3083 6146 3068 6146 3084 6146 3084 6147 3068 6147 3069 6147 3084 6148 3069 6148 3085 6148 3085 6149 3069 6149 3042 6149 3085 6150 3042 6150 3086 6150 3086 6151 3042 6151 3043 6151 3086 6152 3043 6152 3087 6152 3087 6153 3043 6153 3044 6153 3087 6154 3044 6154 3088 6154 3088 6155 3044 6155 3045 6155 3088 6156 3045 6156 3089 6156 3089 6157 3045 6157 3046 6157 3089 6158 3046 6158 3090 6158 3090 6159 3046 6159 3047 6159 3090 6160 3047 6160 3091 6160 3091 6161 3047 6161 3048 6161 3091 6162 3048 6162 3092 6162 3092 6163 3048 6163 3049 6163 3092 6164 3049 6164 3093 6164 3093 6165 3049 6165 3050 6165 3093 6166 3050 6166 3094 6166 3094 6167 3050 6167 3051 6167 3094 6168 3051 6168 3095 6168 3095 6169 3051 6169 3052 6169 3095 6170 3052 6170 3096 6170 3096 6171 3052 6171 3053 6171 3096 6172 3053 6172 3070 6172 3097 6173 3086 6173 3098 6173 3098 6174 3086 6174 3087 6174 3098 6175 3087 6175 3099 6175 3099 6176 3087 6176 3088 6176 3099 6177 3088 6177 3100 6177 3100 6178 3088 6178 3089 6178 3100 6179 3089 6179 3101 6179 3101 6180 3089 6180 3090 6180 3101 6181 3090 6181 3102 6181 3102 6182 3090 6182 3091 6182 3102 6183 3091 6183 3103 6183 3103 6184 3091 6184 3092 6184 3103 6185 3092 6185 3104 6185 3104 6186 3092 6186 3093 6186 3104 6187 3093 6187 3105 6187 3105 6188 3093 6188 3094 6188 3105 6189 3094 6189 3106 6189 3106 6190 3094 6190 3095 6190 3106 6191 3095 6191 3107 6191 3107 6192 3095 6192 3096 6192 3107 6193 3096 6193 3108 6193 3108 6194 3096 6194 3070 6194 3108 6195 3070 6195 3109 6195 3109 6196 3070 6196 3071 6196 3109 6197 3071 6197 3110 6197 3110 6198 3071 6198 3072 6198 3110 6199 3072 6199 3111 6199 3111 6200 3072 6200 3073 6200 3111 6201 3073 6201 3112 6201 3112 6202 3073 6202 3074 6202 3112 6203 3074 6203 3113 6203 3113 6204 3074 6204 3075 6204 3113 6205 3075 6205 3114 6205 3114 6206 3075 6206 3076 6206 3114 6207 3076 6207 3115 6207 3115 6208 3076 6208 3077 6208 3115 6209 3077 6209 3116 6209 3116 6210 3077 6210 3078 6210 3116 6211 3078 6211 3117 6211 3117 6212 3078 6212 3079 6212 3117 6213 3079 6213 3123 6213 3123 6214 3079 6214 3080 6214 3123 6215 3080 6215 3118 6215 3118 6216 3080 6216 3081 6216 3118 6217 3081 6217 3119 6217 3119 6218 3081 6218 3082 6218 3119 6219 3082 6219 3120 6219 3120 6220 3082 6220 3083 6220 3120 6221 3083 6221 3121 6221 3121 6222 3083 6222 3084 6222 3121 6223 3084 6223 3122 6223 3122 6224 3084 6224 3085 6224 3122 6225 3085 6225 3097 6225 3097 6226 3085 6226 3086 6226 3121 6227 3122 6227 3123 6227 3123 6228 3122 6228 3097 6228 3123 6229 3097 6229 3098 6229 3118 6230 3119 6230 3123 6230 3123 6231 3119 6231 3120 6231 3123 6232 3120 6232 3121 6232 3116 6233 3117 6233 3123 6233 3113 6234 3114 6234 3123 6234 3123 6235 3114 6235 3115 6235 3123 6236 3115 6236 3116 6236 3110 6237 3111 6237 3123 6237 3123 6238 3111 6238 3112 6238 3123 6239 3112 6239 3113 6239 3107 6240 3108 6240 3123 6240 3123 6241 3108 6241 3109 6241 3123 6242 3109 6242 3110 6242 3104 6243 3105 6243 3123 6243 3123 6244 3105 6244 3106 6244 3123 6245 3106 6245 3107 6245 3101 6246 3102 6246 3123 6246 3123 6247 3102 6247 3103 6247 3123 6248 3103 6248 3104 6248 3098 6249 3099 6249 3123 6249 3123 6250 3099 6250 3100 6250 3123 6251 3100 6251 3101 6251 258 6252 3125 6252 246 6252 3130 6253 232 6253 3127 6253 3129 6254 232 6254 3130 6254 232 6255 3129 6255 233 6255 233 6256 3129 6256 3130 6256 227 6257 3133 6257 228 6257 228 6258 3133 6258 227 6258 225 6259 202 6259 224 6259 224 6260 3134 6260 227 6260 221 6261 222 6261 223 6261 222 6262 221 6262 220 6262 221 6263 223 6263 220 6263 222 6264 3135 6264 300 6264 3135 6265 302 6265 299 6265 302 6266 3135 6266 222 6266 300 6267 303 6267 301 6267 301 6268 303 6268 299 6268 312 6269 3136 6269 313 6269 217 6270 219 6270 216 6270 219 6271 218 6271 216 6271 3137 6272 3141 6272 305 6272 209 6273 3137 6273 304 6273 304 6274 3137 6274 305 6274 305 6275 3138 6275 304 6275 304 6276 3138 6276 200 6276 200 6277 3138 6277 305 6277 205 6278 3139 6278 306 6278 214 6279 213 6279 211 6279 214 6280 307 6280 213 6280 214 6281 3140 6281 212 6281 307 6282 212 6282 311 6282 311 6283 212 6283 3140 6283 311 6284 3140 6284 211 6284 3140 6285 214 6285 211 6285 3141 6286 3143 6286 203 6286 203 6287 3143 6287 210 6287 209 6288 210 6288 3142 6288 3142 6289 210 6289 3143 6289 3141 6290 209 6290 3142 6290 3143 6291 3141 6291 3142 6291 206 6292 204 6292 207 6292 204 6293 208 6293 207 6293 3144 6294 3145 6294 295 6294 3149 6295 3152 6295 3344 6295 3344 6296 3152 6296 3153 6296 3153 6297 3152 6297 3332 6297 3153 6298 3332 6298 3342 6298 3342 6299 3332 6299 3330 6299 3342 6300 3330 6300 3338 6300 3338 6301 3330 6301 3329 6301 3338 6302 3329 6302 3337 6302 3337 6303 3329 6303 3151 6303 3337 6304 3151 6304 3335 6304 3161 6305 3160 6305 3294 6305 3161 6306 3294 6306 3162 6306 3162 6307 3294 6307 3292 6307 3162 6308 3292 6308 3163 6308 3172 6309 3171 6309 3313 6309 3172 6310 3313 6310 3173 6310 3173 6311 3313 6311 3311 6311 3173 6312 3311 6312 3174 6312 3357 6313 3185 6313 3347 6313 154 6314 153 6314 3186 6314 154 6315 3186 6315 3187 6315 3187 6316 3186 6316 3188 6316 3187 6317 3188 6317 3189 6317 3189 6318 3188 6318 3190 6318 3189 6319 3190 6319 3191 6319 3191 6320 3190 6320 197 6320 3191 6321 197 6321 198 6321 151 6322 150 6322 3192 6322 3192 6323 150 6323 3193 6323 3192 6324 3193 6324 3194 6324 3194 6325 3193 6325 3195 6325 3194 6326 3195 6326 3196 6326 3196 6327 3195 6327 3197 6327 3196 6328 3197 6328 187 6328 187 6329 3197 6329 186 6329 198 6330 151 6330 3191 6330 3191 6331 151 6331 3192 6331 3191 6332 3192 6332 3189 6332 3189 6333 3192 6333 3194 6333 3189 6334 3194 6334 3187 6334 3187 6335 3194 6335 3196 6335 3187 6336 3196 6336 154 6336 154 6337 3196 6337 187 6337 153 6338 186 6338 3186 6338 3186 6339 186 6339 3197 6339 3186 6340 3197 6340 3188 6340 3188 6341 3197 6341 3195 6341 3188 6342 3195 6342 3190 6342 3190 6343 3195 6343 3193 6343 3190 6344 3193 6344 197 6344 197 6345 3193 6345 150 6345 126 6346 128 6346 3198 6346 126 6347 3198 6347 3199 6347 3199 6348 3198 6348 3200 6348 3199 6349 3200 6349 3201 6349 3201 6350 3200 6350 3202 6350 3201 6351 3202 6351 3203 6351 3203 6352 3202 6352 143 6352 3203 6353 143 6353 136 6353 138 6354 140 6354 3204 6354 3204 6355 140 6355 3205 6355 3204 6356 3205 6356 3206 6356 3206 6357 3205 6357 3207 6357 3206 6358 3207 6358 3208 6358 3208 6359 3207 6359 3209 6359 3208 6360 3209 6360 124 6360 124 6361 3209 6361 131 6361 136 6362 138 6362 3203 6362 3203 6363 138 6363 3204 6363 3203 6364 3204 6364 3201 6364 3201 6365 3204 6365 3206 6365 3201 6366 3206 6366 3199 6366 3199 6367 3206 6367 3208 6367 3199 6368 3208 6368 126 6368 126 6369 3208 6369 124 6369 128 6370 131 6370 3198 6370 3198 6371 131 6371 3209 6371 3198 6372 3209 6372 3200 6372 3200 6373 3209 6373 3207 6373 3200 6374 3207 6374 3202 6374 3202 6375 3207 6375 3205 6375 3202 6376 3205 6376 143 6376 143 6377 3205 6377 140 6377 54 6378 53 6378 3210 6378 54 6379 3210 6379 3211 6379 3211 6380 3210 6380 3212 6380 3211 6381 3212 6381 3213 6381 3213 6382 3212 6382 3214 6382 3213 6383 3214 6383 3215 6383 3215 6384 3214 6384 97 6384 3215 6385 97 6385 98 6385 51 6386 50 6386 3216 6386 3216 6387 50 6387 3217 6387 3216 6388 3217 6388 3218 6388 3218 6389 3217 6389 3219 6389 3218 6390 3219 6390 3220 6390 3220 6391 3219 6391 3221 6391 3220 6392 3221 6392 87 6392 87 6393 3221 6393 86 6393 98 6394 51 6394 3215 6394 3215 6395 51 6395 3216 6395 3215 6396 3216 6396 3213 6396 3213 6397 3216 6397 3218 6397 3213 6398 3218 6398 3211 6398 3211 6399 3218 6399 3220 6399 3211 6400 3220 6400 54 6400 54 6401 3220 6401 87 6401 53 6402 86 6402 3210 6402 3210 6403 86 6403 3221 6403 3210 6404 3221 6404 3212 6404 3212 6405 3221 6405 3219 6405 3212 6406 3219 6406 3214 6406 3214 6407 3219 6407 3217 6407 3214 6408 3217 6408 97 6408 97 6409 3217 6409 50 6409 26 6410 28 6410 3222 6410 26 6411 3222 6411 3223 6411 3223 6412 3222 6412 3224 6412 3223 6413 3224 6413 3225 6413 3225 6414 3224 6414 3226 6414 3225 6415 3226 6415 3227 6415 3227 6416 3226 6416 43 6416 3227 6417 43 6417 36 6417 38 6418 40 6418 3228 6418 3228 6419 40 6419 3229 6419 3228 6420 3229 6420 3230 6420 3230 6421 3229 6421 3231 6421 3230 6422 3231 6422 3232 6422 3232 6423 3231 6423 3233 6423 3232 6424 3233 6424 24 6424 24 6425 3233 6425 31 6425 36 6426 38 6426 3227 6426 3227 6427 38 6427 3228 6427 3227 6428 3228 6428 3225 6428 3225 6429 3228 6429 3230 6429 3225 6430 3230 6430 3223 6430 3223 6431 3230 6431 3232 6431 3223 6432 3232 6432 26 6432 26 6433 3232 6433 24 6433 28 6434 31 6434 3222 6434 3222 6435 31 6435 3233 6435 3222 6436 3233 6436 3224 6436 3224 6437 3233 6437 3231 6437 3224 6438 3231 6438 3226 6438 3226 6439 3231 6439 3229 6439 3226 6440 3229 6440 43 6440 43 6441 3229 6441 40 6441 3234 6442 3236 6442 3343 6442 3235 6443 1702 6443 3236 6443 1692 6444 1694 6444 3335 6444 1696 6445 3335 6445 1694 6445 3237 6446 3339 6446 3335 6446 3343 6447 3341 6447 3234 6447 3234 6448 3341 6448 3146 6448 3146 6449 3339 6449 3237 6449 3146 6450 3237 6450 3234 6450 3234 6451 3237 6451 3238 6451 3234 6452 3238 6452 3235 6452 3234 6453 3235 6453 3236 6453 3237 6454 3335 6454 1696 6454 3237 6455 1696 6455 3238 6455 3238 6456 1696 6456 1698 6456 3238 6457 1698 6457 3235 6457 3235 6458 1698 6458 1700 6458 3235 6459 1700 6459 1702 6459 3327 6460 1692 6460 3328 6460 3335 6461 3151 6461 3328 6461 3335 6462 3328 6462 1692 6462 3239 6463 3240 6463 3241 6463 3147 6464 3148 6464 3242 6464 3243 6465 3245 6465 3244 6465 3328 6466 3246 6466 3240 6466 3240 6467 3246 6467 3241 6467 3328 6468 1704 6468 3327 6468 1704 6469 3328 6469 1705 6469 1705 6470 3328 6470 3240 6470 1705 6471 3240 6471 1706 6471 1706 6472 3240 6472 3239 6472 1706 6473 3239 6473 1703 6473 3242 6474 3148 6474 3245 6474 3242 6475 3245 6475 3243 6475 3246 6476 3147 6476 3241 6476 3241 6477 3147 6477 3242 6477 3241 6478 3242 6478 3239 6478 3239 6479 3242 6479 3243 6479 3239 6480 3243 6480 1703 6480 1703 6481 3243 6481 3244 6481 3307 6482 3247 6482 3248 6482 3248 6483 3247 6483 3154 6483 3248 6484 3154 6484 3249 6484 3251 6485 3252 6485 3299 6485 3154 6486 3155 6486 3249 6486 3249 6487 3155 6487 3252 6487 3252 6488 3155 6488 3301 6488 3252 6489 3251 6489 3249 6489 3249 6490 3251 6490 3253 6490 3249 6491 3253 6491 3248 6491 3248 6492 3253 6492 3250 6492 3248 6493 3250 6493 3307 6493 3251 6494 3299 6494 1729 6494 3251 6495 1729 6495 3253 6495 3253 6496 1729 6496 1727 6496 3253 6497 1727 6497 3250 6497 3250 6498 1727 6498 1725 6498 3250 6499 1725 6499 3307 6499 3307 6500 1725 6500 1723 6500 3158 6501 3254 6501 3299 6501 3299 6502 3254 6502 3290 6502 3256 6503 3257 6503 3261 6503 3259 6504 3260 6504 3255 6504 3291 6505 3261 6505 3257 6505 3254 6506 1717 6506 3290 6506 1717 6507 3254 6507 3291 6507 1717 6508 3291 6508 1718 6508 1718 6509 3291 6509 3257 6509 1718 6510 3257 6510 1715 6510 1715 6511 3257 6511 3256 6511 1715 6512 3256 6512 1716 6512 3156 6513 3297 6513 3258 6513 3258 6514 3297 6514 3260 6514 3258 6515 3260 6515 3259 6515 3261 6516 3156 6516 3258 6516 3261 6517 3258 6517 3256 6517 3256 6518 3258 6518 3259 6518 3256 6519 3259 6519 1716 6519 1716 6520 3259 6520 3255 6520 3326 6521 3262 6521 3263 6521 3262 6522 3264 6522 3263 6522 3263 6523 3264 6523 3164 6523 3263 6524 3164 6524 3265 6524 1739 6525 1741 6525 3318 6525 1743 6526 3318 6526 1741 6526 3267 6527 3268 6527 3318 6527 3164 6528 3165 6528 3265 6528 3265 6529 3165 6529 3268 6529 3268 6530 3165 6530 3320 6530 3268 6531 3267 6531 3265 6531 3265 6532 3267 6532 3269 6532 3265 6533 3269 6533 3263 6533 3263 6534 3269 6534 3266 6534 3263 6535 3266 6535 3326 6535 3267 6536 3318 6536 1743 6536 3267 6537 1743 6537 3269 6537 3269 6538 1743 6538 1745 6538 3269 6539 1745 6539 3266 6539 3266 6540 1745 6540 1747 6540 3266 6541 1747 6541 3326 6541 3326 6542 1747 6542 3270 6542 3318 6543 3168 6543 3309 6543 3318 6544 3309 6544 1739 6544 1739 6545 3309 6545 3308 6545 3275 6546 3270 6546 1750 6546 3271 6547 3272 6547 3277 6547 1750 6548 1752 6548 3275 6548 3274 6549 3276 6549 3275 6549 3310 6550 3277 6550 3272 6550 3309 6551 1753 6551 3308 6551 1753 6552 3309 6552 3310 6552 1753 6553 3310 6553 1754 6553 1754 6554 3310 6554 3272 6554 1754 6555 3272 6555 1755 6555 1755 6556 3272 6556 3271 6556 1755 6557 3271 6557 1751 6557 3166 6558 3316 6558 3273 6558 3273 6559 3316 6559 3276 6559 3273 6560 3276 6560 3274 6560 3277 6561 3166 6561 3273 6561 3277 6562 3273 6562 3271 6562 3271 6563 3273 6563 3274 6563 3271 6564 3274 6564 1751 6564 1751 6565 3274 6565 3275 6565 1751 6566 3275 6566 1752 6566 3353 6567 3354 6567 3278 6567 3279 6568 3177 6568 3282 6568 3282 6569 3177 6569 3178 6569 3345 6570 3348 6570 3279 6570 1224 6571 3345 6571 1671 6571 1671 6572 3345 6572 3280 6572 1671 6573 3280 6573 1670 6573 1670 6574 3280 6574 3281 6574 1670 6575 3281 6575 1668 6575 1668 6576 3281 6576 3278 6576 1668 6577 3278 6577 3355 6577 3355 6578 3278 6578 3354 6578 3280 6579 3345 6579 3279 6579 3280 6580 3279 6580 3281 6580 3281 6581 3279 6581 3282 6581 3281 6582 3282 6582 3278 6582 3278 6583 3282 6583 3178 6583 3278 6584 3178 6584 3353 6584 3363 6585 3360 6585 3283 6585 3283 6586 3175 6586 3284 6586 3286 6587 3288 6587 3287 6587 3284 6588 3175 6588 3176 6588 3284 6589 3176 6589 3288 6589 3288 6590 3286 6590 3284 6590 3284 6591 3286 6591 3289 6591 3284 6592 3289 6592 3283 6592 3283 6593 3289 6593 3285 6593 3283 6594 3285 6594 3363 6594 3286 6595 3287 6595 1682 6595 3286 6596 1682 6596 3289 6596 3289 6597 1682 6597 1680 6597 3289 6598 1680 6598 3285 6598 3285 6599 1680 6599 1678 6599 3285 6600 1678 6600 3363 6600 3363 6601 1678 6601 1676 6601 3354 6602 3179 6602 3180 6602 3355 6603 3354 6603 1669 6603 1669 6604 3354 6604 3180 6604 3254 6605 3158 6605 3291 6605 3261 6606 3291 6606 3293 6606 3156 6607 3261 6607 3293 6607 3292 6608 3293 6608 3163 6608 3163 6609 3293 6609 3291 6609 3163 6610 3291 6610 3158 6610 3292 6611 3294 6611 3293 6611 3293 6612 3294 6612 3295 6612 3293 6613 3295 6613 3156 6613 3294 6614 3160 6614 3296 6614 3294 6615 3296 6615 3295 6615 3295 6616 3296 6616 3297 6616 3295 6617 3297 6617 3156 6617 3160 6618 3159 6618 3296 6618 3296 6619 3159 6619 3298 6619 3296 6620 3298 6620 3297 6620 3298 6621 3159 6621 3157 6621 3260 6622 3297 6622 3298 6622 3298 6623 3157 6623 3255 6623 3260 6624 3298 6624 3255 6624 3162 6625 3163 6625 3300 6625 3300 6626 3163 6626 3302 6626 3300 6627 3302 6627 3301 6627 3301 6628 3302 6628 3252 6628 3302 6629 3163 6629 3158 6629 3302 6630 3158 6630 3299 6630 3252 6631 3302 6631 3299 6631 3301 6632 3155 6632 3303 6632 3301 6633 3303 6633 3300 6633 3300 6634 3303 6634 3304 6634 3300 6635 3304 6635 3162 6635 3162 6636 3304 6636 3161 6636 3155 6637 3154 6637 3303 6637 3303 6638 3154 6638 3304 6638 3304 6639 3154 6639 3305 6639 3304 6640 3305 6640 3161 6640 3161 6641 3305 6641 3160 6641 3159 6642 3160 6642 3305 6642 3307 6643 3306 6643 3247 6643 3154 6644 3247 6644 3305 6644 3305 6645 3247 6645 3306 6645 3305 6646 3306 6646 3159 6646 3159 6647 3306 6647 3157 6647 3306 6648 3307 6648 3255 6648 3306 6649 3255 6649 3157 6649 3309 6650 3168 6650 3310 6650 3277 6651 3310 6651 3312 6651 3166 6652 3277 6652 3312 6652 3311 6653 3312 6653 3174 6653 3174 6654 3312 6654 3310 6654 3174 6655 3310 6655 3168 6655 3311 6656 3313 6656 3312 6656 3312 6657 3313 6657 3314 6657 3312 6658 3314 6658 3166 6658 3313 6659 3171 6659 3315 6659 3313 6660 3315 6660 3314 6660 3314 6661 3315 6661 3316 6661 3314 6662 3316 6662 3166 6662 3171 6663 3170 6663 3315 6663 3315 6664 3170 6664 3317 6664 3315 6665 3317 6665 3316 6665 3317 6666 3170 6666 3169 6666 3169 6667 3167 6667 3317 6667 3276 6668 3316 6668 3317 6668 3317 6669 3167 6669 3270 6669 3276 6670 3317 6670 3275 6670 3270 6671 3275 6671 3317 6671 3173 6672 3174 6672 3319 6672 3319 6673 3174 6673 3321 6673 3319 6674 3321 6674 3320 6674 3320 6675 3321 6675 3268 6675 3321 6676 3174 6676 3168 6676 3321 6677 3168 6677 3318 6677 3268 6678 3321 6678 3318 6678 3320 6679 3165 6679 3322 6679 3320 6680 3322 6680 3319 6680 3319 6681 3322 6681 3323 6681 3319 6682 3323 6682 3173 6682 3173 6683 3323 6683 3172 6683 3165 6684 3164 6684 3322 6684 3322 6685 3164 6685 3264 6685 3322 6686 3264 6686 3323 6686 3323 6687 3264 6687 3324 6687 3323 6688 3324 6688 3172 6688 3172 6689 3324 6689 3171 6689 3170 6690 3171 6690 3324 6690 3326 6691 3325 6691 3262 6691 3264 6692 3262 6692 3324 6692 3324 6693 3262 6693 3325 6693 3324 6694 3325 6694 3170 6694 3170 6695 3325 6695 3169 6695 3169 6696 3325 6696 3167 6696 3325 6697 3326 6697 3270 6697 3325 6698 3270 6698 3167 6698 3147 6699 3246 6699 3329 6699 3329 6700 3246 6700 3151 6700 3151 6701 3246 6701 3328 6701 3329 6702 3330 6702 3147 6702 3147 6703 3330 6703 3331 6703 3147 6704 3331 6704 3148 6704 3330 6705 3332 6705 3331 6705 3331 6706 3332 6706 3333 6706 3331 6707 3333 6707 3148 6707 3332 6708 3152 6708 3334 6708 3332 6709 3334 6709 3333 6709 3334 6710 3152 6710 3149 6710 3149 6711 3150 6711 3334 6711 3148 6712 3333 6712 3245 6712 3245 6713 3333 6713 3334 6713 3245 6714 3334 6714 3244 6714 3150 6715 3244 6715 3334 6715 3336 6716 3338 6716 3337 6716 3336 6717 3339 6717 3146 6717 3336 6718 3337 6718 3339 6718 3339 6719 3337 6719 3335 6719 3340 6720 3336 6720 3341 6720 3341 6721 3336 6721 3146 6721 3342 6722 3338 6722 3340 6722 3340 6723 3338 6723 3336 6723 3153 6724 3342 6724 3340 6724 3153 6725 3340 6725 3343 6725 3343 6726 3340 6726 3341 6726 3149 6727 3344 6727 3236 6727 3149 6728 3236 6728 3150 6728 3344 6729 3153 6729 3343 6729 3236 6730 3344 6730 3343 6730 3236 6731 1702 6731 3150 6731 3345 6732 3287 6732 3347 6732 3185 6733 3184 6733 3346 6733 3345 6734 3347 6734 3348 6734 3348 6735 3349 6735 3279 6735 3177 6736 3279 6736 3349 6736 3346 6737 3349 6737 3348 6737 3346 6738 3348 6738 3185 6738 3185 6739 3348 6739 3347 6739 3184 6740 3183 6740 3346 6740 3346 6741 3183 6741 3350 6741 3346 6742 3350 6742 3349 6742 3349 6743 3350 6743 3352 6743 3349 6744 3352 6744 3177 6744 3183 6745 3182 6745 3350 6745 3350 6746 3182 6746 3351 6746 3350 6747 3351 6747 3352 6747 3177 6748 3352 6748 3178 6748 3182 6749 3181 6749 3351 6749 3351 6750 3181 6750 3353 6750 3351 6751 3353 6751 3352 6751 3178 6752 3352 6752 3353 6752 3353 6753 3181 6753 3179 6753 3353 6754 3179 6754 3354 6754 3184 6755 3185 6755 3356 6755 3356 6756 3185 6756 3357 6756 3356 6757 3357 6757 3176 6757 3357 6758 3347 6758 3287 6758 3176 6759 3357 6759 3287 6759 3288 6760 3176 6760 3287 6760 3176 6761 3175 6761 3358 6761 3176 6762 3358 6762 3356 6762 3356 6763 3358 6763 3359 6763 3356 6764 3359 6764 3184 6764 3184 6765 3359 6765 3183 6765 3358 6766 3175 6766 3360 6766 3358 6767 3360 6767 3359 6767 3359 6768 3360 6768 3361 6768 3359 6769 3361 6769 3183 6769 3183 6770 3361 6770 3182 6770 3181 6771 3182 6771 3361 6771 3180 6772 3362 6772 3360 6772 3363 6773 3180 6773 3360 6773 3175 6774 3283 6774 3360 6774 3361 6775 3360 6775 3362 6775 3361 6776 3362 6776 3181 6776 3181 6777 3362 6777 3179 6777 3179 6778 3362 6778 3180 6778 3363 6779 1669 6779 3180 6779 3368 6780 3365 6780 3364 6780 3368 6781 3364 6781 3367 6781 3368 6782 3366 6782 3365 6782 3368 6783 3367 6783 3366 6783 3367 6784 3369 6784 3370 6784 3367 6785 3370 6785 3366 6785 3366 6786 3370 6786 3371 6786 3366 6787 3371 6787 3365 6787 3365 6788 3371 6788 3372 6788 3365 6789 3372 6789 3364 6789 3364 6790 3372 6790 3369 6790 3364 6791 3369 6791 3367 6791 3373 6792 3372 6792 3371 6792 3373 6793 3369 6793 3372 6793 3373 6794 3371 6794 3370 6794 3373 6795 3370 6795 3369 6795 3377 6796 3374 6796 3375 6796 3375 6797 3374 6797 3376 6797 3374 6798 3378 6798 3376 6798 3403 6799 3375 6799 3376 6799 3377 6800 3375 6800 3403 6800 3378 6801 3374 6801 3377 6801 3378 6802 3488 6802 3376 6802 3406 6803 3403 6803 3376 6803 3406 6804 3376 6804 3488 6804 3402 6805 3378 6805 3377 6805 3384 6806 3379 6806 3380 6806 3382 6807 3381 6807 3384 6807 3384 6808 3381 6808 3379 6808 3387 6809 3385 6809 3384 6809 3384 6810 3385 6810 3383 6810 3384 6811 3386 6811 3387 6811 3384 6812 3388 6812 3386 6812 3384 6813 3380 6813 3389 6813 3384 6814 3389 6814 3388 6814 3387 6815 3400 6815 3385 6815 3387 6816 3399 6816 3400 6816 3386 6817 3398 6817 3387 6817 3387 6818 3398 6818 3399 6818 3388 6819 3390 6819 3386 6819 3386 6820 3390 6820 3398 6820 3389 6821 3391 6821 3388 6821 3388 6822 3391 6822 3390 6822 3380 6823 3392 6823 3389 6823 3389 6824 3392 6824 3391 6824 3380 6825 3393 6825 3392 6825 3379 6826 3397 6826 3380 6826 3381 6827 3394 6827 3379 6827 3379 6828 3394 6828 3397 6828 3382 6829 3394 6829 3381 6829 3382 6830 3395 6830 3394 6830 3384 6831 3395 6831 3382 6831 3384 6832 3396 6832 3395 6832 3383 6833 3396 6833 3384 6833 3385 6834 3400 6834 3383 6834 3383 6835 3400 6835 3396 6835 3380 6836 3397 6836 3393 6836 3391 6837 3392 6837 3390 6837 3390 6838 3392 6838 3398 6838 3401 6839 3488 6839 3378 6839 3377 6840 3403 6840 3402 6840 3404 6841 3403 6841 3406 6841 3494 6842 3407 6842 3411 6842 3408 6843 3409 6843 3410 6843 3410 6844 3409 6844 3411 6844 3408 6845 3410 6845 3412 6845 3412 6846 3410 6846 3413 6846 3415 6847 3416 6847 3414 6847 3405 6848 3417 6848 3404 6848 3405 6849 3404 6849 3406 6849 3401 6850 3378 6850 3402 6850 3401 6851 3402 6851 3418 6851 3418 6852 3402 6852 3419 6852 3419 6853 3420 6853 3424 6853 3422 6854 3421 6854 3423 6854 3422 6855 3423 6855 3420 6855 3420 6856 3423 6856 3424 6856 3425 6857 3429 6857 3426 6857 3426 6858 3429 6858 3427 6858 3426 6859 3427 6859 3422 6859 3422 6860 3427 6860 3421 6860 3433 6861 3434 6861 3435 6861 3436 6862 3437 6862 3433 6862 3433 6863 3437 6863 3434 6863 3438 6864 3439 6864 3436 6864 3436 6865 3439 6865 3437 6865 3440 6866 3438 6866 3441 6866 3440 6867 3441 6867 3442 6867 3442 6868 3441 6868 3443 6868 3443 6869 3441 6869 3444 6869 3443 6870 3444 6870 3447 6870 3445 6871 3446 6871 3444 6871 3444 6872 3446 6872 3447 6872 3449 6873 3448 6873 3450 6873 3449 6874 3450 6874 3445 6874 3445 6875 3450 6875 3446 6875 3448 6876 3449 6876 3451 6876 3451 6877 3449 6877 3452 6877 3510 6878 3457 6878 3458 6878 3510 6879 3458 6879 3460 6879 3494 6880 3459 6880 3407 6880 3407 6881 3459 6881 3458 6881 3458 6882 3459 6882 3460 6882 3580 6883 3566 6883 3461 6883 3461 6884 3566 6884 3462 6884 3580 6885 3461 6885 3463 6885 3464 6886 3580 6886 3463 6886 3580 6887 3464 6887 3466 6887 3466 6888 3464 6888 3465 6888 3466 6889 3465 6889 3467 6889 3466 6890 3467 6890 3480 6890 3480 6891 3467 6891 3468 6891 3480 6892 3468 6892 3469 6892 3480 6893 3470 6893 3471 6893 3462 6894 3566 6894 3482 6894 3472 6895 3480 6895 3469 6895 3480 6896 3471 6896 3473 6896 3474 6897 3475 6897 3585 6897 3470 6898 3480 6898 3472 6898 3478 6899 3569 6899 3476 6899 3476 6900 3569 6900 3477 6900 3477 6901 3473 6901 3479 6901 3473 6902 3477 6902 3480 6902 3585 6903 3475 6903 3481 6903 3482 6904 3566 6904 3483 6904 3476 6905 3477 6905 3479 6905 3474 6906 3585 6906 3484 6906 3484 6907 3585 6907 3569 6907 3484 6908 3569 6908 3478 6908 3584 6909 3485 6909 3486 6909 3566 6910 3584 6910 3483 6910 3483 6911 3584 6911 3486 6911 3584 6912 3585 6912 3485 6912 3485 6913 3585 6913 3481 6913 3427 6914 3429 6914 3502 6914 3542 6915 3540 6915 3510 6915 3490 6916 3523 6916 3491 6916 3490 6917 3491 6917 3492 6917 3453 6918 3454 6918 3492 6918 3492 6919 3454 6919 3540 6919 3540 6920 3454 6920 3456 6920 3540 6921 3456 6921 3510 6921 3460 6922 3511 6922 3510 6922 3510 6923 3456 6923 3455 6923 3510 6924 3455 6924 3457 6924 3452 6925 3491 6925 3451 6925 3450 6926 3518 6926 3446 6926 3443 6927 3447 6927 3520 6927 3440 6928 3493 6928 3438 6928 3438 6929 3493 6929 3504 6929 3438 6930 3504 6930 3439 6930 3437 6931 3489 6931 3434 6931 3428 6932 3429 6932 3425 6932 3421 6933 3514 6933 3423 6933 3419 6934 3515 6934 3418 6934 3417 6935 3405 6935 3416 6935 3413 6936 3497 6936 3412 6936 3509 6937 3507 6937 3525 6937 3460 6938 3459 6938 3511 6938 3511 6939 3459 6939 3494 6939 3511 6940 3494 6940 3507 6940 3494 6941 3411 6941 3409 6941 3494 6942 3409 6942 3495 6942 3495 6943 3409 6943 3408 6943 3495 6944 3408 6944 3412 6944 3495 6945 3412 6945 3496 6945 3496 6946 3412 6946 3497 6946 3496 6947 3497 6947 3517 6947 3496 6948 3517 6948 3498 6948 3496 6949 3498 6949 3527 6949 3487 6950 3498 6950 3517 6950 3487 6951 3517 6951 3499 6951 3499 6952 3517 6952 3416 6952 3499 6953 3416 6953 3406 6953 3406 6954 3416 6954 3405 6954 3535 6955 3488 6955 3515 6955 3535 6956 3515 6956 3516 6956 3535 6957 3516 6957 3500 6957 3513 6958 3501 6958 3516 6958 3513 6959 3502 6959 3501 6959 3428 6960 3430 6960 3429 6960 3429 6961 3430 6961 3521 6961 3429 6962 3521 6962 3539 6962 3539 6963 3521 6963 3512 6963 3539 6964 3512 6964 3524 6964 3524 6965 3503 6965 3393 6965 3505 6966 3504 6966 3393 6966 3393 6967 3504 6967 3522 6967 3439 6968 3504 6968 3489 6968 3489 6969 3504 6969 3505 6969 3440 6970 3442 6970 3493 6970 3493 6971 3442 6971 3443 6971 3493 6972 3443 6972 3506 6972 3506 6973 3443 6973 3520 6973 3506 6974 3520 6974 3519 6974 3506 6975 3519 6975 3531 6975 3542 6976 3510 6976 3508 6976 3508 6977 3510 6977 3509 6977 3509 6978 3510 6978 3511 6978 3509 6979 3511 6979 3507 6979 3503 6980 3524 6980 3512 6980 3432 6981 3521 6981 3430 6981 3502 6982 3513 6982 3427 6982 3513 6983 3514 6983 3427 6983 3427 6984 3514 6984 3421 6984 3513 6985 3515 6985 3514 6985 3423 6986 3514 6986 3424 6986 3513 6987 3516 6987 3515 6987 3514 6988 3515 6988 3424 6988 3424 6989 3515 6989 3419 6989 3515 6990 3488 6990 3418 6990 3418 6991 3488 6991 3401 6991 3417 6992 3416 6992 3415 6992 3416 6993 3517 6993 3497 6993 3416 6994 3497 6994 3414 6994 3414 6995 3497 6995 3413 6995 3492 6996 3491 6996 3453 6996 3453 6997 3491 6997 3452 6997 3523 6998 3519 6998 3491 6998 3491 6999 3518 6999 3451 6999 3451 7000 3518 7000 3448 7000 3491 7001 3519 7001 3518 7001 3518 7002 3519 7002 3520 7002 3448 7003 3518 7003 3450 7003 3518 7004 3520 7004 3446 7004 3446 7005 3520 7005 3447 7005 3393 7006 3503 7006 3505 7006 3439 7007 3489 7007 3437 7007 3434 7008 3489 7008 3435 7008 3505 7009 3503 7009 3512 7009 3489 7010 3505 7010 3521 7010 3489 7011 3521 7011 3435 7011 3505 7012 3512 7012 3521 7012 3435 7013 3521 7013 3431 7013 3431 7014 3521 7014 3432 7014 3397 7015 3524 7015 3393 7015 3392 7016 3522 7016 3531 7016 3395 7017 3487 7017 3526 7017 3395 7018 3526 7018 3394 7018 3522 7019 3392 7019 3393 7019 3398 7020 3523 7020 3399 7020 3399 7021 3523 7021 3508 7021 3527 7022 3396 7022 3525 7022 3525 7023 3396 7023 3400 7023 3397 7024 3394 7024 3501 7024 3523 7025 3531 7025 3519 7025 3526 7026 3500 7026 3501 7026 3501 7027 3500 7027 3516 7027 3525 7028 3508 7028 3509 7028 3525 7029 3400 7029 3399 7029 3525 7030 3399 7030 3508 7030 3487 7031 3395 7031 3396 7031 3487 7032 3396 7032 3527 7032 3487 7033 3527 7033 3498 7033 3501 7034 3394 7034 3526 7034 3523 7035 3398 7035 3531 7035 3531 7036 3398 7036 3392 7036 3504 7037 3493 7037 3528 7037 3528 7038 3493 7038 3529 7038 3506 7039 3530 7039 3493 7039 3493 7040 3530 7040 3529 7040 3530 7041 3506 7041 3531 7041 3504 7042 3528 7042 3522 7042 3522 7043 3528 7043 3529 7043 3530 7044 3531 7044 3529 7044 3529 7045 3531 7045 3522 7045 3496 7046 3533 7046 3495 7046 3532 7047 3494 7047 3495 7047 3532 7048 3495 7048 3533 7048 3532 7049 3507 7049 3494 7049 3496 7050 3527 7050 3533 7050 3533 7051 3527 7051 3532 7051 3532 7052 3527 7052 3525 7052 3532 7053 3525 7053 3507 7053 3535 7054 3500 7054 3536 7054 3536 7055 3500 7055 3526 7055 3536 7056 3526 7056 3487 7056 3536 7057 3487 7057 3534 7057 3534 7058 3487 7058 3499 7058 3534 7059 3499 7059 3406 7059 3488 7060 3535 7060 3536 7060 3534 7061 3406 7061 3488 7061 3534 7062 3488 7062 3536 7062 3429 7063 3538 7063 3537 7063 3539 7064 3538 7064 3429 7064 3501 7065 3502 7065 3537 7065 3537 7066 3502 7066 3429 7066 3539 7067 3524 7067 3538 7067 3538 7068 3524 7068 3397 7068 3538 7069 3397 7069 3537 7069 3537 7070 3397 7070 3501 7070 3541 7071 3492 7071 3542 7071 3542 7072 3492 7072 3540 7072 3523 7073 3490 7073 3541 7073 3541 7074 3490 7074 3492 7074 3542 7075 3508 7075 3541 7075 3541 7076 3508 7076 3523 7076 3563 7077 3550 7077 3544 7077 3544 7078 3550 7078 3546 7078 3544 7079 3546 7079 3543 7079 3543 7080 3546 7080 3548 7080 3543 7081 3548 7081 3578 7081 3578 7082 3548 7082 3562 7082 3578 7083 3562 7083 3586 7083 3561 7084 3562 7084 3547 7084 3547 7085 3562 7085 3548 7085 3549 7086 3546 7086 3551 7086 3551 7087 3550 7087 3545 7087 3545 7088 3552 7088 3553 7088 3553 7089 3552 7089 3567 7089 3553 7090 3567 7090 3554 7090 3554 7091 3555 7091 3556 7091 3554 7092 3556 7092 3557 7092 3557 7093 3556 7093 3558 7093 3558 7094 3556 7094 3559 7094 3558 7095 3559 7095 3560 7095 3561 7096 3560 7096 3586 7096 3561 7097 3586 7097 3562 7097 3583 7098 3559 7098 3574 7098 3569 7099 3585 7099 3587 7099 3563 7100 3570 7100 3571 7100 3572 7101 3579 7101 3577 7101 3577 7102 3579 7102 3570 7102 3572 7103 3566 7103 3579 7103 3579 7104 3566 7104 3565 7104 3555 7105 3567 7105 3556 7105 3583 7106 3582 7106 3587 7106 3568 7107 3581 7107 3576 7107 3576 7108 3581 7108 3582 7108 3480 7109 3477 7109 3581 7109 3587 7110 3582 7110 3569 7110 3569 7111 3582 7111 3477 7111 3577 7112 3544 7112 3543 7112 3572 7113 3577 7113 3564 7113 3578 7114 3587 7114 3564 7114 3571 7115 3570 7115 3565 7115 3565 7116 3570 7116 3579 7116 3584 7117 3564 7117 3585 7117 3568 7118 3466 7118 3480 7118 3568 7119 3480 7119 3581 7119 3581 7120 3477 7120 3582 7120 3567 7121 3575 7121 3573 7121 3556 7122 3574 7122 3559 7122 3573 7123 3575 7123 3576 7123 3574 7124 3576 7124 3583 7124 3576 7125 3582 7125 3583 7125 3543 7126 3578 7126 3577 7126 3578 7127 3564 7127 3577 7127 3544 7128 3577 7128 3570 7128 3563 7129 3544 7129 3570 7129 3585 7130 3564 7130 3587 7130 3564 7131 3584 7131 3572 7131 3580 7132 3565 7132 3566 7132 3572 7133 3584 7133 3566 7133 3565 7134 3580 7134 3571 7134 3575 7135 3567 7135 3552 7135 3567 7136 3573 7136 3556 7136 3556 7137 3573 7137 3574 7137 3574 7138 3573 7138 3576 7138 3586 7139 3559 7139 3583 7139 3575 7140 3571 7140 3568 7140 3575 7141 3568 7141 3576 7141 3431 7142 3557 7142 3558 7142 3545 7143 3404 7143 3417 7143 3545 7144 3417 7144 3551 7144 3551 7145 3417 7145 3415 7145 3551 7146 3415 7146 3414 7146 3554 7147 3422 7147 3553 7147 3553 7148 3422 7148 3420 7148 3553 7149 3420 7149 3419 7149 3553 7150 3419 7150 3402 7150 3553 7151 3402 7151 3545 7151 3545 7152 3402 7152 3403 7152 3545 7153 3403 7153 3404 7153 3549 7154 3457 7154 3548 7154 3548 7155 3457 7155 3455 7155 3548 7156 3455 7156 3456 7156 3548 7157 3456 7157 3547 7157 3547 7158 3456 7158 3454 7158 3560 7159 3438 7159 3558 7159 3558 7160 3438 7160 3436 7160 3558 7161 3436 7161 3433 7161 3558 7162 3433 7162 3435 7162 3558 7163 3435 7163 3431 7163 3454 7164 3453 7164 3547 7164 3547 7165 3453 7165 3452 7165 3547 7166 3452 7166 3561 7166 3561 7167 3452 7167 3449 7167 3561 7168 3449 7168 3445 7168 3561 7169 3445 7169 3560 7169 3560 7170 3445 7170 3444 7170 3560 7171 3444 7171 3441 7171 3560 7172 3441 7172 3438 7172 3414 7173 3413 7173 3551 7173 3551 7174 3413 7174 3410 7174 3551 7175 3410 7175 3549 7175 3549 7176 3410 7176 3411 7176 3549 7177 3411 7177 3588 7177 3549 7178 3588 7178 3458 7178 3549 7179 3458 7179 3457 7179 3431 7180 3432 7180 3557 7180 3557 7181 3432 7181 3430 7181 3557 7182 3430 7182 3554 7182 3554 7183 3430 7183 3428 7183 3554 7184 3428 7184 3425 7184 3554 7185 3425 7185 3426 7185 3554 7186 3426 7186 3422 7186 3546 7187 3550 7187 3551 7187 3546 7188 3549 7188 3548 7188 3586 7189 3560 7189 3559 7189 3554 7190 3567 7190 3555 7190 3583 7191 3587 7191 3586 7191 3586 7192 3587 7192 3578 7192 3571 7193 3552 7193 3563 7193 3550 7194 3563 7194 3545 7194 3545 7195 3563 7195 3552 7195 3571 7196 3580 7196 3466 7196 3571 7197 3466 7197 3568 7197 3571 7198 3575 7198 3552 7198 3589 7199 3590 7199 3600 7199 3600 7200 3590 7200 3591 7200 3592 7201 3593 7201 3600 7201 3600 7202 3593 7202 3594 7202 3600 7203 3594 7203 3589 7203 3595 7204 3596 7204 3600 7204 3600 7205 3596 7205 3597 7205 3600 7206 3597 7206 3592 7206 3598 7207 3599 7207 3600 7207 3601 7208 3602 7208 3600 7208 3600 7209 3602 7209 3603 7209 3600 7210 3603 7210 3598 7210 3604 7211 3605 7211 3600 7211 3600 7212 3605 7212 3606 7212 3600 7213 3606 7213 3601 7213 3607 7214 3608 7214 3600 7214 3600 7215 3608 7215 3609 7215 3600 7216 3609 7216 3604 7216 3591 7217 3610 7217 3600 7217 3600 7218 3610 7218 3611 7218 3600 7219 3611 7219 3607 7219 3471 7220 3603 7220 3473 7220 3473 7221 3603 7221 3602 7221 3473 7222 3602 7222 3479 7222 3479 7223 3602 7223 3601 7223 3479 7224 3601 7224 3476 7224 3476 7225 3601 7225 3606 7225 3476 7226 3606 7226 3478 7226 3478 7227 3606 7227 3605 7227 3478 7228 3605 7228 3484 7228 3484 7229 3605 7229 3604 7229 3484 7230 3604 7230 3474 7230 3474 7231 3604 7231 3609 7231 3474 7232 3609 7232 3475 7232 3475 7233 3609 7233 3608 7233 3475 7234 3608 7234 3481 7234 3481 7235 3608 7235 3607 7235 3481 7236 3607 7236 3485 7236 3485 7237 3607 7237 3611 7237 3485 7238 3611 7238 3486 7238 3486 7239 3611 7239 3610 7239 3486 7240 3610 7240 3483 7240 3483 7241 3610 7241 3591 7241 3483 7242 3591 7242 3482 7242 3482 7243 3591 7243 3590 7243 3482 7244 3590 7244 3462 7244 3462 7245 3590 7245 3589 7245 3462 7246 3589 7246 3461 7246 3461 7247 3589 7247 3594 7247 3461 7248 3594 7248 3463 7248 3463 7249 3594 7249 3593 7249 3463 7250 3593 7250 3464 7250 3464 7251 3593 7251 3592 7251 3464 7252 3592 7252 3465 7252 3465 7253 3592 7253 3597 7253 3465 7254 3597 7254 3467 7254 3467 7255 3597 7255 3596 7255 3467 7256 3596 7256 3468 7256 3468 7257 3596 7257 3595 7257 3468 7258 3595 7258 3469 7258 3469 7259 3595 7259 3600 7259 3469 7260 3600 7260 3472 7260 3472 7261 3600 7261 3599 7261 3472 7262 3599 7262 3470 7262 3470 7263 3599 7263 3598 7263 3470 7264 3598 7264 3471 7264 3471 7265 3598 7265 3603 7265 3620 7266 3621 7266 3618 7266 3618 7267 3621 7267 3630 7267 3617 7268 3622 7268 3618 7268 3616 7269 3623 7269 3614 7269 3614 7270 3623 7270 3624 7270 3614 7271 3624 7271 3625 7271 3614 7272 3625 7272 3617 7272 3617 7273 3625 7273 3622 7273 3619 7274 3626 7274 3627 7274 3619 7275 3627 7275 3616 7275 3616 7276 3627 7276 3634 7276 3620 7277 3628 7277 3612 7277 3612 7278 3613 7278 3629 7278 3612 7279 3629 7279 3620 7279 3620 7280 3629 7280 3621 7280 3618 7281 3630 7281 3617 7281 3617 7282 3630 7282 3734 7282 3734 7283 3631 7283 3617 7283 3617 7284 3631 7284 3632 7284 3617 7285 3632 7285 3614 7285 3614 7286 3632 7286 3733 7286 3612 7287 3628 7287 3633 7287 3612 7288 3633 7288 3728 7288 3616 7289 3634 7289 3623 7289 3626 7290 3619 7290 3633 7290 3633 7291 3619 7291 3635 7291 3633 7292 3635 7292 3728 7292 3614 7293 3733 7293 3615 7293 3614 7294 3615 7294 3616 7294 3616 7295 3732 7295 3636 7295 3616 7296 3636 7296 3619 7296 3619 7297 3636 7297 3730 7297 3638 7298 3639 7298 3640 7298 3640 7299 3639 7299 3641 7299 3640 7300 3641 7300 3642 7300 3642 7301 3641 7301 3643 7301 3642 7302 3643 7302 3644 7302 3644 7303 3643 7303 3645 7303 3644 7304 3645 7304 3637 7304 3645 7305 3646 7305 3637 7305 3637 7306 3646 7306 3647 7306 3647 7307 3646 7307 3648 7307 3647 7308 3648 7308 3649 7308 3649 7309 3648 7309 3650 7309 3649 7310 3650 7310 3652 7310 3650 7311 3651 7311 3652 7311 3652 7312 3651 7312 3653 7312 3652 7313 3653 7313 3654 7313 3654 7314 3653 7314 3656 7314 3654 7315 3656 7315 3655 7315 3655 7316 3656 7316 3658 7316 3658 7317 3656 7317 3657 7317 3658 7318 3657 7318 3659 7318 3659 7319 3657 7319 3660 7319 3659 7320 3660 7320 3661 7320 3661 7321 3660 7321 3662 7321 3661 7322 3662 7322 3638 7322 3638 7323 3662 7323 3639 7323 3663 7324 3664 7324 3628 7324 3628 7325 3664 7325 3665 7325 3628 7326 3665 7326 3633 7326 3633 7327 3665 7327 3626 7327 3626 7328 3665 7328 3666 7328 3626 7329 3666 7329 3627 7329 3627 7330 3666 7330 3667 7330 3627 7331 3667 7331 3634 7331 3634 7332 3667 7332 3668 7332 3634 7333 3668 7333 3623 7333 3623 7334 3668 7334 3669 7334 3623 7335 3669 7335 3624 7335 3624 7336 3669 7336 3670 7336 3624 7337 3670 7337 3625 7337 3625 7338 3670 7338 3622 7338 3622 7339 3670 7339 3671 7339 3622 7340 3671 7340 3672 7340 3622 7341 3672 7341 3618 7341 3618 7342 3672 7342 3673 7342 3618 7343 3673 7343 3663 7343 3663 7344 3673 7344 3664 7344 3674 7345 3708 7345 3675 7345 3674 7346 3675 7346 3676 7346 3676 7347 3675 7347 3677 7347 3676 7348 3677 7348 3678 7348 3678 7349 3677 7349 3679 7349 3678 7350 3679 7350 3680 7350 3680 7351 3679 7351 3681 7351 3680 7352 3681 7352 3682 7352 3682 7353 3681 7353 3683 7353 3682 7354 3683 7354 3684 7354 3684 7355 3683 7355 3686 7355 3684 7356 3686 7356 3685 7356 3685 7357 3686 7357 3687 7357 3687 7358 3686 7358 3688 7358 3687 7359 3688 7359 3689 7359 3689 7360 3688 7360 3691 7360 3689 7361 3691 7361 3690 7361 3690 7362 3691 7362 3692 7362 3690 7363 3692 7363 3693 7363 3693 7364 3692 7364 3695 7364 3693 7365 3695 7365 3694 7365 3694 7366 3695 7366 3696 7366 3696 7367 3695 7367 3697 7367 3696 7368 3697 7368 3698 7368 3698 7369 3697 7369 3700 7369 3698 7370 3700 7370 3699 7370 3699 7371 3700 7371 3701 7371 3701 7372 3700 7372 3702 7372 3701 7373 3702 7373 3703 7373 3703 7374 3702 7374 3704 7374 3703 7375 3704 7375 3705 7375 3705 7376 3704 7376 3706 7376 3705 7377 3706 7377 3707 7377 3707 7378 3706 7378 3708 7378 3707 7379 3708 7379 3674 7379 3683 7380 3647 7380 3686 7380 3686 7381 3647 7381 3649 7381 3686 7382 3649 7382 3688 7382 3688 7383 3649 7383 3691 7383 3691 7384 3649 7384 3652 7384 3691 7385 3652 7385 3692 7385 3692 7386 3652 7386 3654 7386 3692 7387 3654 7387 3695 7387 3695 7388 3654 7388 3655 7388 3695 7389 3655 7389 3697 7389 3697 7390 3655 7390 3658 7390 3697 7391 3658 7391 3700 7391 3700 7392 3658 7392 3659 7392 3700 7393 3659 7393 3702 7393 3702 7394 3659 7394 3661 7394 3702 7395 3661 7395 3704 7395 3704 7396 3661 7396 3706 7396 3706 7397 3661 7397 3638 7397 3706 7398 3638 7398 3708 7398 3708 7399 3638 7399 3640 7399 3708 7400 3640 7400 3675 7400 3675 7401 3640 7401 3642 7401 3675 7402 3642 7402 3677 7402 3677 7403 3642 7403 3679 7403 3679 7404 3642 7404 3644 7404 3679 7405 3644 7405 3681 7405 3681 7406 3644 7406 3637 7406 3681 7407 3637 7407 3683 7407 3683 7408 3637 7408 3647 7408 3668 7409 3670 7409 3669 7409 3668 7410 3671 7410 3670 7410 3668 7411 3672 7411 3671 7411 3668 7412 3664 7412 3673 7412 3668 7413 3673 7413 3672 7413 3668 7414 3665 7414 3664 7414 3666 7415 3665 7415 3668 7415 3667 7416 3666 7416 3668 7416 3710 7417 3711 7417 3719 7417 3719 7418 3711 7418 3709 7418 3719 7419 3712 7419 3713 7419 3719 7420 3713 7420 3710 7420 3714 7421 3715 7421 3719 7421 3719 7422 3715 7422 3716 7422 3719 7423 3716 7423 3712 7423 3719 7424 3717 7424 3714 7424 3720 7425 3721 7425 3719 7425 3719 7426 3721 7426 3722 7426 3719 7427 3722 7427 3718 7427 3726 7428 3723 7428 3719 7428 3719 7429 3723 7429 3720 7429 3724 7430 3725 7430 3719 7430 3719 7431 3725 7431 3726 7431 3709 7432 3727 7432 3719 7432 3719 7433 3727 7433 3724 7433 3718 7434 3684 7434 3719 7434 3719 7435 3684 7435 3685 7435 3719 7436 3685 7436 3717 7436 3717 7437 3685 7437 3687 7437 3717 7438 3687 7438 3714 7438 3714 7439 3687 7439 3689 7439 3714 7440 3689 7440 3715 7440 3715 7441 3689 7441 3690 7441 3715 7442 3690 7442 3716 7442 3716 7443 3690 7443 3693 7443 3716 7444 3693 7444 3712 7444 3712 7445 3693 7445 3694 7445 3712 7446 3694 7446 3713 7446 3713 7447 3694 7447 3696 7447 3713 7448 3696 7448 3710 7448 3710 7449 3696 7449 3698 7449 3710 7450 3698 7450 3711 7450 3711 7451 3698 7451 3699 7451 3711 7452 3699 7452 3709 7452 3709 7453 3699 7453 3701 7453 3709 7454 3701 7454 3727 7454 3727 7455 3701 7455 3703 7455 3727 7456 3703 7456 3724 7456 3724 7457 3703 7457 3705 7457 3724 7458 3705 7458 3725 7458 3725 7459 3705 7459 3707 7459 3725 7460 3707 7460 3726 7460 3726 7461 3707 7461 3674 7461 3726 7462 3674 7462 3723 7462 3723 7463 3674 7463 3676 7463 3723 7464 3676 7464 3720 7464 3720 7465 3676 7465 3678 7465 3720 7466 3678 7466 3721 7466 3721 7467 3678 7467 3680 7467 3721 7468 3680 7468 3722 7468 3722 7469 3680 7469 3682 7469 3722 7470 3682 7470 3718 7470 3718 7471 3682 7471 3684 7471 3612 7472 3728 7472 3613 7472 3619 7473 3729 7473 3730 7473 3729 7474 3619 7474 3730 7474 3616 7475 3731 7475 3732 7475 3731 7476 3616 7476 3732 7476 3732 7477 3616 7477 3615 7477 3645 7478 3732 7478 3646 7478 3641 7479 3730 7479 3643 7479 3635 7480 3619 7480 3730 7480 3662 7481 3613 7481 3728 7481 3653 7482 3734 7482 3630 7482 3653 7483 3630 7483 3656 7483 3656 7484 3630 7484 3621 7484 3656 7485 3621 7485 3657 7485 3650 7486 3733 7486 3632 7486 3650 7487 3632 7487 3651 7487 3651 7488 3632 7488 3631 7488 3651 7489 3631 7489 3653 7489 3653 7490 3631 7490 3734 7490 3732 7491 3615 7491 3646 7491 3646 7492 3615 7492 3648 7492 3648 7493 3615 7493 3733 7493 3648 7494 3733 7494 3650 7494 3643 7495 3730 7495 3636 7495 3643 7496 3636 7496 3645 7496 3645 7497 3636 7497 3732 7497 3662 7498 3728 7498 3635 7498 3662 7499 3635 7499 3639 7499 3639 7500 3635 7500 3641 7500 3641 7501 3635 7501 3730 7501 3657 7502 3621 7502 3629 7502 3657 7503 3629 7503 3660 7503 3660 7504 3629 7504 3613 7504 3660 7505 3613 7505 3662 7505 3736 7506 3735 7506 3740 7506 3736 7507 3740 7507 3737 7507 3736 7508 3738 7508 3735 7508 3736 7509 3737 7509 3738 7509 3735 7510 3738 7510 3739 7510 3735 7511 3739 7511 3740 7511 3740 7512 3739 7512 3741 7512 3741 7513 3738 7513 3737 7513 3741 7514 3739 7514 3738 7514 3741 7515 3737 7515 3740 7515 3744 7516 3742 7516 3743 7516 3744 7517 3743 7517 3745 7517 3743 7518 3747 7518 3745 7518 3746 7519 3744 7519 3745 7519 3747 7520 3743 7520 3771 7520 3771 7521 3743 7521 3742 7521 3744 7522 3746 7522 3742 7522 3746 7523 3745 7523 3747 7523 3742 7524 3746 7524 3748 7524 3771 7525 3742 7525 3748 7525 3760 7526 3749 7526 3758 7526 3760 7527 3750 7527 3749 7527 3760 7528 3751 7528 3752 7528 3755 7529 3753 7529 3760 7529 3760 7530 3753 7530 3751 7530 3756 7531 3755 7531 3760 7531 3760 7532 3754 7532 3756 7532 3760 7533 3758 7533 3754 7533 3755 7534 3769 7534 3753 7534 3756 7535 3766 7535 3755 7535 3754 7536 3757 7536 3756 7536 3756 7537 3757 7537 3766 7537 3758 7538 3765 7538 3754 7538 3754 7539 3765 7539 3757 7539 3749 7540 3764 7540 3758 7540 3750 7541 3759 7541 3749 7541 3749 7542 3759 7542 3764 7542 3760 7543 3762 7543 3750 7543 3750 7544 3762 7544 3759 7544 3760 7545 3761 7545 3762 7545 3752 7546 3761 7546 3760 7546 3751 7547 3763 7547 3752 7547 3752 7548 3763 7548 3761 7548 3753 7549 3769 7549 3751 7549 3751 7550 3769 7550 3763 7550 3758 7551 3764 7551 3765 7551 3757 7552 3765 7552 3767 7552 3757 7553 3767 7553 3766 7553 3766 7554 3767 7554 3768 7554 3766 7555 3768 7555 3755 7555 3755 7556 3768 7556 3769 7556 3747 7557 3770 7557 3746 7557 3772 7558 3771 7558 3748 7558 3776 7559 3775 7559 3777 7559 3777 7560 3778 7560 3781 7560 3779 7561 3780 7561 3778 7561 3778 7562 3780 7562 3781 7562 3783 7563 3782 7563 3779 7563 3779 7564 3782 7564 3780 7564 3783 7565 3779 7565 3784 7565 3783 7566 3784 7566 3785 7566 3785 7567 3784 7567 3748 7567 3785 7568 3748 7568 3866 7568 3866 7569 3748 7569 3746 7569 3770 7570 3747 7570 3771 7570 3770 7571 3771 7571 3786 7571 3786 7572 3771 7572 3787 7572 3789 7573 3788 7573 3790 7573 3789 7574 3790 7574 3791 7574 3792 7575 3796 7575 3793 7575 3793 7576 3796 7576 3794 7576 3793 7577 3794 7577 3789 7577 3789 7578 3794 7578 3788 7578 3798 7579 3861 7579 3799 7579 3801 7580 3802 7580 3798 7580 3798 7581 3802 7581 3861 7581 3804 7582 3803 7582 3805 7582 3804 7583 3805 7583 3801 7583 3801 7584 3805 7584 3802 7584 3803 7585 3804 7585 3806 7585 3806 7586 3804 7586 3807 7586 3806 7587 3807 7587 3808 7587 3808 7588 3807 7588 3809 7588 3809 7589 3807 7589 3810 7589 3809 7590 3810 7590 3811 7590 3811 7591 3810 7591 3812 7591 3811 7592 3812 7592 3816 7592 3814 7593 3813 7593 3815 7593 3814 7594 3815 7594 3812 7594 3812 7595 3815 7595 3816 7595 3813 7596 3814 7596 3817 7596 3817 7597 3814 7597 3818 7597 3817 7598 3818 7598 3819 7598 3819 7599 3818 7599 3820 7599 3820 7600 3818 7600 3821 7600 3825 7601 3824 7601 3826 7601 3826 7602 3864 7602 3823 7602 3824 7603 3825 7603 3827 7603 3827 7604 3825 7604 3828 7604 3827 7605 3828 7605 3830 7605 3829 7606 3832 7606 3828 7606 3828 7607 3832 7607 3830 7607 3773 7608 3831 7608 3829 7608 3829 7609 3831 7609 3832 7609 3951 7610 3939 7610 3833 7610 3833 7611 3939 7611 3834 7611 3951 7612 3833 7612 3835 7612 3836 7613 3951 7613 3835 7613 3951 7614 3836 7614 3838 7614 3838 7615 3836 7615 3837 7615 3838 7616 3837 7616 3839 7616 3838 7617 3839 7617 3850 7617 3850 7618 3839 7618 3840 7618 3850 7619 3840 7619 3841 7619 3850 7620 3842 7620 3843 7620 3834 7621 3939 7621 3855 7621 3844 7622 3850 7622 3841 7622 3850 7623 3843 7623 3845 7623 3842 7624 3850 7624 3844 7624 3848 7625 3942 7625 3846 7625 3846 7626 3942 7626 3847 7626 3847 7627 3845 7627 3849 7627 3845 7628 3847 7628 3850 7628 3851 7629 3956 7629 3852 7629 3852 7630 3956 7630 3942 7630 3852 7631 3942 7631 3848 7631 3853 7632 3956 7632 3854 7632 3854 7633 3956 7633 3851 7633 3846 7634 3847 7634 3849 7634 3855 7635 3939 7635 3856 7635 3956 7636 3853 7636 3857 7636 3858 7637 3955 7637 3857 7637 3857 7638 3955 7638 3956 7638 3939 7639 3955 7639 3856 7639 3856 7640 3955 7640 3858 7640 3794 7641 3796 7641 3875 7641 3901 7642 3864 7642 3883 7642 3916 7643 3863 7643 3862 7643 3916 7644 3862 7644 3822 7644 3916 7645 3822 7645 3864 7645 3822 7646 3823 7646 3864 7646 3832 7647 3885 7647 3884 7647 3832 7648 3884 7648 3830 7648 3864 7649 3826 7649 3883 7649 3883 7650 3826 7650 3824 7650 3883 7651 3824 7651 3884 7651 3884 7652 3824 7652 3827 7652 3884 7653 3827 7653 3830 7653 3821 7654 3862 7654 3820 7654 3813 7655 3893 7655 3815 7655 3811 7656 3816 7656 3895 7656 3809 7657 3865 7657 3808 7657 3808 7658 3865 7658 3806 7658 3806 7659 3865 7659 3877 7659 3806 7660 3877 7660 3803 7660 3805 7661 3861 7661 3802 7661 3795 7662 3796 7662 3792 7662 3788 7663 3874 7663 3790 7663 3787 7664 3888 7664 3786 7664 3866 7665 3746 7665 3860 7665 3860 7666 3746 7666 3770 7666 3783 7667 3785 7667 3867 7667 3867 7668 3785 7668 3866 7668 3782 7669 3867 7669 3780 7669 3777 7670 3869 7670 3776 7670 3774 7671 3868 7671 3773 7671 3882 7672 3881 7672 3904 7672 3832 7673 3831 7673 3885 7673 3885 7674 3831 7674 3773 7674 3885 7675 3773 7675 3868 7675 3885 7676 3868 7676 3881 7676 3868 7677 3774 7677 3775 7677 3868 7678 3775 7678 3776 7678 3776 7679 3870 7679 3903 7679 3859 7680 3870 7680 3871 7680 3871 7681 3870 7681 3867 7681 3871 7682 3867 7682 3866 7682 3872 7683 3860 7683 3888 7683 3872 7684 3888 7684 3887 7684 3872 7685 3887 7685 3889 7685 3872 7686 3889 7686 3902 7686 3887 7687 3873 7687 3889 7687 3874 7688 3875 7688 3873 7688 3874 7689 3873 7689 3887 7689 3795 7690 3797 7690 3796 7690 3796 7691 3797 7691 3886 7691 3796 7692 3886 7692 3914 7692 3914 7693 3886 7693 3876 7693 3914 7694 3876 7694 3900 7694 3900 7695 3876 7695 3764 7695 3878 7696 3877 7696 3764 7696 3764 7697 3877 7697 3896 7697 3803 7698 3877 7698 3861 7698 3861 7699 3877 7699 3878 7699 3809 7700 3811 7700 3865 7700 3865 7701 3811 7701 3895 7701 3879 7702 3895 7702 3894 7702 3879 7703 3894 7703 3890 7703 3879 7704 3890 7704 3880 7704 3901 7705 3884 7705 3882 7705 3882 7706 3884 7706 3885 7706 3882 7707 3885 7707 3881 7707 3901 7708 3883 7708 3884 7708 3800 7709 3886 7709 3797 7709 3875 7710 3874 7710 3794 7710 3794 7711 3874 7711 3788 7711 3874 7712 3888 7712 3790 7712 3790 7713 3888 7713 3791 7713 3887 7714 3888 7714 3874 7714 3791 7715 3888 7715 3787 7715 3888 7716 3860 7716 3786 7716 3786 7717 3860 7717 3770 7717 3867 7718 3870 7718 3869 7718 3783 7719 3867 7719 3782 7719 3867 7720 3869 7720 3780 7720 3780 7721 3869 7721 3781 7721 3870 7722 3776 7722 3869 7722 3781 7723 3869 7723 3777 7723 3822 7724 3862 7724 3821 7724 3863 7725 3890 7725 3891 7725 3863 7726 3891 7726 3862 7726 3820 7727 3862 7727 3819 7727 3862 7728 3891 7728 3892 7728 3862 7729 3892 7729 3819 7729 3819 7730 3892 7730 3817 7730 3891 7731 3894 7731 3893 7731 3891 7732 3893 7732 3892 7732 3892 7733 3893 7733 3817 7733 3817 7734 3893 7734 3813 7734 3891 7735 3890 7735 3894 7735 3893 7736 3894 7736 3895 7736 3893 7737 3895 7737 3815 7737 3815 7738 3895 7738 3816 7738 3764 7739 3876 7739 3878 7739 3803 7740 3861 7740 3805 7740 3861 7741 3878 7741 3886 7741 3878 7742 3876 7742 3886 7742 3861 7743 3886 7743 3799 7743 3799 7744 3886 7744 3800 7744 3890 7745 3863 7745 3898 7745 3764 7746 3899 7746 3900 7746 3765 7747 3896 7747 3880 7747 3761 7748 3897 7748 3902 7748 3761 7749 3902 7749 3762 7749 3896 7750 3765 7750 3764 7750 3898 7751 3768 7751 3767 7751 3768 7752 3898 7752 3901 7752 3903 7753 3763 7753 3904 7753 3904 7754 3763 7754 3769 7754 3764 7755 3759 7755 3899 7755 3899 7756 3759 7756 3873 7756 3873 7757 3902 7757 3889 7757 3898 7758 3880 7758 3890 7758 3904 7759 3901 7759 3882 7759 3904 7760 3769 7760 3768 7760 3904 7761 3768 7761 3901 7761 3897 7762 3761 7762 3903 7762 3903 7763 3761 7763 3763 7763 3897 7764 3903 7764 3859 7764 3859 7765 3903 7765 3870 7765 3873 7766 3759 7766 3762 7766 3873 7767 3762 7767 3902 7767 3898 7768 3767 7768 3880 7768 3880 7769 3767 7769 3765 7769 3877 7770 3865 7770 3905 7770 3905 7771 3865 7771 3906 7771 3895 7772 3907 7772 3865 7772 3865 7773 3907 7773 3906 7773 3895 7774 3879 7774 3907 7774 3879 7775 3880 7775 3907 7775 3877 7776 3905 7776 3896 7776 3896 7777 3905 7777 3906 7777 3907 7778 3880 7778 3906 7778 3906 7779 3880 7779 3896 7779 3776 7780 3909 7780 3868 7780 3908 7781 3868 7781 3909 7781 3908 7782 3881 7782 3868 7782 3776 7783 3903 7783 3909 7783 3909 7784 3903 7784 3908 7784 3908 7785 3903 7785 3904 7785 3908 7786 3904 7786 3881 7786 3859 7787 3910 7787 3897 7787 3872 7788 3902 7788 3911 7788 3911 7789 3902 7789 3897 7789 3911 7790 3897 7790 3910 7790 3866 7791 3910 7791 3871 7791 3910 7792 3859 7792 3871 7792 3910 7793 3866 7793 3860 7793 3910 7794 3860 7794 3911 7794 3860 7795 3872 7795 3911 7795 3796 7796 3913 7796 3912 7796 3914 7797 3913 7797 3796 7797 3873 7798 3875 7798 3912 7798 3912 7799 3875 7799 3796 7799 3914 7800 3900 7800 3913 7800 3913 7801 3900 7801 3899 7801 3913 7802 3899 7802 3912 7802 3912 7803 3899 7803 3873 7803 3915 7804 3916 7804 3864 7804 3864 7805 3901 7805 3915 7805 3915 7806 3901 7806 3898 7806 3915 7807 3898 7807 3916 7807 3916 7808 3898 7808 3863 7808 3918 7809 3926 7809 3920 7809 3918 7810 3920 7810 3917 7810 3917 7811 3920 7811 3922 7811 3917 7812 3922 7812 3949 7812 3949 7813 3922 7813 3937 7813 3949 7814 3937 7814 3957 7814 3936 7815 3937 7815 3921 7815 3921 7816 3937 7816 3922 7816 3921 7817 3922 7817 3923 7817 3923 7818 3922 7818 3924 7818 3924 7819 3920 7819 3925 7819 3925 7820 3926 7820 3919 7820 3919 7821 3927 7821 3928 7821 3928 7822 3927 7822 3940 7822 3928 7823 3940 7823 3929 7823 3929 7824 3930 7824 3931 7824 3929 7825 3931 7825 3932 7825 3932 7826 3931 7826 3933 7826 3933 7827 3931 7827 3934 7827 3933 7828 3934 7828 3935 7828 3936 7829 3935 7829 3957 7829 3936 7830 3957 7830 3937 7830 3954 7831 3934 7831 3945 7831 3942 7832 3956 7832 3958 7832 3926 7833 3950 7833 3927 7833 3943 7834 3950 7834 3948 7834 3943 7835 3939 7835 3950 7835 3950 7836 3939 7836 3951 7836 3930 7837 3940 7837 3931 7837 3954 7838 3953 7838 3958 7838 3941 7839 3952 7839 3947 7839 3947 7840 3952 7840 3953 7840 3850 7841 3847 7841 3952 7841 3958 7842 3953 7842 3942 7842 3942 7843 3953 7843 3847 7843 3948 7844 3918 7844 3917 7844 3943 7845 3948 7845 3938 7845 3949 7846 3958 7846 3938 7846 3927 7847 3950 7847 3951 7847 3955 7848 3938 7848 3956 7848 3941 7849 3838 7849 3850 7849 3941 7850 3850 7850 3952 7850 3952 7851 3847 7851 3953 7851 3940 7852 3946 7852 3944 7852 3931 7853 3945 7853 3934 7853 3944 7854 3946 7854 3947 7854 3945 7855 3947 7855 3954 7855 3947 7856 3953 7856 3954 7856 3917 7857 3949 7857 3948 7857 3949 7858 3938 7858 3948 7858 3918 7859 3948 7859 3950 7859 3926 7860 3918 7860 3950 7860 3956 7861 3938 7861 3958 7861 3938 7862 3955 7862 3943 7862 3943 7863 3955 7863 3939 7863 3946 7864 3940 7864 3927 7864 3940 7865 3944 7865 3931 7865 3931 7866 3944 7866 3945 7866 3945 7867 3944 7867 3947 7867 3957 7868 3934 7868 3954 7868 3946 7869 3927 7869 3941 7869 3946 7870 3941 7870 3947 7870 3799 7871 3932 7871 3933 7871 3929 7872 3789 7872 3928 7872 3928 7873 3789 7873 3791 7873 3928 7874 3791 7874 3787 7874 3928 7875 3787 7875 3771 7875 3928 7876 3771 7876 3919 7876 3924 7877 3828 7877 3923 7877 3923 7878 3828 7878 3825 7878 3923 7879 3825 7879 3826 7879 3923 7880 3826 7880 3921 7880 3921 7881 3826 7881 3823 7881 3925 7882 3775 7882 3924 7882 3924 7883 3775 7883 3774 7883 3924 7884 3774 7884 3959 7884 3924 7885 3959 7885 3829 7885 3924 7886 3829 7886 3828 7886 3771 7887 3772 7887 3919 7887 3919 7888 3772 7888 3748 7888 3919 7889 3748 7889 3784 7889 3919 7890 3784 7890 3925 7890 3925 7891 3784 7891 3779 7891 3925 7892 3779 7892 3778 7892 3925 7893 3778 7893 3777 7893 3925 7894 3777 7894 3775 7894 3799 7895 3800 7895 3932 7895 3932 7896 3800 7896 3797 7896 3932 7897 3797 7897 3929 7897 3929 7898 3797 7898 3795 7898 3929 7899 3795 7899 3792 7899 3929 7900 3792 7900 3793 7900 3929 7901 3793 7901 3789 7901 3935 7902 3807 7902 3933 7902 3933 7903 3807 7903 3804 7903 3933 7904 3804 7904 3801 7904 3933 7905 3801 7905 3798 7905 3933 7906 3798 7906 3799 7906 3823 7907 3822 7907 3921 7907 3921 7908 3822 7908 3821 7908 3921 7909 3821 7909 3936 7909 3936 7910 3821 7910 3818 7910 3936 7911 3818 7911 3814 7911 3936 7912 3814 7912 3935 7912 3935 7913 3814 7913 3812 7913 3935 7914 3812 7914 3810 7914 3935 7915 3810 7915 3807 7915 3920 7916 3926 7916 3925 7916 3920 7917 3924 7917 3922 7917 3957 7918 3935 7918 3934 7918 3929 7919 3940 7919 3930 7919 3954 7920 3958 7920 3957 7920 3957 7921 3958 7921 3949 7921 3919 7922 3926 7922 3927 7922 3927 7923 3951 7923 3838 7923 3927 7924 3838 7924 3941 7924 3960 7925 3961 7925 3971 7925 3971 7926 3961 7926 3962 7926 3963 7927 3964 7927 3971 7927 3971 7928 3964 7928 3965 7928 3971 7929 3965 7929 3960 7929 3966 7930 3967 7930 3971 7930 3971 7931 3967 7931 3968 7931 3971 7932 3968 7932 3963 7932 3969 7933 3970 7933 3971 7933 3972 7934 3973 7934 3971 7934 3971 7935 3973 7935 3974 7935 3971 7936 3974 7936 3969 7936 3975 7937 3976 7937 3971 7937 3971 7938 3976 7938 3977 7938 3971 7939 3977 7939 3972 7939 3978 7940 3979 7940 3971 7940 3971 7941 3979 7941 3980 7941 3971 7942 3980 7942 3975 7942 3962 7943 3981 7943 3971 7943 3971 7944 3981 7944 3982 7944 3971 7945 3982 7945 3978 7945 3843 7946 3974 7946 3845 7946 3845 7947 3974 7947 3973 7947 3845 7948 3973 7948 3849 7948 3849 7949 3973 7949 3972 7949 3849 7950 3972 7950 3846 7950 3846 7951 3972 7951 3977 7951 3846 7952 3977 7952 3848 7952 3848 7953 3977 7953 3976 7953 3848 7954 3976 7954 3852 7954 3852 7955 3976 7955 3975 7955 3852 7956 3975 7956 3851 7956 3851 7957 3975 7957 3980 7957 3851 7958 3980 7958 3854 7958 3854 7959 3980 7959 3979 7959 3854 7960 3979 7960 3853 7960 3853 7961 3979 7961 3978 7961 3853 7962 3978 7962 3857 7962 3857 7963 3978 7963 3982 7963 3857 7964 3982 7964 3858 7964 3858 7965 3982 7965 3981 7965 3858 7966 3981 7966 3856 7966 3856 7967 3981 7967 3962 7967 3856 7968 3962 7968 3855 7968 3855 7969 3962 7969 3961 7969 3855 7970 3961 7970 3834 7970 3834 7971 3961 7971 3960 7971 3834 7972 3960 7972 3833 7972 3833 7973 3960 7973 3965 7973 3833 7974 3965 7974 3835 7974 3835 7975 3965 7975 3964 7975 3835 7976 3964 7976 3836 7976 3836 7977 3964 7977 3963 7977 3836 7978 3963 7978 3837 7978 3837 7979 3963 7979 3968 7979 3837 7980 3968 7980 3839 7980 3839 7981 3968 7981 3967 7981 3839 7982 3967 7982 3840 7982 3840 7983 3967 7983 3966 7983 3840 7984 3966 7984 3841 7984 3841 7985 3966 7985 3971 7985 3841 7986 3971 7986 3844 7986 3844 7987 3971 7987 3970 7987 3844 7988 3970 7988 3842 7988 3842 7989 3970 7989 3969 7989 3842 7990 3969 7990 3843 7990 3843 7991 3969 7991 3974 7991 4003 7992 3999 7992 3991 7992 3998 7993 3983 7993 3996 7993 3996 7994 3983 7994 4007 7994 3991 7995 3999 7995 3995 7995 3995 7996 3999 7996 3996 7996 4000 7997 4001 7997 3984 7997 3984 7998 4001 7998 3988 7998 3988 7999 4001 7999 4002 7999 3988 8000 4002 8000 4003 8000 3988 8001 4003 8001 3991 8001 3986 8002 4004 8002 3990 8002 3990 8003 4004 8003 4005 8003 3986 8004 3987 8004 4006 8004 3986 8005 4006 8005 3998 8005 3998 8006 4006 8006 3985 8006 3996 8007 4007 8007 3995 8007 3991 8008 3992 8008 4008 8008 3991 8009 4008 8009 3988 8009 3988 8010 4008 8010 4108 8010 4005 8011 4009 8011 3990 8011 3990 8012 4009 8012 4010 8012 4010 8013 4009 8013 4011 8013 4010 8014 4011 8014 3994 8014 3994 8015 4011 8015 3997 8015 3984 8016 3997 8016 4000 8016 4010 8017 4012 8017 3990 8017 3990 8018 4012 8018 3989 8018 3988 8019 4108 8019 4013 8019 3988 8020 4013 8020 3984 8020 3984 8021 4013 8021 3993 8021 3997 8022 4107 8022 4014 8022 3997 8023 4014 8023 3994 8023 3994 8024 4014 8024 4105 8024 4038 8025 4039 8025 4016 8025 4038 8026 4016 8026 4017 8026 4017 8027 4016 8027 4018 8027 4018 8028 4016 8028 4019 8028 4018 8029 4019 8029 4015 8029 4015 8030 4019 8030 4020 8030 4020 8031 4021 8031 4015 8031 4015 8032 4021 8032 4022 8032 4022 8033 4021 8033 4023 8033 4022 8034 4023 8034 4024 8034 4024 8035 4023 8035 4026 8035 4024 8036 4026 8036 4025 8036 4026 8037 4027 8037 4025 8037 4025 8038 4027 8038 4028 8038 4025 8039 4028 8039 4029 8039 4029 8040 4028 8040 4030 8040 4029 8041 4030 8041 4031 8041 4031 8042 4030 8042 4032 8042 4031 8043 4032 8043 4034 8043 4034 8044 4032 8044 4033 8044 4034 8045 4033 8045 4035 8045 4035 8046 4033 8046 4036 8046 4035 8047 4036 8047 4037 8047 4037 8048 4036 8048 4038 8048 4038 8049 4036 8049 4039 8049 4040 8050 4041 8050 3986 8050 3986 8051 4041 8051 4042 8051 3986 8052 4042 8052 4004 8052 4004 8053 4042 8053 4043 8053 4004 8054 4043 8054 4005 8054 4005 8055 4043 8055 4044 8055 4005 8056 4044 8056 4009 8056 4009 8057 4044 8057 4045 8057 4009 8058 4045 8058 4011 8058 4011 8059 4045 8059 4046 8059 4011 8060 4046 8060 3997 8060 3997 8061 4046 8061 4047 8061 3997 8062 4047 8062 4000 8062 4000 8063 4047 8063 4048 8063 4000 8064 4048 8064 4001 8064 4001 8065 4048 8065 4049 8065 4001 8066 4049 8066 4002 8066 4002 8067 4049 8067 4050 8067 4002 8068 4050 8068 4003 8068 4003 8069 4050 8069 4051 8069 4003 8070 4051 8070 3999 8070 3999 8071 4051 8071 4052 8071 3999 8072 4052 8072 3996 8072 3996 8073 4052 8073 4040 8073 4040 8074 4052 8074 4041 8074 4084 8075 4053 8075 4054 8075 4054 8076 4053 8076 4055 8076 4054 8077 4055 8077 4056 8077 4056 8078 4055 8078 4057 8078 4057 8079 4055 8079 4058 8079 4057 8080 4058 8080 4059 8080 4059 8081 4058 8081 4061 8081 4059 8082 4061 8082 4060 8082 4060 8083 4061 8083 4062 8083 4062 8084 4061 8084 4063 8084 4062 8085 4063 8085 4064 8085 4064 8086 4063 8086 4066 8086 4064 8087 4066 8087 4065 8087 4065 8088 4066 8088 4067 8088 4067 8089 4066 8089 4069 8089 4067 8090 4069 8090 4068 8090 4068 8091 4069 8091 4070 8091 4068 8092 4070 8092 4071 8092 4071 8093 4070 8093 4073 8093 4071 8094 4073 8094 4072 8094 4072 8095 4073 8095 4074 8095 4074 8096 4073 8096 4075 8096 4074 8097 4075 8097 4076 8097 4076 8098 4075 8098 4077 8098 4076 8099 4077 8099 4078 8099 4078 8100 4077 8100 4079 8100 4078 8101 4079 8101 4080 8101 4080 8102 4079 8102 4081 8102 4080 8103 4081 8103 4082 8103 4082 8104 4081 8104 4083 8104 4082 8105 4083 8105 4084 8105 4084 8106 4083 8106 4053 8106 4061 8107 4022 8107 4063 8107 4063 8108 4022 8108 4066 8108 4066 8109 4022 8109 4024 8109 4066 8110 4024 8110 4025 8110 4066 8111 4025 8111 4069 8111 4069 8112 4025 8112 4070 8112 4070 8113 4025 8113 4029 8113 4070 8114 4029 8114 4073 8114 4073 8115 4029 8115 4031 8115 4073 8116 4031 8116 4075 8116 4075 8117 4031 8117 4034 8117 4075 8118 4034 8118 4077 8118 4077 8119 4034 8119 4035 8119 4077 8120 4035 8120 4079 8120 4079 8121 4035 8121 4037 8121 4079 8122 4037 8122 4081 8122 4081 8123 4037 8123 4083 8123 4083 8124 4037 8124 4038 8124 4083 8125 4038 8125 4053 8125 4053 8126 4038 8126 4017 8126 4053 8127 4017 8127 4055 8127 4055 8128 4017 8128 4018 8128 4055 8129 4018 8129 4058 8129 4058 8130 4018 8130 4015 8130 4058 8131 4015 8131 4061 8131 4061 8132 4015 8132 4022 8132 4047 8133 4050 8133 4049 8133 4047 8134 4049 8134 4048 8134 4047 8135 4051 8135 4050 8135 4047 8136 4052 8136 4051 8136 4047 8137 4041 8137 4052 8137 4047 8138 4042 8138 4041 8138 4047 8139 4044 8139 4043 8139 4047 8140 4043 8140 4042 8140 4047 8141 4045 8141 4044 8141 4047 8142 4046 8142 4045 8142 4088 8143 4086 8143 4095 8143 4095 8144 4086 8144 4085 8144 4095 8145 4087 8145 4088 8145 4089 8146 4090 8146 4095 8146 4095 8147 4090 8147 4091 8147 4095 8148 4091 8148 4087 8148 4092 8149 4093 8149 4095 8149 4095 8150 4093 8150 4089 8150 4095 8151 4096 8151 4097 8151 4095 8152 4097 8152 4094 8152 4095 8153 4098 8153 4099 8153 4095 8154 4099 8154 4096 8154 4100 8155 4101 8155 4095 8155 4095 8156 4101 8156 4098 8156 4085 8157 4102 8157 4095 8157 4095 8158 4102 8158 4100 8158 4103 8159 4062 8159 4095 8159 4095 8160 4062 8160 4092 8160 4092 8161 4062 8161 4064 8161 4092 8162 4064 8162 4093 8162 4093 8163 4064 8163 4065 8163 4093 8164 4065 8164 4089 8164 4089 8165 4065 8165 4067 8165 4089 8166 4067 8166 4090 8166 4090 8167 4067 8167 4068 8167 4090 8168 4068 8168 4091 8168 4091 8169 4068 8169 4071 8169 4091 8170 4071 8170 4087 8170 4087 8171 4071 8171 4072 8171 4087 8172 4072 8172 4088 8172 4088 8173 4072 8173 4074 8173 4088 8174 4074 8174 4086 8174 4086 8175 4074 8175 4076 8175 4086 8176 4076 8176 4085 8176 4085 8177 4076 8177 4078 8177 4085 8178 4078 8178 4102 8178 4102 8179 4078 8179 4080 8179 4102 8180 4080 8180 4100 8180 4100 8181 4080 8181 4082 8181 4100 8182 4082 8182 4101 8182 4101 8183 4082 8183 4084 8183 4101 8184 4084 8184 4098 8184 4098 8185 4084 8185 4054 8185 4098 8186 4054 8186 4099 8186 4099 8187 4054 8187 4056 8187 4099 8188 4056 8188 4096 8188 4096 8189 4056 8189 4057 8189 4096 8190 4057 8190 4097 8190 4097 8191 4057 8191 4059 8191 4097 8192 4059 8192 4094 8192 4094 8193 4059 8193 4060 8193 4094 8194 4060 8194 4103 8194 4103 8195 4060 8195 4062 8195 3998 8196 3985 8196 3983 8196 3986 8197 3990 8197 3987 8197 3987 8198 3990 8198 3989 8198 4010 8199 3994 8199 4104 8199 4010 8200 4104 8200 4105 8200 4104 8201 3994 8201 4105 8201 4106 8202 3997 8202 3984 8202 3997 8203 4106 8203 4107 8203 4106 8204 3984 8204 4107 8204 4107 8205 3984 8205 3993 8205 4020 8206 4107 8206 4021 8206 4016 8207 4105 8207 4019 8207 4036 8208 3987 8208 4039 8208 4028 8209 3992 8209 4030 8209 4030 8210 3992 8210 3995 8210 4030 8211 3995 8211 4007 8211 4030 8212 4007 8212 4032 8212 4032 8213 4007 8213 3983 8213 4032 8214 3983 8214 4033 8214 4033 8215 3983 8215 3985 8215 4026 8216 4108 8216 4008 8216 4026 8217 4008 8217 4027 8217 4027 8218 4008 8218 3992 8218 4027 8219 3992 8219 4028 8219 4107 8220 3993 8220 4021 8220 4021 8221 3993 8221 4013 8221 4021 8222 4013 8222 4023 8222 4023 8223 4013 8223 4108 8223 4023 8224 4108 8224 4026 8224 4019 8225 4105 8225 4014 8225 4019 8226 4014 8226 4020 8226 4020 8227 4014 8227 4107 8227 3987 8228 3989 8228 4039 8228 4039 8229 3989 8229 4012 8229 4039 8230 4012 8230 4016 8230 4016 8231 4012 8231 4010 8231 4016 8232 4010 8232 4105 8232 4033 8233 3985 8233 4006 8233 4033 8234 4006 8234 4036 8234 4036 8235 4006 8235 3987 8235 3991 8236 3995 8236 3992 8236 4113 8237 4110 8237 4109 8237 4113 8238 4109 8238 4112 8238 4113 8239 4111 8239 4110 8239 4113 8240 4112 8240 4111 8240 4112 8241 4114 8241 4115 8241 4112 8242 4115 8242 4111 8242 4111 8243 4115 8243 4116 8243 4111 8244 4116 8244 4110 8244 4110 8245 4116 8245 4117 8245 4110 8246 4117 8246 4109 8246 4109 8247 4117 8247 4114 8247 4109 8248 4114 8248 4112 8248 4118 8249 4117 8249 4116 8249 4114 8250 4117 8250 4118 8250 4118 8251 4115 8251 4114 8251 4118 8252 4116 8252 4115 8252 4150 8253 4120 8253 4119 8253 4119 8254 4120 8254 4121 8254 4120 8255 4122 8255 4121 8255 4150 8256 4119 8256 4121 8256 4122 8257 4120 8257 4150 8257 4122 8258 4123 8258 4121 8258 4124 8259 4150 8259 4121 8259 4124 8260 4121 8260 4123 8260 4131 8261 4126 8261 4127 8261 4131 8262 4128 8262 4126 8262 4143 8263 4129 8263 4131 8263 4131 8264 4129 8264 4128 8264 4130 8265 4143 8265 4131 8265 4131 8266 4132 8266 4130 8266 4131 8267 4133 8267 4134 8267 4131 8268 4127 8268 4135 8268 4131 8269 4135 8269 4133 8269 4130 8270 4132 8270 4136 8270 4132 8271 4147 8271 4136 8271 4131 8272 4146 8272 4132 8272 4132 8273 4146 8273 4147 8273 4137 8274 4146 8274 4131 8274 4133 8275 4138 8275 4137 8275 4135 8276 4139 8276 4133 8276 4133 8277 4139 8277 4138 8277 4127 8278 4139 8278 4135 8278 4127 8279 4145 8279 4139 8279 4126 8280 4145 8280 4127 8280 4126 8281 4141 8281 4145 8281 4128 8282 4140 8282 4126 8282 4126 8283 4140 8283 4141 8283 4129 8284 4142 8284 4128 8284 4128 8285 4142 8285 4140 8285 4143 8286 4144 8286 4129 8286 4129 8287 4144 8287 4142 8287 4130 8288 4136 8288 4143 8288 4143 8289 4136 8289 4144 8289 4140 8290 4142 8290 4141 8290 4123 8291 4148 8291 4124 8291 4149 8292 4123 8292 4122 8292 4122 8293 4150 8293 4149 8293 4124 8294 4242 8294 4125 8294 4255 8295 4206 8295 4154 8295 4151 8296 4152 8296 4153 8296 4153 8297 4152 8297 4154 8297 4151 8298 4153 8298 4155 8298 4155 8299 4153 8299 4156 8299 4155 8300 4156 8300 4157 8300 4157 8301 4156 8301 4158 8301 4158 8302 4156 8302 4159 8302 4158 8303 4159 8303 4161 8303 4162 8304 4160 8304 4159 8304 4159 8305 4160 8305 4161 8305 4163 8306 4162 8306 4164 8306 4163 8307 4164 8307 4165 8307 4165 8308 4164 8308 4125 8308 4125 8309 4150 8309 4124 8309 4148 8310 4123 8310 4149 8310 4148 8311 4149 8311 4166 8311 4166 8312 4149 8312 4167 8312 4167 8313 4168 8313 4172 8313 4170 8314 4169 8314 4171 8314 4170 8315 4171 8315 4168 8315 4168 8316 4171 8316 4172 8316 4173 8317 4177 8317 4174 8317 4174 8318 4177 8318 4175 8318 4174 8319 4175 8319 4170 8319 4170 8320 4175 8320 4169 8320 4181 8321 4182 8321 4183 8321 4184 8322 4185 8322 4181 8322 4181 8323 4185 8323 4182 8323 4186 8324 4187 8324 4184 8324 4184 8325 4187 8325 4185 8325 4188 8326 4186 8326 4189 8326 4190 8327 4193 8327 4189 8327 4191 8328 4192 8328 4190 8328 4190 8329 4192 8329 4193 8329 4195 8330 4194 8330 4196 8330 4195 8331 4196 8331 4191 8331 4191 8332 4196 8332 4192 8332 4194 8333 4195 8333 4267 8333 4267 8334 4195 8334 4197 8334 4197 8335 4198 8335 4238 8335 4238 8336 4198 8336 4199 8336 4238 8337 4199 8337 4203 8337 4201 8338 4200 8338 4202 8338 4201 8339 4202 8339 4199 8339 4199 8340 4202 8340 4203 8340 4200 8341 4201 8341 4204 8341 4330 8342 4316 8342 4208 8342 4208 8343 4316 8343 4209 8343 4330 8344 4208 8344 4210 8344 4211 8345 4330 8345 4210 8345 4330 8346 4211 8346 4213 8346 4213 8347 4211 8347 4212 8347 4213 8348 4212 8348 4214 8348 4213 8349 4214 8349 4231 8349 4231 8350 4214 8350 4215 8350 4217 8351 4316 8351 4218 8351 4209 8352 4316 8352 4217 8352 4231 8353 4215 8353 4219 8353 4231 8354 4220 8354 4221 8354 4222 8355 4335 8355 4223 8355 4223 8356 4335 8356 4319 8356 4223 8357 4319 8357 4224 8357 4216 8358 4335 8358 4225 8358 4225 8359 4335 8359 4222 8359 4334 8360 4226 8360 4227 8360 4316 8361 4334 8361 4218 8361 4218 8362 4334 8362 4227 8362 4228 8363 4231 8363 4219 8363 4231 8364 4221 8364 4229 8364 4233 8365 4229 8365 4230 8365 4229 8366 4233 8366 4231 8366 4334 8367 4335 8367 4226 8367 4226 8368 4335 8368 4216 8368 4220 8369 4231 8369 4228 8369 4224 8370 4319 8370 4232 8370 4232 8371 4319 8371 4233 8371 4232 8372 4233 8372 4230 8372 4175 8373 4177 8373 4251 8373 4236 8374 4237 8374 4257 8374 4238 8375 4277 8375 4239 8375 4238 8376 4239 8376 4267 8376 4238 8377 4203 8377 4237 8377 4237 8378 4203 8378 4202 8378 4237 8379 4202 8379 4200 8379 4237 8380 4200 8380 4257 8380 4256 8381 4271 8381 4236 8381 4244 8382 4271 8382 4256 8382 4207 8383 4240 8383 4257 8383 4207 8384 4257 8384 4205 8384 4257 8385 4200 8385 4204 8385 4257 8386 4204 8386 4205 8386 4196 8387 4269 8387 4192 8387 4188 8388 4241 8388 4186 8388 4186 8389 4241 8389 4252 8389 4186 8390 4252 8390 4187 8390 4185 8391 4235 8391 4182 8391 4176 8392 4177 8392 4173 8392 4169 8393 4260 8393 4171 8393 4242 8394 4124 8394 4234 8394 4234 8395 4124 8395 4148 8395 4163 8396 4165 8396 4243 8396 4243 8397 4165 8397 4125 8397 4162 8398 4263 8398 4160 8398 4157 8399 4158 8399 4265 8399 4157 8400 4265 8400 4155 8400 4240 8401 4207 8401 4206 8401 4240 8402 4206 8402 4255 8402 4255 8403 4154 8403 4152 8403 4255 8404 4152 8404 4245 8404 4245 8405 4152 8405 4151 8405 4245 8406 4151 8406 4155 8406 4245 8407 4155 8407 4246 8407 4246 8408 4155 8408 4265 8408 4246 8409 4265 8409 4264 8409 4246 8410 4264 8410 4247 8410 4247 8411 4264 8411 4262 8411 4286 8412 4262 8412 4248 8412 4248 8413 4262 8413 4263 8413 4248 8414 4263 8414 4242 8414 4242 8415 4263 8415 4243 8415 4242 8416 4243 8416 4125 8416 4288 8417 4234 8417 4166 8417 4288 8418 4166 8418 4261 8418 4288 8419 4261 8419 4249 8419 4259 8420 4250 8420 4261 8420 4259 8421 4251 8421 4250 8421 4176 8422 4178 8422 4177 8422 4177 8423 4178 8423 4270 8423 4177 8424 4270 8424 4292 8424 4292 8425 4270 8425 4258 8425 4292 8426 4258 8426 4273 8426 4273 8427 4253 8427 4145 8427 4253 8428 4252 8428 4145 8428 4145 8429 4252 8429 4275 8429 4187 8430 4252 8430 4235 8430 4235 8431 4252 8431 4253 8431 4188 8432 4189 8432 4241 8432 4241 8433 4189 8433 4193 8433 4241 8434 4193 8434 4254 8434 4254 8435 4268 8435 4283 8435 4283 8436 4268 8436 4266 8436 4244 8437 4256 8437 4255 8437 4256 8438 4240 8438 4255 8438 4236 8439 4257 8439 4256 8439 4256 8440 4257 8440 4240 8440 4253 8441 4273 8441 4258 8441 4180 8442 4270 8442 4178 8442 4251 8443 4259 8443 4175 8443 4259 8444 4260 8444 4175 8444 4175 8445 4260 8445 4169 8445 4259 8446 4166 8446 4260 8446 4171 8447 4260 8447 4172 8447 4259 8448 4261 8448 4166 8448 4260 8449 4166 8449 4172 8449 4172 8450 4166 8450 4167 8450 4166 8451 4234 8451 4148 8451 4262 8452 4264 8452 4263 8452 4243 8453 4263 8453 4163 8453 4163 8454 4263 8454 4162 8454 4263 8455 4264 8455 4160 8455 4160 8456 4264 8456 4161 8456 4264 8457 4265 8457 4161 8457 4161 8458 4265 8458 4158 8458 4238 8459 4267 8459 4197 8459 4277 8460 4266 8460 4239 8460 4267 8461 4269 8461 4194 8461 4239 8462 4266 8462 4268 8462 4239 8463 4268 8463 4267 8463 4267 8464 4268 8464 4269 8464 4194 8465 4269 8465 4196 8465 4269 8466 4268 8466 4254 8466 4269 8467 4254 8467 4192 8467 4192 8468 4254 8468 4193 8468 4187 8469 4235 8469 4185 8469 4182 8470 4235 8470 4183 8470 4235 8471 4253 8471 4270 8471 4235 8472 4270 8472 4183 8472 4253 8473 4258 8473 4270 8473 4183 8474 4270 8474 4179 8474 4179 8475 4270 8475 4180 8475 4145 8476 4272 8476 4273 8476 4274 8477 4139 8477 4275 8477 4142 8478 4286 8478 4276 8478 4138 8479 4277 8479 4146 8479 4146 8480 4277 8480 4278 8480 4146 8481 4278 8481 4147 8481 4147 8482 4278 8482 4271 8482 4144 8483 4136 8483 4247 8483 4247 8484 4136 8484 4244 8484 4244 8485 4136 8485 4147 8485 4145 8486 4141 8486 4272 8486 4272 8487 4141 8487 4250 8487 4274 8488 4283 8488 4277 8488 4277 8489 4283 8489 4266 8489 4277 8490 4138 8490 4274 8490 4274 8491 4138 8491 4139 8491 4244 8492 4147 8492 4271 8492 4276 8493 4249 8493 4250 8493 4250 8494 4249 8494 4261 8494 4145 8495 4275 8495 4139 8495 4142 8496 4144 8496 4286 8496 4286 8497 4144 8497 4247 8497 4286 8498 4247 8498 4262 8498 4250 8499 4141 8499 4142 8499 4250 8500 4142 8500 4276 8500 4252 8501 4241 8501 4279 8501 4279 8502 4241 8502 4280 8502 4254 8503 4281 8503 4241 8503 4241 8504 4281 8504 4282 8504 4241 8505 4282 8505 4280 8505 4281 8506 4254 8506 4283 8506 4252 8507 4279 8507 4275 8507 4275 8508 4279 8508 4280 8508 4281 8509 4283 8509 4282 8509 4282 8510 4283 8510 4274 8510 4282 8511 4274 8511 4280 8511 4280 8512 4274 8512 4275 8512 4246 8513 4284 8513 4245 8513 4285 8514 4255 8514 4245 8514 4285 8515 4245 8515 4284 8515 4284 8516 4246 8516 4247 8516 4244 8517 4255 8517 4285 8517 4284 8518 4247 8518 4285 8518 4285 8519 4247 8519 4244 8519 4248 8520 4287 8520 4286 8520 4288 8521 4249 8521 4289 8521 4289 8522 4249 8522 4276 8522 4289 8523 4276 8523 4286 8523 4289 8524 4286 8524 4287 8524 4287 8525 4248 8525 4242 8525 4234 8526 4288 8526 4289 8526 4287 8527 4242 8527 4234 8527 4287 8528 4234 8528 4289 8528 4177 8529 4291 8529 4290 8529 4292 8530 4291 8530 4177 8530 4250 8531 4251 8531 4290 8531 4290 8532 4251 8532 4177 8532 4292 8533 4273 8533 4291 8533 4291 8534 4273 8534 4272 8534 4291 8535 4272 8535 4290 8535 4290 8536 4272 8536 4250 8536 4293 8537 4294 8537 4237 8537 4237 8538 4294 8538 4238 8538 4237 8539 4236 8539 4293 8539 4236 8540 4271 8540 4293 8540 4277 8541 4238 8541 4294 8541 4293 8542 4271 8542 4278 8542 4293 8543 4278 8543 4294 8543 4294 8544 4278 8544 4277 8544 4313 8545 4301 8545 4295 8545 4295 8546 4301 8546 4297 8546 4297 8547 4299 8547 4328 8547 4328 8548 4299 8548 4312 8548 4328 8549 4312 8549 4336 8549 4311 8550 4312 8550 4298 8550 4298 8551 4312 8551 4299 8551 4300 8552 4297 8552 4301 8552 4296 8553 4302 8553 4303 8553 4303 8554 4302 8554 4317 8554 4303 8555 4317 8555 4304 8555 4304 8556 4305 8556 4306 8556 4304 8557 4306 8557 4307 8557 4307 8558 4306 8558 4308 8558 4308 8559 4306 8559 4309 8559 4308 8560 4309 8560 4310 8560 4311 8561 4310 8561 4336 8561 4311 8562 4336 8562 4312 8562 4333 8563 4309 8563 4324 8563 4319 8564 4335 8564 4337 8564 4313 8565 4320 8565 4321 8565 4322 8566 4329 8566 4327 8566 4327 8567 4329 8567 4320 8567 4322 8568 4316 8568 4329 8568 4329 8569 4316 8569 4315 8569 4305 8570 4317 8570 4306 8570 4333 8571 4332 8571 4337 8571 4318 8572 4331 8572 4326 8572 4326 8573 4331 8573 4332 8573 4231 8574 4233 8574 4331 8574 4337 8575 4332 8575 4319 8575 4319 8576 4332 8576 4233 8576 4327 8577 4295 8577 4297 8577 4322 8578 4327 8578 4314 8578 4328 8579 4337 8579 4314 8579 4321 8580 4320 8580 4315 8580 4315 8581 4320 8581 4329 8581 4334 8582 4314 8582 4335 8582 4318 8583 4213 8583 4231 8583 4318 8584 4231 8584 4331 8584 4331 8585 4233 8585 4332 8585 4317 8586 4325 8586 4323 8586 4306 8587 4324 8587 4309 8587 4323 8588 4325 8588 4326 8588 4324 8589 4326 8589 4333 8589 4326 8590 4332 8590 4333 8590 4297 8591 4328 8591 4327 8591 4328 8592 4314 8592 4327 8592 4295 8593 4327 8593 4320 8593 4313 8594 4295 8594 4320 8594 4335 8595 4314 8595 4337 8595 4314 8596 4334 8596 4322 8596 4330 8597 4315 8597 4316 8597 4322 8598 4334 8598 4316 8598 4315 8599 4330 8599 4321 8599 4325 8600 4317 8600 4302 8600 4317 8601 4323 8601 4306 8601 4306 8602 4323 8602 4324 8602 4324 8603 4323 8603 4326 8603 4336 8604 4309 8604 4333 8604 4325 8605 4321 8605 4318 8605 4325 8606 4318 8606 4326 8606 4179 8607 4307 8607 4308 8607 4296 8608 4125 8608 4164 8608 4296 8609 4164 8609 4301 8609 4301 8610 4164 8610 4162 8610 4301 8611 4162 8611 4159 8611 4304 8612 4170 8612 4303 8612 4303 8613 4170 8613 4168 8613 4303 8614 4168 8614 4167 8614 4303 8615 4167 8615 4149 8615 4303 8616 4149 8616 4296 8616 4296 8617 4149 8617 4150 8617 4296 8618 4150 8618 4125 8618 4300 8619 4205 8619 4299 8619 4299 8620 4205 8620 4204 8620 4299 8621 4204 8621 4201 8621 4299 8622 4201 8622 4298 8622 4298 8623 4201 8623 4199 8623 4310 8624 4186 8624 4308 8624 4308 8625 4186 8625 4184 8625 4308 8626 4184 8626 4181 8626 4308 8627 4181 8627 4183 8627 4308 8628 4183 8628 4179 8628 4199 8629 4198 8629 4298 8629 4298 8630 4198 8630 4197 8630 4298 8631 4197 8631 4311 8631 4311 8632 4197 8632 4195 8632 4311 8633 4195 8633 4191 8633 4311 8634 4191 8634 4310 8634 4310 8635 4191 8635 4190 8635 4310 8636 4190 8636 4189 8636 4310 8637 4189 8637 4186 8637 4159 8638 4156 8638 4301 8638 4301 8639 4156 8639 4153 8639 4301 8640 4153 8640 4300 8640 4300 8641 4153 8641 4154 8641 4300 8642 4154 8642 4338 8642 4300 8643 4338 8643 4207 8643 4300 8644 4207 8644 4205 8644 4179 8645 4180 8645 4307 8645 4307 8646 4180 8646 4178 8646 4307 8647 4178 8647 4304 8647 4304 8648 4178 8648 4176 8648 4304 8649 4176 8649 4173 8649 4304 8650 4173 8650 4174 8650 4304 8651 4174 8651 4170 8651 4297 8652 4300 8652 4299 8652 4336 8653 4310 8653 4309 8653 4304 8654 4317 8654 4305 8654 4333 8655 4337 8655 4336 8655 4336 8656 4337 8656 4328 8656 4321 8657 4302 8657 4313 8657 4301 8658 4313 8658 4296 8658 4296 8659 4313 8659 4302 8659 4321 8660 4330 8660 4213 8660 4321 8661 4213 8661 4318 8661 4321 8662 4325 8662 4302 8662 4339 8663 4340 8663 4350 8663 4350 8664 4340 8664 4341 8664 4342 8665 4343 8665 4350 8665 4350 8666 4343 8666 4344 8666 4350 8667 4344 8667 4339 8667 4345 8668 4346 8668 4350 8668 4350 8669 4346 8669 4347 8669 4350 8670 4347 8670 4342 8670 4348 8671 4349 8671 4350 8671 4351 8672 4352 8672 4350 8672 4350 8673 4352 8673 4353 8673 4350 8674 4353 8674 4348 8674 4354 8675 4355 8675 4350 8675 4350 8676 4355 8676 4356 8676 4350 8677 4356 8677 4351 8677 4357 8678 4358 8678 4350 8678 4350 8679 4358 8679 4359 8679 4350 8680 4359 8680 4354 8680 4341 8681 4360 8681 4350 8681 4350 8682 4360 8682 4361 8682 4350 8683 4361 8683 4357 8683 4221 8684 4353 8684 4229 8684 4229 8685 4353 8685 4352 8685 4229 8686 4352 8686 4230 8686 4230 8687 4352 8687 4351 8687 4230 8688 4351 8688 4232 8688 4232 8689 4351 8689 4356 8689 4232 8690 4356 8690 4224 8690 4224 8691 4356 8691 4355 8691 4224 8692 4355 8692 4223 8692 4223 8693 4355 8693 4354 8693 4223 8694 4354 8694 4222 8694 4222 8695 4354 8695 4359 8695 4222 8696 4359 8696 4225 8696 4225 8697 4359 8697 4358 8697 4225 8698 4358 8698 4216 8698 4216 8699 4358 8699 4357 8699 4216 8700 4357 8700 4226 8700 4226 8701 4357 8701 4361 8701 4226 8702 4361 8702 4227 8702 4227 8703 4361 8703 4360 8703 4227 8704 4360 8704 4218 8704 4218 8705 4360 8705 4341 8705 4218 8706 4341 8706 4217 8706 4217 8707 4341 8707 4340 8707 4217 8708 4340 8708 4209 8708 4209 8709 4340 8709 4339 8709 4209 8710 4339 8710 4208 8710 4208 8711 4339 8711 4344 8711 4208 8712 4344 8712 4210 8712 4210 8713 4344 8713 4343 8713 4210 8714 4343 8714 4211 8714 4211 8715 4343 8715 4342 8715 4211 8716 4342 8716 4212 8716 4212 8717 4342 8717 4347 8717 4212 8718 4347 8718 4214 8718 4214 8719 4347 8719 4346 8719 4214 8720 4346 8720 4215 8720 4215 8721 4346 8721 4345 8721 4215 8722 4345 8722 4219 8722 4219 8723 4345 8723 4350 8723 4219 8724 4350 8724 4228 8724 4228 8725 4350 8725 4349 8725 4228 8726 4349 8726 4220 8726 4220 8727 4349 8727 4348 8727 4220 8728 4348 8728 4221 8728 4221 8729 4348 8729 4353 8729 4368 8730 4369 8730 4363 8730 4363 8731 4369 8731 4370 8731 4363 8732 4370 8732 4384 8732 4384 8733 4370 8733 4371 8733 4384 8734 4371 8734 4366 8734 4366 8735 4371 8735 4378 8735 4383 8736 4372 8736 4373 8736 4469 8737 4374 8737 4375 8737 4380 8738 4365 8738 4377 8738 4380 8739 4377 8739 4376 8739 4376 8740 4377 8740 4364 8740 4376 8741 4362 8741 4373 8741 4373 8742 4362 8742 4382 8742 4372 8743 4383 8743 4378 8743 4378 8744 4383 8744 4472 8744 4378 8745 4472 8745 4379 8745 4378 8746 4379 8746 4366 8746 4380 8747 4376 8747 4381 8747 4380 8748 4381 8748 4374 8748 4373 8749 4382 8749 4383 8749 4363 8750 4384 8750 4367 8750 4375 8751 4385 8751 4363 8751 4363 8752 4385 8752 4368 8752 4374 8753 4469 8753 4386 8753 4386 8754 4387 8754 4374 8754 4374 8755 4387 8755 4380 8755 4375 8756 4470 8756 4388 8756 4375 8757 4388 8757 4469 8757 4394 8758 4395 8758 4389 8758 4390 8759 4411 8759 4391 8759 4390 8760 4391 8760 4392 8760 4392 8761 4391 8761 4393 8761 4392 8762 4393 8762 4389 8762 4389 8763 4393 8763 4394 8763 4394 8764 4396 8764 4395 8764 4395 8765 4396 8765 4397 8765 4397 8766 4396 8766 4398 8766 4397 8767 4398 8767 4401 8767 4401 8768 4398 8768 4399 8768 4399 8769 4400 8769 4401 8769 4401 8770 4400 8770 4402 8770 4402 8771 4400 8771 4403 8771 4402 8772 4403 8772 4404 8772 4404 8773 4403 8773 4405 8773 4404 8774 4405 8774 4407 8774 4407 8775 4405 8775 4406 8775 4407 8776 4406 8776 4408 8776 4408 8777 4406 8777 4410 8777 4408 8778 4410 8778 4409 8778 4409 8779 4410 8779 4390 8779 4390 8780 4410 8780 4411 8780 4373 8781 4412 8781 4376 8781 4376 8782 4412 8782 4413 8782 4376 8783 4413 8783 4381 8783 4381 8784 4413 8784 4414 8784 4381 8785 4414 8785 4374 8785 4374 8786 4414 8786 4415 8786 4374 8787 4415 8787 4375 8787 4375 8788 4415 8788 4416 8788 4375 8789 4416 8789 4385 8789 4385 8790 4416 8790 4417 8790 4385 8791 4417 8791 4368 8791 4368 8792 4417 8792 4418 8792 4368 8793 4418 8793 4369 8793 4369 8794 4418 8794 4419 8794 4369 8795 4419 8795 4370 8795 4370 8796 4419 8796 4420 8796 4370 8797 4420 8797 4371 8797 4371 8798 4420 8798 4421 8798 4371 8799 4421 8799 4378 8799 4378 8800 4421 8800 4422 8800 4378 8801 4422 8801 4372 8801 4372 8802 4422 8802 4423 8802 4372 8803 4423 8803 4373 8803 4373 8804 4423 8804 4412 8804 4424 8805 4425 8805 4426 8805 4426 8806 4425 8806 4427 8806 4426 8807 4427 8807 4428 8807 4428 8808 4427 8808 4430 8808 4428 8809 4430 8809 4429 8809 4429 8810 4430 8810 4431 8810 4431 8811 4430 8811 4432 8811 4431 8812 4432 8812 4433 8812 4433 8813 4432 8813 4434 8813 4433 8814 4434 8814 4435 8814 4435 8815 4434 8815 4436 8815 4435 8816 4436 8816 4437 8816 4437 8817 4436 8817 4438 8817 4437 8818 4438 8818 4439 8818 4439 8819 4438 8819 4440 8819 4439 8820 4440 8820 4441 8820 4441 8821 4440 8821 4443 8821 4441 8822 4443 8822 4442 8822 4442 8823 4443 8823 4444 8823 4444 8824 4443 8824 4445 8824 4444 8825 4445 8825 4446 8825 4446 8826 4445 8826 4447 8826 4446 8827 4447 8827 4448 8827 4448 8828 4447 8828 4449 8828 4448 8829 4449 8829 4450 8829 4450 8830 4449 8830 4452 8830 4450 8831 4452 8831 4451 8831 4451 8832 4452 8832 4424 8832 4424 8833 4452 8833 4425 8833 4432 8834 4395 8834 4434 8834 4434 8835 4395 8835 4397 8835 4434 8836 4397 8836 4436 8836 4436 8837 4397 8837 4438 8837 4438 8838 4397 8838 4401 8838 4438 8839 4401 8839 4440 8839 4440 8840 4401 8840 4402 8840 4440 8841 4402 8841 4443 8841 4443 8842 4402 8842 4404 8842 4443 8843 4404 8843 4445 8843 4445 8844 4404 8844 4407 8844 4445 8845 4407 8845 4447 8845 4447 8846 4407 8846 4408 8846 4447 8847 4408 8847 4449 8847 4449 8848 4408 8848 4409 8848 4449 8849 4409 8849 4452 8849 4452 8850 4409 8850 4390 8850 4452 8851 4390 8851 4425 8851 4425 8852 4390 8852 4392 8852 4425 8853 4392 8853 4427 8853 4427 8854 4392 8854 4430 8854 4430 8855 4392 8855 4389 8855 4430 8856 4389 8856 4432 8856 4432 8857 4389 8857 4395 8857 4419 8858 4418 8858 4417 8858 4421 8859 4420 8859 4417 8859 4417 8860 4420 8860 4419 8860 4417 8861 4422 8861 4421 8861 4417 8862 4423 8862 4422 8862 4417 8863 4412 8863 4423 8863 4417 8864 4413 8864 4412 8864 4417 8865 4414 8865 4413 8865 4416 8866 4415 8866 4417 8866 4417 8867 4415 8867 4414 8867 4456 8868 4454 8868 4461 8868 4461 8869 4454 8869 4453 8869 4461 8870 4455 8870 4456 8870 4457 8871 4458 8871 4461 8871 4461 8872 4458 8872 4455 8872 4461 8873 4459 8873 4457 8873 4462 8874 4463 8874 4461 8874 4461 8875 4463 8875 4460 8875 4464 8876 4465 8876 4461 8876 4461 8877 4465 8877 4462 8877 4466 8878 4467 8878 4461 8878 4461 8879 4467 8879 4464 8879 4453 8880 4468 8880 4461 8880 4461 8881 4468 8881 4466 8881 4460 8882 4433 8882 4461 8882 4461 8883 4433 8883 4435 8883 4461 8884 4435 8884 4459 8884 4459 8885 4435 8885 4437 8885 4459 8886 4437 8886 4457 8886 4457 8887 4437 8887 4439 8887 4457 8888 4439 8888 4458 8888 4458 8889 4439 8889 4441 8889 4458 8890 4441 8890 4455 8890 4455 8891 4441 8891 4442 8891 4455 8892 4442 8892 4456 8892 4456 8893 4442 8893 4444 8893 4456 8894 4444 8894 4454 8894 4454 8895 4444 8895 4446 8895 4454 8896 4446 8896 4453 8896 4453 8897 4446 8897 4448 8897 4453 8898 4448 8898 4468 8898 4468 8899 4448 8899 4450 8899 4468 8900 4450 8900 4466 8900 4466 8901 4450 8901 4451 8901 4466 8902 4451 8902 4467 8902 4467 8903 4451 8903 4424 8903 4467 8904 4424 8904 4464 8904 4464 8905 4424 8905 4426 8905 4464 8906 4426 8906 4465 8906 4465 8907 4426 8907 4428 8907 4465 8908 4428 8908 4462 8908 4462 8909 4428 8909 4429 8909 4462 8910 4429 8910 4463 8910 4463 8911 4429 8911 4431 8911 4463 8912 4431 8912 4460 8912 4460 8913 4431 8913 4433 8913 4376 8914 4364 8914 4362 8914 4470 8915 4375 8915 4363 8915 4470 8916 4363 8916 4367 8916 4366 8917 4471 8917 4384 8917 4394 8918 4470 8918 4367 8918 4394 8919 4367 8919 4396 8919 4391 8920 4386 8920 4393 8920 4393 8921 4386 8921 4469 8921 4410 8922 4365 8922 4411 8922 4411 8923 4365 8923 4380 8923 4400 8924 4472 8924 4403 8924 4398 8925 4471 8925 4399 8925 4399 8926 4471 8926 4366 8926 4403 8927 4383 8927 4382 8927 4403 8928 4382 8928 4405 8928 4405 8929 4382 8929 4362 8929 4405 8930 4362 8930 4406 8930 4406 8931 4362 8931 4364 8931 4399 8932 4366 8932 4379 8932 4399 8933 4379 8933 4400 8933 4400 8934 4379 8934 4472 8934 4396 8935 4367 8935 4384 8935 4396 8936 4384 8936 4398 8936 4398 8937 4384 8937 4471 8937 4393 8938 4469 8938 4388 8938 4393 8939 4388 8939 4470 8939 4393 8940 4470 8940 4394 8940 4380 8941 4387 8941 4411 8941 4411 8942 4387 8942 4386 8942 4411 8943 4386 8943 4391 8943 4406 8944 4364 8944 4377 8944 4406 8945 4377 8945 4410 8945 4410 8946 4377 8946 4365 8946 4472 8947 4383 8947 4403 8947 4477 8948 4474 8948 4473 8948 4475 8949 4476 8949 4477 8949 4477 8950 4473 8950 4475 8950 4477 8951 4476 8951 4474 8951 4475 8952 4478 8952 4479 8952 4475 8953 4479 8953 4476 8953 4476 8954 4479 8954 4480 8954 4476 8955 4480 8955 4474 8955 4474 8956 4480 8956 4481 8956 4474 8957 4481 8957 4473 8957 4473 8958 4481 8958 4478 8958 4473 8959 4478 8959 4475 8959 4482 8960 4481 8960 4480 8960 4482 8961 4478 8961 4481 8961 4482 8962 4480 8962 4479 8962 4482 8963 4479 8963 4478 8963 4483 8964 4484 8964 4513 8964 4484 8965 4483 8965 4486 8965 4483 8966 4487 8966 4486 8966 4485 8967 4484 8967 4486 8967 4513 8968 4484 8968 4485 8968 4487 8969 4483 8969 4512 8969 4512 8970 4483 8970 4513 8970 4488 8971 4485 8971 4486 8971 4488 8972 4486 8972 4487 8972 4494 8973 4489 8973 4490 8973 4494 8974 4491 8974 4489 8974 4506 8975 4492 8975 4494 8975 4494 8976 4492 8976 4491 8976 4493 8977 4506 8977 4494 8977 4494 8978 4495 8978 4493 8978 4494 8979 4496 8979 4497 8979 4494 8980 4490 8980 4498 8980 4494 8981 4498 8981 4496 8981 4493 8982 4495 8982 4499 8982 4495 8983 4510 8983 4499 8983 4494 8984 4509 8984 4495 8984 4495 8985 4509 8985 4510 8985 4500 8986 4509 8986 4494 8986 4496 8987 4501 8987 4500 8987 4498 8988 4502 8988 4496 8988 4496 8989 4502 8989 4501 8989 4490 8990 4502 8990 4498 8990 4490 8991 4508 8991 4502 8991 4489 8992 4508 8992 4490 8992 4489 8993 4504 8993 4508 8993 4491 8994 4503 8994 4489 8994 4489 8995 4503 8995 4504 8995 4492 8996 4505 8996 4491 8996 4491 8997 4505 8997 4503 8997 4506 8998 4507 8998 4492 8998 4492 8999 4507 8999 4505 8999 4493 9000 4499 9000 4506 9000 4506 9001 4499 9001 4507 9001 4503 9002 4505 9002 4504 9002 4487 9003 4511 9003 4488 9003 4514 9004 4513 9004 4485 9004 4488 9005 4612 9005 4515 9005 4516 9006 4517 9006 4518 9006 4519 9007 4520 9007 4521 9007 4521 9008 4520 9008 4522 9008 4521 9009 4522 9009 4518 9009 4518 9010 4522 9010 4516 9010 4519 9011 4521 9011 4523 9011 4523 9012 4521 9012 4524 9012 4523 9013 4524 9013 4527 9013 4525 9014 4526 9014 4524 9014 4524 9015 4526 9015 4527 9015 4530 9016 4528 9016 4525 9016 4525 9017 4528 9017 4529 9017 4525 9018 4529 9018 4526 9018 4531 9019 4530 9019 4532 9019 4531 9020 4532 9020 4533 9020 4533 9021 4532 9021 4514 9021 4533 9022 4514 9022 4515 9022 4515 9023 4514 9023 4485 9023 4515 9024 4485 9024 4488 9024 4511 9025 4487 9025 4512 9025 4511 9026 4512 9026 4534 9026 4534 9027 4512 9027 4535 9027 4535 9028 4536 9028 4540 9028 4538 9029 4537 9029 4539 9029 4538 9030 4539 9030 4536 9030 4536 9031 4539 9031 4540 9031 4541 9032 4545 9032 4542 9032 4542 9033 4545 9033 4543 9033 4542 9034 4543 9034 4538 9034 4538 9035 4543 9035 4537 9035 4549 9036 4550 9036 4551 9036 4553 9037 4552 9037 4554 9037 4553 9038 4554 9038 4549 9038 4549 9039 4554 9039 4550 9039 4552 9040 4553 9040 4555 9040 4555 9041 4553 9041 4556 9041 4555 9042 4556 9042 4557 9042 4557 9043 4556 9043 4558 9043 4559 9044 4560 9044 4558 9044 4561 9045 4562 9045 4559 9045 4559 9046 4562 9046 4563 9046 4559 9047 4563 9047 4560 9047 4640 9048 4561 9048 4564 9048 4640 9049 4564 9049 4565 9049 4565 9050 4566 9050 4568 9050 4570 9051 4569 9051 4571 9051 4569 9052 4570 9052 4572 9052 4572 9053 4570 9053 4573 9053 4572 9054 4573 9054 4575 9054 4574 9055 4578 9055 4573 9055 4573 9056 4578 9056 4575 9056 4516 9057 4576 9057 4517 9057 4517 9058 4576 9058 4577 9058 4517 9059 4577 9059 4574 9059 4574 9060 4577 9060 4578 9060 4707 9061 4693 9061 4579 9061 4579 9062 4693 9062 4580 9062 4707 9063 4579 9063 4581 9063 4582 9064 4707 9064 4581 9064 4707 9065 4582 9065 4584 9065 4584 9066 4582 9066 4583 9066 4584 9067 4583 9067 4585 9067 4584 9068 4585 9068 4595 9068 4595 9069 4585 9069 4586 9069 4595 9070 4586 9070 4587 9070 4595 9071 4588 9071 4589 9071 4580 9072 4693 9072 4600 9072 4590 9073 4595 9073 4587 9073 4595 9074 4589 9074 4591 9074 4592 9075 4593 9075 4712 9075 4588 9076 4595 9076 4590 9076 4597 9077 4591 9077 4594 9077 4591 9078 4597 9078 4595 9078 4598 9079 4696 9079 4596 9079 4596 9080 4696 9080 4597 9080 4712 9081 4593 9081 4599 9081 4600 9082 4693 9082 4601 9082 4596 9083 4597 9083 4594 9083 4592 9084 4712 9084 4602 9084 4602 9085 4712 9085 4696 9085 4602 9086 4696 9086 4598 9086 4711 9087 4603 9087 4604 9087 4693 9088 4711 9088 4601 9088 4601 9089 4711 9089 4604 9089 4711 9090 4712 9090 4603 9090 4603 9091 4712 9091 4599 9091 4543 9092 4545 9092 4621 9092 4607 9093 4608 9093 4628 9093 4609 9094 4650 9094 4641 9094 4568 9095 4566 9095 4608 9095 4608 9096 4566 9096 4567 9096 4608 9097 4567 9097 4571 9097 4608 9098 4571 9098 4628 9098 4627 9099 4644 9099 4607 9099 4614 9100 4644 9100 4627 9100 4578 9101 4610 9101 4629 9101 4578 9102 4629 9102 4575 9102 4628 9103 4571 9103 4569 9103 4628 9104 4569 9104 4629 9104 4629 9105 4569 9105 4572 9105 4629 9106 4572 9106 4575 9106 4561 9107 4642 9107 4562 9107 4557 9108 4611 9108 4555 9108 4555 9109 4611 9109 4622 9109 4555 9110 4622 9110 4552 9110 4554 9111 4606 9111 4550 9111 4544 9112 4545 9112 4541 9112 4537 9113 4632 9113 4539 9113 4535 9114 4633 9114 4534 9114 4612 9115 4488 9115 4605 9115 4605 9116 4488 9116 4511 9116 4531 9117 4533 9117 4613 9117 4613 9118 4533 9118 4515 9118 4530 9119 4636 9119 4528 9119 4527 9120 4638 9120 4523 9120 4522 9121 4657 9121 4516 9121 4578 9122 4577 9122 4610 9122 4610 9123 4577 9123 4576 9123 4610 9124 4576 9124 4626 9124 4626 9125 4576 9125 4516 9125 4626 9126 4516 9126 4657 9126 4657 9127 4522 9127 4520 9127 4657 9128 4520 9128 4615 9128 4615 9129 4520 9129 4519 9129 4615 9130 4519 9130 4523 9130 4615 9131 4523 9131 4616 9131 4616 9132 4523 9132 4638 9132 4616 9133 4638 9133 4637 9133 4616 9134 4637 9134 4617 9134 4617 9135 4637 9135 4635 9135 4660 9136 4635 9136 4618 9136 4618 9137 4635 9137 4636 9137 4618 9138 4636 9138 4612 9138 4612 9139 4636 9139 4613 9139 4612 9140 4613 9140 4515 9140 4662 9141 4605 9141 4633 9141 4662 9142 4633 9142 4634 9142 4662 9143 4634 9143 4619 9143 4631 9144 4620 9144 4634 9144 4631 9145 4621 9145 4620 9145 4544 9146 4546 9146 4545 9146 4545 9147 4546 9147 4643 9147 4545 9148 4643 9148 4666 9148 4666 9149 4643 9149 4630 9149 4666 9150 4630 9150 4646 9150 4646 9151 4623 9151 4508 9151 4623 9152 4622 9152 4508 9152 4508 9153 4622 9153 4648 9153 4552 9154 4622 9154 4606 9154 4606 9155 4622 9155 4623 9155 4557 9156 4558 9156 4611 9156 4611 9157 4558 9157 4560 9157 4611 9158 4560 9158 4624 9158 4625 9159 4624 9159 4642 9159 4625 9160 4642 9160 4641 9160 4625 9161 4641 9161 4656 9161 4656 9162 4641 9162 4639 9162 4614 9163 4627 9163 4626 9163 4607 9164 4629 9164 4627 9164 4627 9165 4629 9165 4610 9165 4627 9166 4610 9166 4626 9166 4607 9167 4628 9167 4629 9167 4623 9168 4646 9168 4630 9168 4548 9169 4643 9169 4546 9169 4621 9170 4631 9170 4543 9170 4631 9171 4632 9171 4543 9171 4543 9172 4632 9172 4537 9172 4631 9173 4633 9173 4632 9173 4539 9174 4632 9174 4540 9174 4631 9175 4634 9175 4633 9175 4632 9176 4633 9176 4540 9176 4540 9177 4633 9177 4535 9177 4633 9178 4605 9178 4534 9178 4534 9179 4605 9179 4511 9179 4635 9180 4637 9180 4636 9180 4613 9181 4636 9181 4531 9181 4531 9182 4636 9182 4530 9182 4636 9183 4637 9183 4528 9183 4528 9184 4637 9184 4529 9184 4637 9185 4638 9185 4529 9185 4529 9186 4638 9186 4526 9186 4526 9187 4638 9187 4527 9187 4609 9188 4641 9188 4640 9188 4609 9189 4640 9189 4568 9189 4568 9190 4640 9190 4565 9190 4650 9191 4639 9191 4641 9191 4640 9192 4641 9192 4642 9192 4640 9193 4642 9193 4561 9193 4642 9194 4624 9194 4562 9194 4562 9195 4624 9195 4563 9195 4563 9196 4624 9196 4560 9196 4552 9197 4606 9197 4554 9197 4550 9198 4606 9198 4551 9198 4606 9199 4623 9199 4643 9199 4606 9200 4643 9200 4551 9200 4623 9201 4630 9201 4643 9201 4551 9202 4643 9202 4547 9202 4547 9203 4643 9203 4548 9203 4508 9204 4645 9204 4646 9204 4647 9205 4502 9205 4648 9205 4505 9206 4660 9206 4649 9206 4501 9207 4650 9207 4509 9207 4509 9208 4650 9208 4651 9208 4509 9209 4651 9209 4510 9209 4510 9210 4651 9210 4644 9210 4507 9211 4499 9211 4617 9211 4617 9212 4499 9212 4614 9212 4614 9213 4499 9213 4510 9213 4508 9214 4504 9214 4645 9214 4645 9215 4504 9215 4620 9215 4647 9216 4656 9216 4650 9216 4650 9217 4656 9217 4639 9217 4650 9218 4501 9218 4647 9218 4647 9219 4501 9219 4502 9219 4614 9220 4510 9220 4644 9220 4649 9221 4619 9221 4620 9221 4620 9222 4619 9222 4634 9222 4508 9223 4648 9223 4502 9223 4505 9224 4507 9224 4660 9224 4660 9225 4507 9225 4617 9225 4660 9226 4617 9226 4635 9226 4620 9227 4504 9227 4505 9227 4620 9228 4505 9228 4649 9228 4622 9229 4611 9229 4652 9229 4652 9230 4611 9230 4653 9230 4624 9231 4654 9231 4611 9231 4611 9232 4654 9232 4655 9232 4611 9233 4655 9233 4653 9233 4654 9234 4624 9234 4625 9234 4654 9235 4625 9235 4656 9235 4622 9236 4652 9236 4648 9236 4648 9237 4652 9237 4653 9237 4654 9238 4656 9238 4655 9238 4655 9239 4656 9239 4647 9239 4655 9240 4647 9240 4653 9240 4653 9241 4647 9241 4648 9241 4616 9242 4658 9242 4615 9242 4659 9243 4657 9243 4615 9243 4659 9244 4615 9244 4658 9244 4658 9245 4616 9245 4617 9245 4614 9246 4626 9246 4657 9246 4614 9247 4657 9247 4659 9247 4658 9248 4617 9248 4659 9248 4659 9249 4617 9249 4614 9249 4618 9250 4661 9250 4660 9250 4662 9251 4619 9251 4663 9251 4663 9252 4619 9252 4649 9252 4663 9253 4649 9253 4660 9253 4663 9254 4660 9254 4661 9254 4661 9255 4618 9255 4612 9255 4605 9256 4662 9256 4663 9256 4661 9257 4612 9257 4605 9257 4661 9258 4605 9258 4663 9258 4545 9259 4665 9259 4664 9259 4666 9260 4665 9260 4545 9260 4620 9261 4621 9261 4664 9261 4664 9262 4621 9262 4545 9262 4666 9263 4646 9263 4665 9263 4665 9264 4646 9264 4645 9264 4665 9265 4645 9265 4664 9265 4664 9266 4645 9266 4620 9266 4667 9267 4668 9267 4608 9267 4608 9268 4668 9268 4568 9268 4608 9269 4607 9269 4667 9269 4607 9270 4644 9270 4667 9270 4650 9271 4609 9271 4668 9271 4668 9272 4609 9272 4568 9272 4667 9273 4644 9273 4651 9273 4667 9274 4651 9274 4668 9274 4668 9275 4651 9275 4650 9275 4690 9276 4678 9276 4670 9276 4670 9277 4678 9277 4672 9277 4670 9278 4672 9278 4669 9278 4669 9279 4672 9279 4674 9279 4669 9280 4674 9280 4705 9280 4705 9281 4674 9281 4689 9281 4705 9282 4689 9282 4713 9282 4688 9283 4689 9283 4673 9283 4673 9284 4689 9284 4674 9284 4673 9285 4674 9285 4675 9285 4675 9286 4674 9286 4676 9286 4677 9287 4676 9287 4672 9287 4677 9288 4672 9288 4678 9288 4671 9289 4679 9289 4680 9289 4680 9290 4679 9290 4694 9290 4680 9291 4694 9291 4681 9291 4681 9292 4682 9292 4683 9292 4681 9293 4683 9293 4684 9293 4684 9294 4683 9294 4685 9294 4685 9295 4683 9295 4686 9295 4685 9296 4686 9296 4687 9296 4688 9297 4687 9297 4713 9297 4688 9298 4713 9298 4689 9298 4710 9299 4686 9299 4701 9299 4696 9300 4712 9300 4714 9300 4690 9301 4697 9301 4698 9301 4699 9302 4706 9302 4704 9302 4704 9303 4706 9303 4697 9303 4699 9304 4693 9304 4706 9304 4706 9305 4693 9305 4692 9305 4682 9306 4694 9306 4683 9306 4710 9307 4709 9307 4714 9307 4695 9308 4708 9308 4703 9308 4703 9309 4708 9309 4709 9309 4595 9310 4597 9310 4708 9310 4714 9311 4709 9311 4696 9311 4696 9312 4709 9312 4597 9312 4704 9313 4670 9313 4669 9313 4699 9314 4704 9314 4691 9314 4705 9315 4714 9315 4691 9315 4698 9316 4697 9316 4692 9316 4692 9317 4697 9317 4706 9317 4711 9318 4691 9318 4712 9318 4695 9319 4584 9319 4595 9319 4695 9320 4595 9320 4708 9320 4708 9321 4597 9321 4709 9321 4694 9322 4702 9322 4700 9322 4683 9323 4701 9323 4686 9323 4700 9324 4702 9324 4703 9324 4701 9325 4703 9325 4710 9325 4703 9326 4709 9326 4710 9326 4669 9327 4705 9327 4704 9327 4705 9328 4691 9328 4704 9328 4670 9329 4704 9329 4697 9329 4690 9330 4670 9330 4697 9330 4712 9331 4691 9331 4714 9331 4691 9332 4711 9332 4699 9332 4707 9333 4692 9333 4693 9333 4699 9334 4711 9334 4693 9334 4692 9335 4707 9335 4698 9335 4702 9336 4694 9336 4679 9336 4694 9337 4700 9337 4683 9337 4683 9338 4700 9338 4701 9338 4701 9339 4700 9339 4703 9339 4713 9340 4686 9340 4710 9340 4702 9341 4698 9341 4695 9341 4702 9342 4695 9342 4703 9342 4547 9343 4684 9343 4685 9343 4681 9344 4538 9344 4680 9344 4680 9345 4538 9345 4536 9345 4680 9346 4536 9346 4535 9346 4680 9347 4535 9347 4512 9347 4680 9348 4512 9348 4671 9348 4676 9349 4573 9349 4675 9349 4675 9350 4573 9350 4570 9350 4675 9351 4570 9351 4571 9351 4675 9352 4571 9352 4673 9352 4673 9353 4571 9353 4567 9353 4678 9354 4521 9354 4677 9354 4677 9355 4521 9355 4518 9355 4677 9356 4518 9356 4676 9356 4676 9357 4518 9357 4715 9357 4676 9358 4715 9358 4574 9358 4676 9359 4574 9359 4573 9359 4512 9360 4513 9360 4671 9360 4671 9361 4513 9361 4514 9361 4671 9362 4514 9362 4532 9362 4671 9363 4532 9363 4678 9363 4678 9364 4532 9364 4530 9364 4678 9365 4530 9365 4525 9365 4678 9366 4525 9366 4524 9366 4678 9367 4524 9367 4521 9367 4547 9368 4548 9368 4684 9368 4684 9369 4548 9369 4546 9369 4684 9370 4546 9370 4681 9370 4681 9371 4546 9371 4544 9371 4681 9372 4544 9372 4541 9372 4681 9373 4541 9373 4542 9373 4681 9374 4542 9374 4538 9374 4687 9375 4556 9375 4685 9375 4685 9376 4556 9376 4553 9376 4685 9377 4553 9377 4549 9377 4685 9378 4549 9378 4551 9378 4685 9379 4551 9379 4547 9379 4567 9380 4566 9380 4673 9380 4673 9381 4566 9381 4565 9381 4673 9382 4565 9382 4688 9382 4688 9383 4565 9383 4564 9383 4688 9384 4564 9384 4561 9384 4688 9385 4561 9385 4687 9385 4687 9386 4561 9386 4559 9386 4687 9387 4559 9387 4558 9387 4687 9388 4558 9388 4556 9388 4672 9389 4676 9389 4674 9389 4713 9390 4687 9390 4686 9390 4681 9391 4694 9391 4682 9391 4710 9392 4714 9392 4713 9392 4713 9393 4714 9393 4705 9393 4698 9394 4679 9394 4690 9394 4678 9395 4690 9395 4671 9395 4671 9396 4690 9396 4679 9396 4698 9397 4707 9397 4584 9397 4698 9398 4584 9398 4695 9398 4698 9399 4702 9399 4679 9399 4716 9400 4717 9400 4727 9400 4727 9401 4717 9401 4718 9401 4719 9402 4720 9402 4727 9402 4727 9403 4720 9403 4721 9403 4727 9404 4721 9404 4716 9404 4722 9405 4723 9405 4727 9405 4727 9406 4723 9406 4724 9406 4727 9407 4724 9407 4719 9407 4725 9408 4726 9408 4727 9408 4728 9409 4729 9409 4727 9409 4727 9410 4729 9410 4730 9410 4727 9411 4730 9411 4725 9411 4731 9412 4732 9412 4727 9412 4727 9413 4732 9413 4733 9413 4727 9414 4733 9414 4728 9414 4734 9415 4735 9415 4727 9415 4727 9416 4735 9416 4736 9416 4727 9417 4736 9417 4731 9417 4718 9418 4737 9418 4727 9418 4727 9419 4737 9419 4738 9419 4727 9420 4738 9420 4734 9420 4589 9421 4730 9421 4591 9421 4591 9422 4730 9422 4729 9422 4591 9423 4729 9423 4594 9423 4594 9424 4729 9424 4728 9424 4594 9425 4728 9425 4596 9425 4596 9426 4728 9426 4733 9426 4596 9427 4733 9427 4598 9427 4598 9428 4733 9428 4732 9428 4598 9429 4732 9429 4602 9429 4602 9430 4732 9430 4731 9430 4602 9431 4731 9431 4592 9431 4592 9432 4731 9432 4736 9432 4592 9433 4736 9433 4593 9433 4593 9434 4736 9434 4735 9434 4593 9435 4735 9435 4599 9435 4599 9436 4735 9436 4734 9436 4599 9437 4734 9437 4603 9437 4603 9438 4734 9438 4738 9438 4603 9439 4738 9439 4604 9439 4604 9440 4738 9440 4737 9440 4604 9441 4737 9441 4601 9441 4601 9442 4737 9442 4718 9442 4601 9443 4718 9443 4600 9443 4600 9444 4718 9444 4717 9444 4600 9445 4717 9445 4580 9445 4580 9446 4717 9446 4716 9446 4580 9447 4716 9447 4579 9447 4579 9448 4716 9448 4721 9448 4579 9449 4721 9449 4581 9449 4581 9450 4721 9450 4720 9450 4581 9451 4720 9451 4582 9451 4582 9452 4720 9452 4719 9452 4582 9453 4719 9453 4583 9453 4583 9454 4719 9454 4724 9454 4583 9455 4724 9455 4585 9455 4585 9456 4724 9456 4723 9456 4585 9457 4723 9457 4586 9457 4586 9458 4723 9458 4722 9458 4586 9459 4722 9459 4587 9459 4587 9460 4722 9460 4727 9460 4587 9461 4727 9461 4590 9461 4590 9462 4727 9462 4726 9462 4590 9463 4726 9463 4588 9463 4588 9464 4726 9464 4725 9464 4588 9465 4725 9465 4589 9465 4589 9466 4725 9466 4730 9466 4745 9467 4740 9467 4764 9467 4747 9468 4746 9468 4748 9468 4749 9469 4750 9469 4740 9469 4740 9470 4750 9470 4751 9470 4740 9471 4751 9471 4752 9471 4752 9472 4751 9472 4753 9472 4752 9473 4753 9473 4743 9473 4743 9474 4753 9474 4759 9474 4754 9475 4742 9475 4755 9475 4765 9476 4756 9476 4744 9476 4857 9477 4757 9477 4742 9477 4742 9478 4757 9478 4758 9478 4742 9479 4758 9479 4755 9479 4755 9480 4758 9480 4741 9480 4755 9481 4739 9481 4748 9481 4748 9482 4739 9482 4762 9482 4746 9483 4747 9483 4759 9483 4759 9484 4747 9484 4859 9484 4759 9485 4859 9485 4760 9485 4759 9486 4760 9486 4743 9486 4742 9487 4754 9487 4761 9487 4742 9488 4761 9488 4857 9488 4857 9489 4761 9489 4756 9489 4748 9490 4762 9490 4747 9490 4752 9491 4763 9491 4740 9491 4740 9492 4763 9492 4764 9492 4765 9493 4766 9493 4756 9493 4756 9494 4766 9494 4857 9494 4749 9495 4745 9495 4767 9495 4749 9496 4767 9496 4744 9496 4744 9497 4767 9497 4768 9497 4770 9498 4793 9498 4771 9498 4771 9499 4793 9499 4772 9499 4771 9500 4772 9500 4773 9500 4773 9501 4772 9501 4774 9501 4773 9502 4774 9502 4775 9502 4775 9503 4774 9503 4776 9503 4775 9504 4776 9504 4769 9504 4769 9505 4776 9505 4778 9505 4769 9506 4778 9506 4777 9506 4777 9507 4778 9507 4779 9507 4779 9508 4778 9508 4781 9508 4779 9509 4781 9509 4780 9509 4781 9510 4782 9510 4780 9510 4780 9511 4782 9511 4783 9511 4780 9512 4783 9512 4784 9512 4784 9513 4783 9513 4785 9513 4785 9514 4783 9514 4786 9514 4785 9515 4786 9515 4788 9515 4788 9516 4786 9516 4787 9516 4788 9517 4787 9517 4789 9517 4788 9518 4789 9518 4790 9518 4790 9519 4789 9519 4791 9519 4790 9520 4791 9520 4792 9520 4792 9521 4791 9521 4770 9521 4770 9522 4791 9522 4793 9522 4748 9523 4794 9523 4754 9523 4754 9524 4794 9524 4795 9524 4754 9525 4795 9525 4761 9525 4761 9526 4795 9526 4796 9526 4761 9527 4796 9527 4756 9527 4756 9528 4796 9528 4797 9528 4756 9529 4797 9529 4744 9529 4744 9530 4797 9530 4749 9530 4749 9531 4797 9531 4798 9531 4749 9532 4798 9532 4750 9532 4750 9533 4798 9533 4799 9533 4750 9534 4799 9534 4751 9534 4751 9535 4799 9535 4800 9535 4751 9536 4800 9536 4753 9536 4753 9537 4800 9537 4759 9537 4759 9538 4800 9538 4801 9538 4759 9539 4801 9539 4746 9539 4746 9540 4801 9540 4802 9540 4746 9541 4802 9541 4748 9541 4748 9542 4802 9542 4794 9542 4835 9543 4803 9543 4804 9543 4804 9544 4803 9544 4806 9544 4804 9545 4806 9545 4805 9545 4805 9546 4806 9546 4807 9546 4807 9547 4806 9547 4808 9547 4807 9548 4808 9548 4809 9548 4809 9549 4808 9549 4810 9549 4809 9550 4810 9550 4811 9550 4811 9551 4810 9551 4813 9551 4811 9552 4813 9552 4812 9552 4812 9553 4813 9553 4814 9553 4814 9554 4813 9554 4815 9554 4814 9555 4815 9555 4816 9555 4816 9556 4815 9556 4818 9556 4816 9557 4818 9557 4817 9557 4817 9558 4818 9558 4819 9558 4819 9559 4818 9559 4821 9559 4819 9560 4821 9560 4820 9560 4820 9561 4821 9561 4822 9561 4820 9562 4822 9562 4823 9562 4823 9563 4822 9563 4825 9563 4823 9564 4825 9564 4824 9564 4824 9565 4825 9565 4826 9565 4826 9566 4825 9566 4827 9566 4826 9567 4827 9567 4828 9567 4828 9568 4827 9568 4829 9568 4828 9569 4829 9569 4830 9569 4830 9570 4829 9570 4831 9570 4830 9571 4831 9571 4832 9571 4832 9572 4831 9572 4833 9572 4832 9573 4833 9573 4834 9573 4834 9574 4833 9574 4835 9574 4835 9575 4833 9575 4836 9575 4835 9576 4836 9576 4803 9576 4813 9577 4769 9577 4815 9577 4815 9578 4769 9578 4777 9578 4815 9579 4777 9579 4818 9579 4818 9580 4777 9580 4779 9580 4818 9581 4779 9581 4780 9581 4818 9582 4780 9582 4821 9582 4821 9583 4780 9583 4822 9583 4822 9584 4780 9584 4784 9584 4822 9585 4784 9585 4825 9585 4825 9586 4784 9586 4785 9586 4825 9587 4785 9587 4827 9587 4827 9588 4785 9588 4788 9588 4827 9589 4788 9589 4829 9589 4829 9590 4788 9590 4831 9590 4831 9591 4788 9591 4790 9591 4831 9592 4790 9592 4833 9592 4833 9593 4790 9593 4792 9593 4833 9594 4792 9594 4836 9594 4836 9595 4792 9595 4770 9595 4836 9596 4770 9596 4803 9596 4803 9597 4770 9597 4771 9597 4803 9598 4771 9598 4806 9598 4806 9599 4771 9599 4773 9599 4806 9600 4773 9600 4808 9600 4808 9601 4773 9601 4775 9601 4808 9602 4775 9602 4810 9602 4810 9603 4775 9603 4769 9603 4810 9604 4769 9604 4813 9604 4798 9605 4800 9605 4799 9605 4798 9606 4801 9606 4800 9606 4798 9607 4802 9607 4801 9607 4798 9608 4794 9608 4802 9608 4798 9609 4795 9609 4794 9609 4798 9610 4796 9610 4795 9610 4798 9611 4797 9611 4796 9611 4840 9612 4838 9612 4847 9612 4847 9613 4838 9613 4837 9613 4847 9614 4839 9614 4840 9614 4841 9615 4842 9615 4847 9615 4847 9616 4842 9616 4843 9616 4847 9617 4843 9617 4839 9617 4844 9618 4845 9618 4847 9618 4847 9619 4845 9619 4841 9619 4848 9620 4849 9620 4847 9620 4847 9621 4849 9621 4850 9621 4847 9622 4850 9622 4846 9622 4851 9623 4852 9623 4847 9623 4847 9624 4852 9624 4848 9624 4853 9625 4854 9625 4847 9625 4847 9626 4854 9626 4851 9626 4837 9627 4855 9627 4847 9627 4847 9628 4855 9628 4853 9628 4856 9629 4814 9629 4847 9629 4847 9630 4814 9630 4844 9630 4844 9631 4814 9631 4816 9631 4844 9632 4816 9632 4845 9632 4845 9633 4816 9633 4817 9633 4845 9634 4817 9634 4841 9634 4841 9635 4817 9635 4819 9635 4841 9636 4819 9636 4842 9636 4842 9637 4819 9637 4820 9637 4842 9638 4820 9638 4843 9638 4843 9639 4820 9639 4823 9639 4843 9640 4823 9640 4839 9640 4839 9641 4823 9641 4824 9641 4839 9642 4824 9642 4840 9642 4840 9643 4824 9643 4826 9643 4840 9644 4826 9644 4838 9644 4838 9645 4826 9645 4828 9645 4838 9646 4828 9646 4837 9646 4837 9647 4828 9647 4830 9647 4837 9648 4830 9648 4855 9648 4855 9649 4830 9649 4832 9649 4855 9650 4832 9650 4853 9650 4853 9651 4832 9651 4834 9651 4853 9652 4834 9652 4854 9652 4854 9653 4834 9653 4835 9653 4854 9654 4835 9654 4851 9654 4851 9655 4835 9655 4804 9655 4851 9656 4804 9656 4852 9656 4852 9657 4804 9657 4805 9657 4852 9658 4805 9658 4848 9658 4848 9659 4805 9659 4807 9659 4848 9660 4807 9660 4849 9660 4849 9661 4807 9661 4809 9661 4849 9662 4809 9662 4850 9662 4850 9663 4809 9663 4811 9663 4850 9664 4811 9664 4846 9664 4846 9665 4811 9665 4812 9665 4846 9666 4812 9666 4856 9666 4856 9667 4812 9667 4814 9667 4739 9668 4755 9668 4741 9668 4765 9669 4744 9669 4858 9669 4765 9670 4858 9670 4768 9670 4858 9671 4744 9671 4768 9671 4745 9672 4749 9672 4740 9672 4763 9673 4752 9673 4743 9673 4781 9674 4763 9674 4743 9674 4859 9675 4747 9675 4783 9675 4783 9676 4747 9676 4762 9676 4783 9677 4762 9677 4786 9677 4786 9678 4762 9678 4739 9678 4786 9679 4739 9679 4787 9679 4787 9680 4739 9680 4741 9680 4781 9681 4743 9681 4760 9681 4781 9682 4760 9682 4782 9682 4782 9683 4760 9683 4783 9683 4783 9684 4760 9684 4859 9684 4776 9685 4745 9685 4764 9685 4776 9686 4764 9686 4778 9686 4778 9687 4764 9687 4763 9687 4778 9688 4763 9688 4781 9688 4772 9689 4768 9689 4774 9689 4774 9690 4768 9690 4767 9690 4774 9691 4767 9691 4776 9691 4776 9692 4767 9692 4745 9692 4857 9693 4766 9693 4791 9693 4791 9694 4766 9694 4793 9694 4793 9695 4766 9695 4765 9695 4793 9696 4765 9696 4772 9696 4772 9697 4765 9697 4768 9697 4787 9698 4741 9698 4758 9698 4787 9699 4758 9699 4789 9699 4789 9700 4758 9700 4757 9700 4789 9701 4757 9701 4791 9701 4791 9702 4757 9702 4857 9702 4866 9703 4861 9703 4862 9703 4863 9704 4861 9704 4860 9704 4864 9705 4867 9705 4862 9705 4867 9706 4866 9706 4862 9706 4860 9707 4869 9707 4863 9707 4861 9708 4863 9708 4862 9708 4865 9709 4869 9709 4860 9709 4870 9710 4866 9710 4867 9710 4864 9711 4865 9711 4871 9711 4871 9712 4865 9712 4860 9712 4871 9713 4860 9713 4868 9713 4868 9714 4860 9714 4861 9714 4868 9715 4861 9715 4873 9715 4873 9716 4861 9716 4866 9716 4873 9717 4866 9717 4870 9717 4869 9718 4864 9718 4862 9718 4869 9719 4862 9719 4863 9719 4869 9720 4865 9720 4864 9720 4871 9721 4891 9721 4864 9721 4864 9722 4891 9722 4882 9722 4864 9723 4882 9723 4867 9723 4868 9724 4893 9724 4871 9724 4869 9725 4872 9725 4863 9725 4863 9726 4872 9726 4869 9726 4870 9727 4867 9727 4882 9727 4872 9728 4875 9728 4876 9728 4872 9729 4874 9729 4877 9729 4872 9730 4876 9730 4878 9730 4872 9731 4877 9731 4879 9731 4872 9732 4878 9732 4880 9732 4872 9733 4879 9733 4875 9733 4872 9734 4880 9734 4874 9734 4873 9735 4889 9735 4868 9735 4890 9736 4891 9736 4871 9736 4868 9737 4881 9737 4893 9737 4870 9738 4889 9738 4873 9738 4871 9739 4893 9739 4890 9739 4883 9740 4879 9740 4877 9740 4883 9741 4877 9741 4884 9741 4884 9742 4877 9742 4874 9742 4884 9743 4874 9743 4885 9743 4885 9744 4874 9744 4880 9744 4885 9745 4880 9745 4886 9745 4886 9746 4880 9746 4878 9746 4886 9747 4878 9747 4887 9747 4887 9748 4878 9748 4876 9748 4887 9749 4876 9749 4888 9749 4888 9750 4876 9750 4875 9750 4888 9751 4875 9751 4879 9751 4888 9752 4879 9752 4883 9752 4870 9753 4892 9753 4889 9753 4881 9754 4868 9754 4889 9754 4892 9755 4870 9755 4882 9755 4893 9756 4881 9756 4889 9756 4892 9757 4893 9757 4889 9757 4890 9758 4893 9758 4891 9758 4899 9759 4898 9759 4895 9759 3663 9760 4899 9760 4894 9760 4894 9761 4899 9761 4895 9761 4894 9762 4895 9762 4896 9762 4895 9763 4898 9763 4896 9763 4896 9764 4898 9764 4897 9764 4897 9765 4898 9765 4899 9765 4899 9766 3663 9766 4897 9766 4896 9767 3663 9767 4894 9767 3663 9768 4896 9768 4897 9768 4901 9769 4944 9769 4900 9769 4902 9770 4903 9770 4905 9770 4902 9771 4905 9771 4908 9771 4912 9772 4906 9772 4905 9772 4904 9773 4903 9773 4910 9773 4904 9774 4910 9774 4911 9774 4908 9775 4905 9775 4906 9775 4906 9776 4907 9776 4908 9776 4902 9777 4909 9777 4903 9777 4903 9778 4909 9778 4910 9778 4911 9779 4907 9779 4906 9779 4904 9780 4916 9780 4903 9780 4903 9781 4916 9781 4905 9781 4906 9782 4904 9782 4911 9782 4902 9783 4908 9783 4917 9783 4917 9784 4908 9784 4907 9784 4917 9785 4907 9785 4913 9785 4913 9786 4907 9786 4911 9786 4913 9787 4911 9787 4914 9787 4914 9788 4911 9788 4910 9788 4914 9789 4910 9789 4915 9789 4915 9790 4910 9790 4909 9790 4915 9791 4909 9791 4902 9791 4912 9792 4905 9792 4916 9792 4912 9793 4904 9793 4906 9793 4913 9794 4927 9794 4917 9794 4904 9795 4918 9795 4916 9795 4916 9796 4918 9796 4912 9796 4912 9797 4918 9797 4904 9797 4918 9798 4924 9798 4921 9798 4918 9799 4919 9799 4920 9799 4918 9800 4920 9800 4923 9800 4918 9801 4921 9801 4922 9801 4918 9802 4923 9802 4924 9802 4918 9803 4922 9803 4925 9803 4918 9804 4925 9804 4919 9804 4902 9805 4926 9805 4915 9805 4915 9806 4934 9806 4914 9806 4913 9807 4914 9807 4936 9807 4917 9808 4926 9808 4902 9808 4913 9809 4937 9809 4927 9809 4932 9810 4923 9810 4928 9810 4928 9811 4923 9811 4920 9811 4928 9812 4920 9812 4929 9812 4929 9813 4920 9813 4919 9813 4929 9814 4919 9814 4930 9814 4930 9815 4919 9815 4925 9815 4930 9816 4925 9816 4940 9816 4940 9817 4925 9817 4922 9817 4940 9818 4922 9818 4931 9818 4931 9819 4922 9819 4942 9819 4942 9820 4922 9820 4921 9820 4942 9821 4921 9821 4924 9821 4942 9822 4924 9822 4932 9822 4932 9823 4924 9823 4923 9823 4926 9824 4901 9824 4933 9824 4926 9825 4933 9825 4935 9825 4935 9826 4915 9826 4926 9826 4935 9827 4941 9827 4934 9827 4934 9828 4915 9828 4935 9828 4934 9829 4936 9829 4914 9829 4937 9830 4913 9830 4936 9830 4934 9831 4941 9831 4936 9831 4927 9832 4939 9832 4938 9832 4938 9833 4917 9833 4927 9833 4927 9834 4937 9834 4939 9834 4926 9835 4938 9835 4901 9835 4938 9836 4926 9836 4917 9836 4930 9837 4940 9837 4929 9837 4928 9838 4929 9838 4932 9838 4941 9839 4935 9839 4933 9839 4900 9840 4941 9840 4933 9840 4900 9841 4933 9841 4901 9841 4939 9842 4901 9842 4938 9842 4936 9843 4941 9843 4937 9843 4943 9844 4901 9844 4944 9844 4040 9845 4949 9845 4945 9845 4945 9846 4949 9846 4950 9846 4945 9847 4950 9847 4946 9847 4946 9848 4950 9848 4947 9848 4947 9849 4950 9849 4949 9849 4947 9850 4949 9850 4948 9850 4948 9851 4949 9851 4040 9851 4946 9852 4040 9852 4945 9852 4040 9853 4946 9853 4947 9853 4947 9854 4948 9854 4040 9854 4952 9855 4994 9855 4951 9855 4953 9856 4954 9856 4956 9856 4953 9857 4956 9857 4959 9857 4955 9858 4954 9858 4961 9858 4955 9859 4961 9859 4962 9859 4963 9860 4957 9860 4956 9860 4959 9861 4956 9861 4957 9861 4957 9862 4958 9862 4959 9862 4953 9863 4960 9863 4954 9863 4954 9864 4960 9864 4961 9864 4962 9865 4958 9865 4957 9865 4955 9866 4967 9866 4954 9866 4954 9867 4967 9867 4956 9867 4957 9868 4955 9868 4962 9868 4953 9869 4959 9869 4968 9869 4968 9870 4959 9870 4958 9870 4968 9871 4958 9871 4964 9871 4964 9872 4958 9872 4962 9872 4964 9873 4962 9873 4965 9873 4965 9874 4962 9874 4961 9874 4965 9875 4961 9875 4966 9875 4966 9876 4961 9876 4960 9876 4966 9877 4960 9877 4953 9877 4963 9878 4956 9878 4967 9878 4963 9879 4955 9879 4957 9879 4964 9880 4978 9880 4968 9880 4955 9881 4969 9881 4967 9881 4967 9882 4969 9882 4963 9882 4963 9883 4969 9883 4955 9883 4969 9884 4970 9884 4974 9884 4969 9885 4971 9885 4972 9885 4969 9886 4972 9886 4973 9886 4969 9887 4974 9887 4975 9887 4969 9888 4975 9888 4971 9888 4969 9889 4973 9889 4976 9889 4969 9890 4976 9890 4970 9890 4953 9891 4977 9891 4966 9891 4966 9892 4985 9892 4965 9892 4964 9893 4965 9893 4987 9893 4964 9894 4988 9894 4978 9894 4968 9895 4977 9895 4953 9895 4979 9896 4975 9896 4980 9896 4980 9897 4975 9897 4974 9897 4980 9898 4974 9898 4970 9898 4980 9899 4970 9899 4981 9899 4981 9900 4970 9900 4976 9900 4981 9901 4976 9901 4982 9901 4982 9902 4976 9902 4973 9902 4982 9903 4973 9903 4993 9903 4993 9904 4973 9904 4972 9904 4993 9905 4972 9905 4983 9905 4983 9906 4972 9906 4971 9906 4983 9907 4971 9907 4979 9907 4979 9908 4971 9908 4975 9908 4977 9909 4952 9909 4984 9909 4977 9910 4984 9910 4986 9910 4986 9911 4966 9911 4977 9911 4986 9912 4991 9912 4985 9912 4985 9913 4966 9913 4986 9913 4985 9914 4987 9914 4965 9914 4988 9915 4964 9915 4987 9915 4985 9916 4991 9916 4987 9916 4978 9917 4990 9917 4989 9917 4989 9918 4968 9918 4978 9918 4978 9919 4988 9919 4990 9919 4977 9920 4989 9920 4952 9920 4989 9921 4977 9921 4968 9921 4981 9922 4982 9922 4980 9922 4991 9923 4986 9923 4984 9923 4951 9924 4991 9924 4984 9924 4951 9925 4984 9925 4952 9925 4990 9926 4952 9926 4989 9926 4987 9927 4991 9927 4988 9927 4992 9928 4952 9928 4994 9928 4995 9929 4997 9929 4996 9929 4373 9930 4996 9930 4997 9930 4996 9931 4373 9931 4995 9931 4995 9932 4373 9932 4997 9932 5009 9933 4998 9933 4999 9933 5000 9934 4999 9934 4998 9934 5000 9935 5003 9935 5002 9935 4999 9936 5000 9936 5002 9936 4998 9937 5009 9937 5004 9937 5001 9938 5005 9938 5003 9938 5003 9939 5005 9939 5002 9939 5001 9940 5006 9940 5004 9940 5004 9941 5006 9941 4998 9941 5003 9942 5006 9942 5001 9942 4999 9943 5002 9943 5007 9943 5007 9944 5002 9944 5005 9944 5007 9945 5005 9945 5008 9945 5008 9946 5005 9946 5001 9946 5008 9947 5001 9947 5027 9947 5027 9948 5001 9948 5004 9948 5027 9949 5004 9949 5009 9949 5006 9950 5000 9950 4998 9950 5000 9951 5006 9951 5003 9951 5006 9952 5016 9952 5012 9952 5006 9953 5010 9953 5011 9953 5006 9954 5012 9954 5013 9954 5011 9955 5015 9955 5006 9955 5006 9956 5013 9956 5014 9956 5006 9957 5015 9957 5016 9957 5006 9958 5014 9958 5010 9958 5017 9959 5027 9959 5009 9959 4999 9960 5026 9960 5009 9960 5008 9961 5027 9961 5028 9961 5025 9962 5026 9962 4999 9962 5008 9963 5029 9963 5007 9963 5007 9964 5025 9964 4999 9964 5018 9965 5015 9965 5019 9965 5019 9966 5015 9966 5011 9966 5019 9967 5011 9967 5020 9967 5020 9968 5011 9968 5010 9968 5020 9969 5010 9969 5031 9969 5031 9970 5010 9970 5014 9970 5031 9971 5014 9971 5021 9971 5021 9972 5014 9972 5013 9972 5021 9973 5013 9973 5022 9973 5022 9974 5013 9974 5012 9974 5022 9975 5012 9975 5023 9975 5023 9976 5012 9976 5016 9976 5023 9977 5016 9977 5024 9977 5024 9978 5016 9978 5015 9978 5024 9979 5015 9979 5018 9979 5025 9980 5032 9980 5026 9980 5017 9981 5009 9981 5026 9981 5017 9982 5032 9982 5027 9982 5027 9983 5032 9983 5028 9983 5029 9984 5008 9984 5028 9984 5030 9985 5007 9985 5029 9985 5025 9986 5030 9986 5032 9986 5030 9987 5025 9987 5007 9987 5018 9988 5019 9988 5024 9988 5023 9989 5024 9989 5022 9989 5021 9990 5022 9990 5031 9990 5032 9991 5017 9991 5026 9991 5028 9992 5032 9992 5029 9992 4748 9993 5033 9993 5034 9993 5036 9994 5033 9994 4748 9994 5035 9995 5034 9995 5033 9995 5035 9996 5033 9996 5036 9996 5035 9997 4748 9997 5034 9997 5035 9998 5036 9998 4748 9998</p>
                </triangles>
            </mesh>
        </geometry>
    </library_geometries>
    <library_visual_scenes>
        <visual_scene id="VisualSceneNode" name="VisualScene">
            <node id="node" name="node">
                <instance_geometry url="#shape0-lib"/>
            </node>
        </visual_scene>
    </library_visual_scenes>
    <scene>
        <instance_visual_scene url="#VisualSceneNode"/>
    </scene>
</COLLADA>
